id,name,servings,calories_per_serving,protein_per_serving,carbs_per_serving,fat_per_serving,fiber_per_serving,iron_per_serving,isVegetarian,ingredients_count,grams_per_serving,unmatched_ingredients,approximated_ingredients
aloo_puri,Aloo Puri,2,514.2,14.6,107.8,1.4,7.2,3.64,true,9,321,,
masala_dosa,Masala Dosa,4,804.3,26.1,160.7,10.2,15.8,11.44,true,18,395,,
ragi_dosa,Ragi Dosa,1,797.3,20.9,163.7,4.3,23.3,13.38,true,11,409,,
moong_dal_dosa,Moong Dal Dosa,1,96.7,2.2,20.1,0.6,1.5,1.57,true,4,218,,
handvo,Handvo,2,546.2,23.5,99.2,8.9,15.1,9.24,true,21,410,,
masala_rice_pulao,Masala Rice Pulao,2,631.2,17.6,128.2,9.9,16.3,10.58,true,19,412,,
sabudana_khichdi,Sabudana Khichdi,1,114.7,3.9,18.5,27.0,5.7,3.22,true,12,592,,
rice_bath,Rice Bath,3,456.3,15.3,73.8,16.6,26.5,10.45,true,26,392,,
how_to_make_soft_idli,How To Make Soft Idli,2,811.4,29.8,160.8,3.1,14.8,10.69,true,3,278,,
semiya_upma,Semiya Upma,1,710.3,25.7,110.6,41.0,26.2,10.52,true,21,540,,
mushroom_pepper_fry,Mushroom Pepper Fry,1,209.7,16.2,21.9,31.1,19.7,5.98,true,12,482,,
aloo_tikki,Aloo Tikki,1,264.2,8.1,51.4,1.9,10.8,6.69,true,12,476,,
badam_puri,Badam Puri,7,856.1,25.8,28.1,76.8,17.2,6.36,true,11,232,,
veg_kadai,Veg Kadai,6,461.6,32.5,29.6,29.4,12.1,5.38,true,27,384,,
malpua,Malpua,2,416.1,13.2,71.1,8.2,3.9,1.99,true,9,311,,
bhindi_masala,Bhindi Masala,3,87.8,5.9,11.9,3.9,10.4,3.75,true,17,347,,
aloo_methi_paratha,Aloo Methi Paratha,2,444.6,13.0,92.5,5.7,6.1,3.92,true,12,319,,
cocktail_samosa,Cocktail Samosa,1,562.7,18.5,113.6,27.5,14.6,7.03,true,14,560,,
kashmiri_pulao,Kashmiri Pulao,2,568.9,15.4,88.7,28.6,10.2,9.6,true,16,240,,
eggless_chocolate_cake,Eggless Chocolate Cake,3,336.2,12.2,55.3,10.0,1.4,1.09,true,11,354,,
brownie,Brownie,2,616.0,13.0,83.3,27.3,1.2,0.92,true,9,285,,
roti_pizza,Roti Pizza,1,0.0,0.0,0.0,0.0,0.0,0.0,true,1,0,,
mango_shrikhand,Mango Shrikhand,2,119.4,3.6,9.3,7.3,3.6,0.9,true,8,364,,
eggless_omelette,Eggless Omelette,1,464.5,27.3,71.5,6.2,21.4,10.64,true,9,292,,
goli_idli,Goli Idli,1,625.0,16.4,126.2,15.2,11.5,9.92,true,14,272,,
bun_dosa,Bun Dosa,3,837.5,15.6,125.6,33.6,13.0,8.74,true,9,254,,
peanut_rice,Peanut Rice,4,688.4,16.3,128.9,16.7,11.8,9.51,true,17,262,,
rava_uttapam,Rava Uttapam,2,432.8,16.0,85.4,1.6,18.2,6.51,true,11,329,,
mayonnaise_pasta,Mayonnaise Pasta,2,471.3,10.0,50.3,29.4,2.9,1.06,true,12,219,,
pudina_rice,Pudina Rice,3,352.2,12.6,63.2,16.8,16.3,9.12,true,24,358,,
mayonnaise_sandwich,Mayonnaise Sandwich,2,493.9,4.4,9.0,48.6,6.8,2.49,true,12,304,,
puliyogare,Puliyogare,2,537.5,21.8,55.8,27.9,44.6,13.64,true,18,296,,
jowar_pancake,Jowar Pancake,1,579.8,20.5,113.2,3.1,23.7,10.16,true,15,590,,
ragi_roti,Ragi Roti,2,627.6,15.3,111.1,11.9,25.8,10.77,true,12,349,,
upma,Upma,1,725.3,27.0,123.8,40.6,23.8,10.38,true,17,542,,
ragi_chilla,Ragi Chilla,1,681.6,27.7,120.8,7.5,32.1,13.56,true,13,564,,
idli_sambar,Idli Sambar,5,357.7,25.0,52.2,11.4,24.1,11.86,true,21,375,,
poha,Poha,2,767.6,17.5,161.6,16.1,11.7,12.06,true,15,420,,
instant_dosa,Instant Dosa,1,615.0,20.5,126.5,1.4,16.0,5.14,true,6,395,,
thalipeeth,Thalipeeth,1,788.7,28.0,148.8,6.7,27.8,14.91,true,16,429,,
rava_pongal,Rava Pongal,1,729.5,25.1,122.1,16.2,19.4,8.65,true,12,351,,
masala_paniyaram,Masala Paniyaram,2,392.4,12.6,60.4,23.0,14.4,5.13,true,18,322,,
neer_dosa,Neer Dosa,2,477.2,8.2,62.9,21.1,7.8,4.5,true,4,130,,
kulcha,Kulcha,3,446.3,13.3,92.7,9.8,7.0,3.98,true,18,350,,
thatte_idli,Thatte Idli,3,680.1,22.8,137.4,2.5,11.2,8.88,true,3,231,,
jowar_chilla,Jowar Chilla,1,505.5,17.0,99.8,2.7,19.5,7.88,true,13,402,,
set_dosa,Set Dosa,3,641.8,17.8,134.1,2.2,8.6,8.28,true,5,217,,
chocolate_pancake,Chocolate Pancake,1,663.6,24.0,109.8,19.4,2.8,2.17,true,9,485,,
lemon_rice,Lemon Rice,3,683.2,19.3,134.5,22.6,14.8,12.1,true,16,317,,
akki_roti,Akki Roti,1,792.7,21.0,163.3,3.9,17.2,15.35,true,8,430,,
sabudana_idli,Sabudana Idli,2,297.5,11.5,56.5,14.7,10.3,3.8,true,12,302,,
tomato_sevai,Tomato Sevai,2,557.5,18.2,100.0,20.6,18.2,6.43,true,18,342,,
shavige_uppittu,Shavige Uppittu,2,759.2,18.7,131.7,28.4,18.1,11.72,true,20,460,,
medu_vada,Medu Vada,1,630.1,40.1,102.6,4.0,23.2,10.99,true,8,275,,
rava_dosa,Rava Dosa,1,589.3,19.2,118.0,2.7,17.8,10.3,true,12,350,,
banana_bread,Banana Bread,2,624.7,14.3,91.9,21.5,6.6,2.89,true,11,394,,
dal_paratha,Dal Paratha,3,677.2,26.4,130.3,4.1,12.6,6.46,true,9,242,,
masala_khichdi,Masala Khichdi,3,353.2,15.6,64.9,10.6,16.4,6.94,true,22,360,,
aloo_cheela,Aloo Cheela,2,243.6,8.7,46.0,2.1,7.8,3.74,true,11,336,,tsb pcarrot
banana_buns,Banana Buns,2,471.4,14.2,97.9,1.5,5.5,2.88,true,7,305,,
moong_dal_idli,Moong Dal Idli,2,303.6,11.1,57.9,14.9,11.0,4.38,true,16,378,,
gobi_paratha,Gobi Paratha,1,751.1,23.7,154.8,2.3,9.4,6.32,true,10,330,,
pudla,Pudla,1,704.9,47.8,83.7,18.1,28.3,13.42,true,13,464,,
aloo_cheese_toast_sandwich,Aloo Cheese Toast Sandwich,2,184.6,6.6,33.0,14.9,9.8,8.43,true,15,315,,
suji_pasta,Suji Pasta,1,587.1,22.1,116.4,31.5,21.3,7.95,true,14,458,,
curd_dosa,Curd Dosa,2,540.9,14.8,114.1,1.5,10.4,5.85,true,5,305,,
chia_pudding,Chia Pudding,1,519.1,10.1,98.1,8.6,10.3,5.43,true,8,458,,
ven_pongal,Ven Pongal,1,479.7,13.0,74.3,115.8,6.6,6.98,true,11,375,,
banana_dosa,Banana Dosa,2,567.9,14.2,121.3,1.5,11.0,6.07,true,9,349,,
tomato_dosa,Tomato Dosa,1,675.4,19.6,138.2,3.0,16.1,9.77,true,8,415,,
dill_pulao,Dill Pulao,3,680.5,15.4,125.9,19.6,12.0,9.51,true,18,307,,
wheat_rava_upma,Wheat Rava Upma,4,802.2,26.4,60.4,53.1,8.7,8.5,true,21,274,,bensi rava
pizza_sandwich,Pizza Sandwich,1,310.7,8.4,12.2,25.0,3.8,1.67,true,11,295,,
namkeen_seviyan,Namkeen Seviyan,1,708.3,26.0,109.8,24.5,28.5,11.98,true,22,544,,
adai_dosa,Adai Dosa,3,657.5,34.8,110.7,6.2,27.4,11.86,true,15,330,,
lauki_thalipeeth,Lauki Thalipeeth,2,428.2,11.9,87.1,2.5,8.9,7.52,true,12,369,,
pesarattu,Pesarattu,1,206.0,9.0,35.2,2.7,8.1,4.13,true,7,300,,
rava_idli,Rava Idli,4,765.7,25.3,55.3,55.3,9.0,8.21,true,15,256,,
indori_poha,Indori Poha,2,722.5,16.9,133.9,24.6,12.3,10.96,true,22,324,,
masala_oats,Masala Oats,3,206.1,10.0,33.3,10.9,23.6,9.23,true,23,356,,
tomato_oats,Tomato Oats,2,54.1,3.7,6.9,13.6,6.2,3.6,true,15,333,,
ragi_idli,Ragi Idli,2,634.0,19.5,114.2,22.2,20.3,8.59,true,17,390,,
red_chutney_for_mysore_masala_dosa,Red Chutney For Mysore Masala Dosa,1,192.8,11.8,26.6,11.8,17.6,6.51,true,7,196,,
chilli_cheese_sandwich,Chilli Cheese Sandwich,1,45.0,3.0,6.6,0.4,3.5,1.88,true,5,115,,
nylon_khaman_dhokla,Nylon Khaman Dhokla,1,891.2,48.8,101.7,54.9,39.3,16.17,true,13,459,,
bisi_bele_bath,Bisi Bele Bath,4,705.9,31.4,96.3,26.6,51.7,17.2,true,32,435,,
multigrain_dosa,Multigrain Dosa,5,794.9,31.3,153.6,4.0,17.2,12.26,true,7,276,,
puttu,Puttu,2,756.8,15.2,80.9,41.1,12.9,3.8,true,4,195,,
instant_wheat_dosa,Instant Wheat Dosa,1,609.5,17.0,124.4,3.0,15.1,10.81,true,9,405,,
ottu_shavige,Ottu Shavige,1,722.2,15.2,156.6,6.6,7.1,9.1,true,4,245,,
masale_bhat,Masale Bhat,3,438.6,12.8,67.1,29.0,18.6,8.06,true,25,402,,
dosa,Dosa,4,718.9,23.2,145.4,3.0,12.1,9.54,true,6,244,,
instant_idli,Instant Idli,1,804.8,20.4,171.3,2.3,13.1,9.17,true,6,515,,
apple_pancakes,Apple Pancakes,1,791.7,22.8,160.7,4.6,6.7,3.79,true,11,410,,
roti_wrap,Roti Wrap,1,0.0,0.0,0.0,0.0,0.0,0.0,true,12,0,,
banana_pancake,Banana Pancake,2,481.1,14.1,80.3,10.8,3.1,1.77,true,9,362,,
besan_chilla,Besan Chilla,2,523.0,32.7,63.2,14.3,17.8,7.46,true,12,361,,
palak_chilla,Palak Chilla,1,659.5,34.6,108.7,7.5,30.8,14.48,true,16,539,,
ragi_java,Ragi Java,1,415.1,11.4,82.3,3.1,18.6,9.43,true,8,496,,
poha_dosa,Poha Dosa,2,540.9,14.8,114.1,1.5,10.4,5.85,true,6,305,,
idli,Idli,2,476.5,16.5,95.5,1.8,8.3,6.26,true,6,165,,
aloo_paratha,Aloo Paratha,3,391.5,11.2,80.3,5.9,12.4,4.39,true,9,384,,
rava_idli_easy_and_no_fermentation,Rava Idli (Easy And No Fermentation),6,761.2,28.7,49.1,53.5,19.3,13.69,true,16,278,,
oats_dosa,Oats Dosa,1,500.9,12.5,53.4,25.7,17.2,7.95,true,13,438,,
appam,Appam,2,687.6,12.6,108.3,21.8,9.6,7.15,true,7,214,,
aloo_kulcha,Aloo Kulcha,2,515.1,13.7,94.5,8.0,10.8,4.57,true,13,352,,oil - i used oil
methi_paratha,Methi Paratha,1,710.8,26.9,136.6,12.6,29.8,15.5,true,8,415,,
chole_bhature,Chole Bhature,3,731.9,30.1,130.1,29.5,27.6,14.74,true,25,457,,sooji finer textured
poori_masala,Poori Masala,6,816.4,27.0,44.8,62.8,9.0,10.03,true,18,288,,
misal_pav,Misal Pav,8,328.5,18.7,40.3,13.9,26.7,13.97,true,23,416,,
tomato_omelette,Tomato Omelette,1,393.2,25.9,55.1,70.0,22.2,10.74,true,13,453,,
mumbai_masala_sandwich,Mumbai Masala Sandwich,6,190.3,13.3,26.0,3.3,26.8,14.13,true,20,426,,
oats_upma,Oats Upma,6,833.2,33.3,39.7,59.7,24.8,17.82,true,16,344,,
leftover_rice_idli,Leftover Rice Idli,2,684.0,20.8,140.7,2.5,10.1,8.85,true,5,231,,
mysore_masala_dosa_with_red_chutney,Mysore Masala Dosa (With Red Chutney),7,520.7,26.9,77.4,10.8,46.5,22.69,true,26,403,,
mangalore_buns,Mangalore Buns,1,593.5,17.6,120.7,7.1,19.7,6.85,true,8,378,,
eggless_pancake,Eggless Pancake,2,656.9,21.6,132.0,3.0,22.9,8.1,true,7,256,,
palak_paratha,Palak Paratha,2,383.7,15.4,71.3,7.1,17.0,9.97,true,6,376,,
tomato_upma,Tomato Upma,3,367.2,23.7,53.1,17.2,43.7,20.01,true,17,402,,
mix_veg_paratha,Mix Veg Paratha,5,261.1,12.5,46.8,4.3,16.5,6.11,true,17,374,,
onion_paratha_pyaz_paratha,Onion Paratha (Pyaz Paratha),1,689.7,24.0,136.1,16.2,28.6,11.03,true,9,385,,
bread_roll,Bread Roll,5,104.9,2.5,21.8,0.5,2.9,1.22,true,9,368,,
suji_toast,Suji Toast,2,119.1,5.0,22.4,0.5,6.3,2.93,true,7,416,,
oats_chilla,Oats Chilla,1,203.6,13.6,27.9,3.4,12.5,6.76,true,11,281,,
paratha,Paratha,1,671.2,44.0,95.3,23.6,30.9,12.4,true,4,255,,
puri_bhaji,Puri Bhaji,5,227.7,19.9,24.8,3.3,42.6,22.4,true,13,437,,
davangere_benne_dosa,Davangere Benne Dosa,6,281.5,7.2,44.3,9.8,7.4,3.19,true,16,429,,
mooli_paratha,Mooli Paratha,1,685.8,23.6,135.7,16.3,25.7,10.23,true,6,355,,
poori,Poori,2,492.7,16.2,99.0,4.4,17.2,6.07,true,4,182,,
matar_paratha,Matar Paratha,1,766.3,27.4,148.8,13.2,29.0,11.63,true,9,595,,
french_toast_without_eggs,French Toast (Without Eggs),1,134.4,4.2,13.8,6.9,1.3,0.27,true,6,305,,
aval_upma,Aval Upma,9,841.3,30.7,63.1,53.6,23.7,16.63,true,20,338,,
masala_paratha,Masala Paratha,2,370.9,12.1,73.9,8.3,13.2,4.88,true,10,342,,
eggless_banana_pancakes,Eggless Banana Pancakes,1,465.0,11.5,98.7,1.6,11.5,5.83,true,4,168,,
dal_dosa_no_ferment_lentil_dosa,Dal Dosa (No Ferment Lentil Dosa),1,344.9,19.2,62.8,1.0,9.4,6.24,true,7,135,,
alur_dom_bengali_aloo_dum,Alur Dom (Bengali Aloo Dum),4,226.3,6.1,45.6,24.6,8.4,3.77,true,16,444,,
oats_porridge,Oats Porridge,1,109.1,3.8,8.6,6.7,0.0,0.16,true,4,242,,
suji_ka_cheela,Suji Ka Cheela,1,569.1,21.6,111.8,2.1,21.6,9.73,true,9,332,,
lauki_ka_paratha,Lauki Ka Paratha,2,337.4,11.3,67.3,8.0,12.5,4.3,true,6,304,,
masala_idli,Masala Idli,2,841.3,25.1,170.9,11.5,3.1,2.06,true,12,376,,regular sized idli
cheese_paratha,Cheese Paratha,1,365.9,12.9,71.4,6.3,15.4,5.84,true,8,291,,
ragi_malt,Ragi Malt,1,511.6,7.5,102.8,6.9,6.4,6.75,true,5,166,,
cabbage_paratha_patta_gobhi_ka_paratha,Cabbage Paratha (Patta Gobhi Ka Paratha),1,84.9,6.3,11.2,9.7,9.3,2.8,true,12,428,,
mysore_bonda,Mysore Bonda,3,457.8,29.0,38.5,18.6,51.9,25.23,true,12,398,,
oats_uttapam_instant_amp_healthy,Oats Uttapam (Instant &Amp; Healthy),1,293.2,15.9,46.8,2.9,18.3,9.54,true,11,549,,
carrot_paratha,Carrot Paratha,5,264.1,21.1,32.9,5.7,44.6,22.09,true,10,377,,
lachha_paratha,Lachha Paratha,1,656.9,21.6,132.0,15.7,22.9,8.1,true,2,255,,
potato_sandwich,Potato Sandwich,3,129.8,3.3,26.6,0.7,4.1,1.63,true,9,360,,
moong_dal_chilla,Moong Dal Chilla,1,43.2,3.0,4.8,64.8,5.8,4.05,true,12,375,,
tofu_bhurji_indian_scrambled_tofu,Tofu Bhurji (Indian Scrambled Tofu,2,175.1,17.4,7.3,22.5,3.6,2.15,true,10,347,,
capsicum_sandwich,Capsicum Sandwich,1,23.7,1.4,3.5,0.2,2.2,1.09,true,8,521,,
quinoa_upma_healthy_quinoa,Quinoa Upma (Healthy Quinoa,3,289.9,23.5,32.0,11.6,47.6,22.92,true,17,383,,
adai,Adai,2,629.8,25.4,93.1,15.6,27.7,12.77,true,14,268,,
ajwain_paratha,Ajwain Paratha,1,656.9,21.6,132.0,15.7,22.9,8.1,true,3,270,,
sabudana_dosa,Sabudana Dosa,3,867.7,84.2,59.7,18.3,150.7,28.18,true,6,438,,
avocado_toast,Avocado Toast,1,473.8,23.3,70.8,8.4,19.3,3.75,true,8,438,,
missi_roti,Missi Roti,2,571.5,26.7,100.5,11.8,23.0,8.6,true,9,230,,
lauki_thepla,Lauki Thepla,1,639.6,25.5,119.4,17.7,25.2,9.75,true,11,526,,
wheat_dosa,Wheat Dosa,2,324.3,10.2,65.4,1.4,9.1,4.03,true,9,308,,
urad_dal_kachori,Urad Dal Kachori,2,483.6,20.3,92.7,21.2,12.7,5.48,true,16,203,,
eggless_waffles,Eggless Waffles,2,518.9,17.6,60.8,22.6,5.7,2.56,true,8,466,,
dalia,Dalia,1,697.5,25.7,134.2,16.6,26.7,10.44,true,11,568,,
uttapam,Uttapam,6,374.7,22.6,58.8,3.2,38.9,20.93,true,13,407,,
kaddu_paratha,Kaddu Paratha,1,450.2,21.8,78.9,16.6,19.7,18.38,true,10,459,,
rava_kichadi,Rava Kichadi,3,375.9,26.8,52.5,16.7,49.6,24.34,true,15,460,,
broccoli_paratha,Broccoli Paratha,5,208.4,12.1,41.8,4.3,3.9,1.4,true,11,392,,
aloo_masala,Aloo Masala,4,254.3,20.0,31.7,9.7,38.6,19.14,true,14,432,,
beetroot_paratha_stuffed_beet_flatbread,Beetroot Paratha (Stuffed Beet Flatbread),2,388.4,14.0,76.2,6.1,17.1,5.34,true,7,318,,
corn_sandwich,Corn Sandwich,2,59.2,2.2,7.5,2.2,2.3,0.59,true,9,325,,
ghee_roast_dosa,Ghee Roast Dosa,4,831.0,65.7,88.5,13.5,107.0,22.39,true,7,363,,
oats_khichdi,Oats Khichdi,1,124.0,7.2,18.6,20.7,11.0,5.44,true,16,438,,
luchi,Luchi,1,738.5,21.7,155.4,27.2,6.3,3.84,true,3,390,,
jaggery_roti,Jaggery Roti,2,569.5,14.0,103.6,16.3,15.1,6.63,true,7,198,,
kanchipuram_idli,Kanchipuram Idli,9,814.1,43.1,53.4,45.1,51.1,18.26,true,16,313,,
avocado_sandwich,Avocado Sandwich,1,556.2,33.9,79.7,9.4,25.1,11.85,true,9,370,,
sweet_paratha_chini_ka_paratha,Sweet Paratha (Chini Ka Paratha),2,516.3,10.8,66.0,22.7,11.5,4.05,true,5,239,,or 2 teaspoon oil
bread_dosa,Bread Dosa,1,189.3,8.3,32.4,6.7,6.4,3.64,true,12,586,,
chicken_tikka_masala,Chicken Tikka Masala,1,113.5,8.5,12.0,14.8,17.1,10.52,true,16,566,,
chicken_kathi_roll_chicken_frankie,Chicken Kathi Roll (Chicken Frankie),4,306.4,21.4,22.7,16.7,8.4,4.12,false,15,358,,
butter_chicken,Butter Chicken,8,597.3,20.9,116.3,6.3,28.1,10.12,true,23,419,,
dragon_chicken_indo,Dragon Chicken (Indo,5,827.1,26.7,65.4,54.5,49.1,12.08,false,24,383,,high smoke point oil
tandoori_chicken,Tandoori Chicken,2,94.7,7.4,11.7,11.1,9.4,2.5,true,13,485,,
chicken_korma,Chicken Korma,4,715.8,25.0,42.4,54.0,14.3,10.17,true,17,368,,
dum_ka_chicken,Dum Ka Chicken,7,253.5,10.6,33.1,17.5,21.2,8.03,true,22,397,,
chicken_curry,Chicken Curry,3,164.6,7.9,27.4,23.1,16.6,6.25,true,16,369,,
instant_pot_tikka_masala,Instant Pot Tikka Masala,1,101.8,7.0,10.1,40.8,11.2,5.61,true,16,482,,
chicken_vindaloo,Chicken Vindaloo,6,720.8,34.4,95.6,22.8,57.3,19.29,false,18,400,,
chicken_madras_curry,Chicken Madras Curry,3,372.7,11.5,26.7,36.4,20.4,6.97,true,20,420,,
garlic_chicken,Garlic Chicken,2,141.5,9.0,22.7,1.2,8.2,1.87,true,15,471,,
chicken_seekh_kabab,Chicken Seekh Kabab,1,308.1,13.7,19.5,31.6,11.6,9.38,true,14,322,,
malai_chicken,Malai Chicken,6,833.4,27.6,57.2,66.0,19.1,14.54,true,21,366,,
shami_kabab_shami_kebab,Shami Kabab (Shami Kebab),3,407.1,22.1,57.5,8.4,34.7,13.06,false,18,406,,
kadai_chicken,Kadai Chicken,4,357.6,15.8,57.2,14.1,21.7,11.18,true,19,365,,
chicken_jalfrezi,Chicken Jalfrezi,4,92.7,7.2,11.9,17.3,9.5,3.22,true,25,445,,
chicken_bhuna_masala,Chicken Bhuna Masala,6,240.3,11.7,37.9,14.3,19.0,8.28,true,23,380,,
palak_chicken_chicken_saag,Palak Chicken (Chicken Saag,12,840.3,27.8,48.4,61.2,13.0,10.51,true,18,302,,
chicken_biryani,Chicken Biryani,4,467.6,13.8,88.3,11.6,20.1,12.88,true,22,375,,
chicken_sandwich,Chicken Sandwich,1,374.3,5.8,8.3,47.2,6.7,3.78,true,15,484,,
chicken_butter_masala,Chicken Butter Masala,11,654.0,22.6,129.4,5.6,24.9,8.83,true,23,401,,
chicken_tikka,Chicken Tikka,2,45.1,3.0,4.9,7.3,5.6,3.05,true,16,309,,
chicken_kurma,Chicken Kurma,3,868.3,26.7,47.6,71.7,17.4,11.69,true,20,308,,
chilli_chicken,Chilli Chicken,2,412.8,17.7,74.4,29.1,23.4,9.9,false,20,410,,
chicken_kolhapuri,Chicken Kolhapuri,6,583.4,25.2,80.3,22.5,39.3,17.29,true,21,375,,
schezwan_chicken,Schezwan Chicken,2,798.6,47.1,109.8,41.5,60.5,17.13,false,16,411,,
chicken_pakora,Chicken Pakora,1,542.5,37.6,76.4,8.4,23.7,12.94,false,12,537,,
chicken_chettinad,Chicken Chettinad,6,646.3,24.8,55.4,45.5,36.0,12.24,true,23,367,,
shahi_korma,Shahi Korma,8,846.5,28.5,27.4,90.4,15.5,9.27,true,20,404,,
achari_chicken,Achari Chicken,3,179.1,8.9,21.7,35.1,18.9,7.29,true,23,334,,
chicken_masala,Chicken Masala,2,200.0,10.6,31.9,15.2,20.9,8.28,true,15,492,,
hyderabadi_biryani,Hyderabadi Biryani,4,482.5,14.9,83.7,27.5,22.8,15.17,true,26,428,,
chicken_fried_rice,Chicken Fried Rice,3,664.8,18.1,134.5,13.0,8.3,9.05,false,14,401,,
chicken_dum_biryani,Chicken Dum Biryani,5,367.4,11.8,71.3,13.1,14.4,8.66,true,25,371,,
chicken_shawarma,Chicken Shawarma,1,175.6,9.7,20.6,5.3,14.7,5.96,true,15,531,,
chicken_manchurian,Chicken Manchurian,2,148.1,9.0,20.2,2.8,11.7,3.82,false,18,339,,
popcorn_chicken,Popcorn Chicken,1,300.8,25.9,35.5,5.8,4.2,7.27,false,12,552,,
tangdi_kabab_restaurant_style_tangri_kabab,Tangdi Kabab (Restaurant Style Tangri Kabab),1,103.6,6.9,14.8,1.0,8.0,2.78,true,11,412,,
chicken_fry,Chicken Fry,5,735.4,25.3,47.8,58.8,18.5,11.42,true,19,328,,
pepper_chicken,Pepper Chicken,3,427.9,12.5,44.4,42.7,28.5,9.52,true,13,420,,
chicken_patties,Chicken Patties,2,86.9,7.7,6.5,22.2,6.6,3.88,false,11,333,,
methi_chicken,Methi Chicken,4,182.8,10.5,27.5,8.8,19.6,11.44,true,17,410,,
chicken_lollipop,Chicken Lollipop,2,222.1,8.7,39.4,2.2,14.8,4.37,true,15,401,,
chicken_keema,Chicken Keema,3,363.6,19.5,56.3,13.9,22.7,19.71,true,17,425,,
chicken_noodles,Chicken Noodles,1,525.0,19.9,102.8,7.0,8.1,1.98,true,14,536,,
chicken_fry_biryani_kodi_vepudu_biryani,Chicken Fry Biryani (Kodi Vepudu Biryani),10,832.7,26.5,59.6,56.3,10.5,11.17,true,29,290,,
chicken_burger,Chicken Burger,4,272.6,6.9,24.2,16.1,3.4,3.89,false,16,392,,
thalassery_biryani,Thalassery Biryani,5,502.9,15.1,83.2,28.7,22.5,14.37,true,28,388,,
ambur_star_biryani,Ambur Star Biryani,7,621.5,24.2,106.0,14.2,55.3,15.85,true,14,380,,
andhra_chicken_curry,Andhra Chicken Curry,4,352.3,15.7,42.4,33.9,40.0,15.18,true,21,397,,
andhra_chilli_chicken,Andhra Chilli Chicken,2,68.6,5.7,7.5,9.5,9.5,5.1,true,12,321,,
awadhi_chicken_biryani,Awadhi Chicken Biryani,6,334.6,11.4,65.1,11.3,14.6,8.77,true,25,379,,
chettinad_biryani,Chettinad Biryani,8,814.1,18.1,48.0,69.1,21.8,6.4,false,19,336,,
chicken_majestic,Chicken Majestic,1,103.2,7.9,14.1,14.1,9.2,2.07,true,13,563,,
authentic_chana_masala_chickpea_masala,Authentic Chana Masala (Chickpea Masala),2,356.6,19.8,53.5,18.2,35.0,12.96,true,18,414,,
samosa,Samosa,2,556.3,17.8,112.9,27.6,11.5,6.14,true,16,491,,
dal_makhani,Dal Makhani,3,267.0,16.9,43.0,10.3,12.5,4.84,true,13,451,,
rajma,Rajma,2,254.6,17.0,38.1,34.5,18.6,9.17,true,15,354,,
rava_laddu,Rava Laddu,6,752.2,18.5,87.2,44.3,9.1,10.04,true,7,233,,
moong_dal_halwa,Moong Dal Halwa,4,765.8,27.8,15.5,85.2,15.4,5.93,true,10,281,,
jalebi,Jalebi,1,107.6,0.4,24.7,0.2,1.3,0.45,true,11,357,,
rasgulla,Rasgulla,6,365.3,14.5,52.2,10.2,3.9,1.95,true,8,408,,
gulab_jamun,Gulab Jamun,3,367.2,19.5,53.7,9.1,6.0,2.82,true,11,348,,
chicken_nuggets,Chicken Nuggets,1,242.7,14.3,33.7,5.3,5.6,2.42,false,9,525,,
dry_chicken_ghee_roast,Dry Chicken Ghee Roast,2,90.5,6.7,11.6,14.0,9.2,3.74,true,12,360,,
chicken_varuval_chicken_chukka,Chicken Varuval (Chicken Chukka),4,302.2,12.9,44.9,6.6,24.6,6.74,true,16,402,,
gongura_chicken,Gongura Chicken,3,204.2,13.2,24.5,13.3,20.4,8.1,true,14,372,,
grilled_chicken_sandwich,Grilled Chicken Sandwich,2,61.7,4.0,7.4,1.5,5.6,2.31,true,15,382,,
kfc_fried_chicken,Kfc Fried Chicken,6,45.6,3.4,6.4,170.6,1.6,0.8,false,13,386,,
lemon_chicken,Lemon Chicken,4,100.5,11.0,7.9,6.4,14.2,17.41,true,15,353,,
muslim_biryani,Muslim Biryani,11,287.4,14.4,41.6,9.3,19.6,19.78,true,27,400,,
chicken_spring_rolls,Chicken Spring Rolls,3,385.1,13.4,73.5,10.8,5.6,1.05,true,12,438,,
chicken_soup,Chicken Soup,2,321.8,14.4,54.0,5.8,35.2,11.6,true,12,475,,
savory_french_toast_spicy_masala_french_toast,Savory French Toast (Spicy Masala French Toast),1,275.2,29.0,12.8,11.9,6.3,10.46,false,13,477,,
rava_uttapam_sooji_uttapam,Rava Uttapam (Sooji Uttapam),2,296.5,11.2,58.1,17.0,12.4,4.77,true,12,322,,
bread_upma_for_breakfast,Bread Upma For Breakfast,6,753.3,24.6,33.6,60.0,6.0,8.2,true,15,198,,
egg_toast,Egg Toast,1,154.4,14.5,3.4,21.7,4.0,4.28,false,10,368,,
khara_bath,Khara Bath,7,854.7,28.3,48.2,64.4,8.8,9.79,true,18,235,,
mooli_paratha_radish_paratha,Mooli Paratha (Radish Paratha),3,302.8,12.4,57.0,24.5,7.5,9.71,true,13,361,,
bhatura,Bhatura,1,867.1,26.2,182.0,14.6,10.0,4.94,true,7,368,,
moong_dal_waffles,Moong Dal Waffles,2,176.5,5.7,34.2,5.3,8.3,5.55,true,17,341,,
egg_sando,Egg Sando,1,260.7,24.9,2.6,16.6,1.4,1.78,false,8,370,,
lemon_idli,Lemon Idli,3,110.9,12.5,9.8,6.2,13.3,2.79,true,16,406,,
boiled_egg_paratha,Boiled Egg Paratha,1,227.5,20.6,5.9,17.6,2.7,4.4,false,9,332,,
vegetable_moong_dal_adai,Vegetable Moong Dal Adai,1,74.4,4.6,10.0,1.2,9.6,4.43,true,14,385,,
ragi_idli_and_dosai,Ragi Idli And Dosai,1,847.7,25.4,173.5,3.4,14.7,11.08,true,6,514,,
tomato_dosai,Tomato Dosai,2,670.6,25.1,105.9,14.5,22.2,9.35,true,15,497,,
parsi_akuri,Parsi Akuri,1,278.6,23.7,10.3,40.9,7.0,7.18,false,14,436,,
vegetable_kothu_roti,Vegetable Kothu Roti,2,415.2,22.4,48.0,26.5,8.6,6.07,false,24,473,,
tortilla_egg_rolls,Tortilla Egg Rolls,1,478.1,21.8,48.1,21.4,3.7,3.78,false,12,338,,
masala_muttai_paniyaram,Masala Muttai Paniyaram,1,637.2,60.8,5.2,41.3,4.8,10.07,false,10,581,,
black_kavuni_rice_poha_with_loaded_vegetables,Black Kavuni Rice Poha With Loaded Vegetables,3,484.5,16.0,81.0,17.9,18.2,6.34,true,20,360,,
muttai_puli_kuzhambu,Muttai Puli Kuzhambu,2,373.4,27.4,23.0,18.1,25.9,8.38,false,20,410,,
cauliflower_urulai_kuzhambu,Cauliflower Urulai Kuzhambu,3,311.1,12.2,27.3,19.0,18.3,7.88,true,21,434,,
vendakkai_sambar,Vendakkai Sambar,2,214.4,14.0,33.5,1.7,14.3,5.94,true,20,331,,
kongunadu_pongal_patti_kuzhambu,Kongunadu Pongal Patti Kuzhambu,2,465.2,21.6,55.0,16.3,32.4,17.99,true,21,354,,
bottlegourd_cowpea_curry,Bottlegourd Cowpea Curry,3,306.7,7.4,18.9,22.1,13.5,3.88,true,23,420,,ladle cowpea***
mochai_kathirikkai_kara_kuzhambu,Mochai Kathirikkai Kara Kuzhambu,2,265.2,9.4,26.8,12.6,15.9,5.59,true,25,364,,
arasanikai_kuzhambu,Arasanikai Kuzhambu,2,294.3,7.4,14.1,22.6,15.3,5.69,true,22,377,,
milagai_killi_potta_sambar,Milagai Killi Potta Sambar,1,443.7,27.4,66.5,5.5,30.1,10.87,true,16,465,,
negamam_sambar,Negamam Sambar,1,0.0,0.0,0.0,0.0,0.0,0.0,true,1,0,,
vendakkai_mor_kuzhambu,Vendakkai Mor Kuzhambu,2,289.0,10.6,32.4,12.0,17.1,6.73,true,19,497,,
bengaluru_darshini_hotel_style_sambar,Bengaluru Darshini Hotel Style Sambar,4,264.1,14.3,29.8,10.4,23.6,11.04,true,20,393,,
karuvepilai_kuzhambu_curry_leaves_curry,"Karuvepilai Kuzhambu, Curry Leaves Curry",2,697.2,13.6,13.1,65.6,30.4,10.87,true,6,273,,
manathakkali_vathal_kuzhambu,Manathakkali Vathal Kuzhambu,1,278.3,14.5,37.5,6.4,24.3,9.13,true,21,356,,
sundakkai_vatha_kuzhambu,Sundakkai Vatha Kuzhambu,3,166.0,10.7,20.9,2.9,22.8,11.79,true,22,454,,
olan,Olan,3,690.2,9.8,17.1,66.7,20.2,4.78,true,7,237,,
vendakkai_kuzhambu_ladies_finger_curry,"Vendakkai Kuzhambu, Ladies Finger Curry",5,216.8,7.7,30.4,6.4,9.9,2.79,true,17,372,,
tomato_sambar,Tomato Sambar,1,679.8,28.5,65.3,32.4,29.3,9.45,true,14,490,,
thatta_payiru_kathirikkai_kuzhambu_aati_vecha_thatta_payiru_kuzhambu,"Thatta Payiru Kathirikkai Kuzhambu, Aati Vecha Thatta Payiru Kuzhambu",2,415.9,16.1,31.4,23.8,29.0,11.97,true,12,402,,
thayir_kuzhambu_kongunad_pacha_thayir_kuzhambu,"Thayir Kuzhambu, Kongunad Pacha Thayir Kuzhambu",1,386.6,17.4,23.1,24.3,19.7,18.85,true,15,438,,
mutton_kuzhambu_for_rice_mutton_curry_for_rice,"Mutton Kuzhambu For Rice, Mutton Curry For Rice",9,126.9,5.7,13.6,4.7,11.1,5.75,true,18,387,,
murungai_keerai_kuzhambu_drumstick_leaves_kuzhambu,"Murungai Keerai Kuzhambu, Drumstick Leaves Kuzhambu",3,199.7,11.0,15.8,8.9,22.9,12.03,true,16,448,,
kongu_thakkali_aati_kaachina_kuzhambu,Kongu Thakkali Aati Kaachina Kuzhambu,3,247.6,9.4,15.5,23.8,22.1,11.58,true,13,392,,
muttai_paniyaram_kuzhambu_egg_paniyaram_curry,"Muttai Paniyaram Kuzhambu, Egg Paniyaram Curry",2,424.2,25.4,14.7,29.0,9.9,7.29,false,21,437,,
selavu_aracha_kuzhambu,Selavu Aracha Kuzhambu,2,455.3,11.7,48.9,22.8,16.1,5.22,true,16,499,,
mochai_pidukku_paruppu_kuzhambu,Mochai Pidukku Paruppu Kuzhambu,2,420.3,13.2,41.4,21.3,20.5,9.1,true,20,466,,
bas_saaru_and_cabbage_palya_karnataka_style_curry_made_with_veggie_stock,"Bas Saaru And Cabbage Palya, Karnataka Style Curry Made With Veggie Stock",2,309.8,13.7,28.5,15.0,15.0,5.53,true,16,310,,
mushroom_kuzhambu_kaalan_kuzhambu,"Mushroom Kuzhambu , Kaalan Kuzhambu",3,675.7,22.6,36.3,50.0,14.3,8.99,true,19,330,,
vendhaya_kuzhambu,Vendhaya Kuzhambu,3,265.3,6.8,36.2,12.6,6.9,3.59,true,10,361,,
araithu_vitta_sambar,Araithu Vitta Sambar,4,188.5,11.2,20.0,5.7,20.6,11.42,true,16,430,,
mochai_kuzhambu,Mochai Kuzhambu,2,433.3,18.0,39.3,23.7,25.4,6.76,true,12,344,,
kalla_veetu_kathirikkai,Kalla Veetu Kathirikkai,3,700.7,21.9,46.5,48.3,17.4,9.92,true,16,351,,
mor_sambar,Mor Sambar,2,240.9,16.0,33.1,5.6,24.8,6.08,true,12,445,,
saiva_meen_kuzhambu,Saiva Meen Kuzhambu,1,265.5,16.8,41.4,53.2,18.6,10.08,true,15,466,,
chettinad_summa_kuzhambu,Chettinad Summa Kuzhambu,2,252.0,10.8,47.2,1.3,7.3,2.98,true,13,434,,
white_pattani_kuzhambu_dry_peas_curry,"White Pattani Kuzhambu, Dry Peas Curry",2,464.9,21.4,63.9,12.3,22.4,9.12,true,17,436,,
udipi_sambar_how_to_make_udipi_style_sambar,"Udipi Sambar, How To Make Udipi Style Sambar",1,515.3,28.2,83.0,10.1,25.4,11.25,true,18,507,,
mor_kuzhambu,Mor Kuzhambu,2,227.7,6.2,22.9,16.1,12.5,3.71,true,14,408,,
ennai_kathirikkai_kuzhambu_ennai_kathirikkai_kulambu_tamil_brinjal_curry,"Ennai Kathirikkai Kuzhambu, Ennai Kathirikkai Kulambu, Tamil Brinjal Curry",1,366.3,11.5,24.8,23.8,22.8,12.23,true,15,234,,
vendakkai_kara_kuzhambu_kulambu,Vendakkai Kara Kuzhambu / Kulambu,2,316.4,12.7,25.7,17.0,26.9,9.87,true,16,474,,
chettinad_kara_kuzhambu_kara_kulambu,"Chettinad Kara Kuzhambu, Kara Kulambu",2,231.6,8.7,18.4,12.9,19.1,7.56,true,16,306,,
kara_kuzhambu,Kara Kuzhambu,2,221.6,7.7,20.1,11.4,16.6,7.58,true,15,393,,
ratna_cafe_style_sambar,Ratna Cafe Style Sambar,1,549.4,22.9,53.1,30.1,32.0,11.2,true,23,580,,
moong_sprouts_curry,Moong Sprouts Curry,2,664.0,35.8,70.9,24.7,37.5,12.75,true,16,413,,
keerai_kuzhambu,Keerai Kuzhambu,2,895.1,38.5,117.1,30.6,27.4,18.61,true,13,469,,
thakkali_bajji,Thakkali Bajji,3,237.5,8.7,28.4,17.5,18.9,7.6,true,21,387,,
pasi_paruppu_sambar_moong_dal_sambar,Pasi Paruppu Sambar / Moong Dal Sambar,2,112.0,5.2,18.4,1.3,5.0,3.68,true,16,405,,
ulli_theeyal,Ulli Theeyal,3,694.8,13.6,45.2,59.2,22.9,6.38,true,11,462,,
peerkangai_paal_kuzhambu_peerkangai_curry_ridgegourd_curry,Peerkangai Paal Kuzhambu / Peerkangai Curry / Ridgegourd Curry,2,150.6,6.3,14.0,9.5,5.2,2.89,true,10,381,,
kongunad_kaata_kuzhambu_horsegram_curry,Kongunad Kaata Kuzhambu / Horsegram Curry,2,450.4,11.4,47.3,23.1,17.6,5.34,true,9,462,,
kadaintha_keerai_mashed_greens,Kadaintha Keerai Mashed Greens,2,441.3,19.8,72.7,6.5,15.6,14.18,true,6,312,,
avarakkai_kuzhambu_avarakkai_paruppu_curry_broad_beans_curry,"Avarakkai Kuzhambu, Avarakkai Paruppu Curry, Broad Beans Curry",2,453.9,19.8,35.6,26.8,28.6,9.89,true,17,387,,
coimbatore_annapoorna_hotel_sambar,Coimbatore Annapoorna Hotel Sambar,4,601.4,35.1,73.5,18.1,43.5,17.16,true,24,438,,
milagai_mandi_from_karaikudi_bangala_karupaiah,Milagai Mandi From Karaikudi Bangala Karupaiah,2,575.2,16.2,117.2,2.8,12.9,7.65,true,12,489,,
kongu_style_onion_sambar,Kongu Style Onion Sambar,2,500.0,20.2,51.1,22.7,20.9,12.16,true,18,384,,
madras_style_murungakkai_sambar,Madras Style Murungakkai Sambar,1,465.3,30.9,68.4,5.4,27.1,15.87,true,17,550,,
karamani_puli_kuzhambu,Karamani Puli Kuzhambu,1,139.0,7.9,19.8,2.0,16.6,9.62,true,11,590,,
chettinad_veg_kola_urundai_kuzhambu,Chettinad Veg Kola Urundai Kuzhambu,3,399.3,17.6,39.9,17.6,23.4,9.65,true,19,341,,
murungakkai_puli_kuzhambu,Murungakkai Puli Kuzhambu,1,566.7,20.9,53.5,28.3,37.8,15.23,true,19,508,,
spicy_chettinad_poondu_kuzhambu,Spicy Chettinad Poondu Kuzhambu,3,375.7,21.8,39.6,11.3,35.7,9.15,true,20,414,,
paruppu_urundai_kuzhambu_lentil_dumplings_curry,Paruppu Urundai Kuzhambu / Lentil Dumplings Curry,2,410.0,21.0,27.6,35.9,15.0,6.11,false,15,332,,
tamilnadu_style_vendakkai_puli_kulambu,Tamilnadu Style Vendakkai Puli Kulambu,3,216.8,7.0,18.3,12.3,13.0,4.28,true,22,418,,
manjal_poosanikai_pumpkin_sambar,Manjal Poosanikai / Pumpkin Sambar,2,278.3,20.3,39.1,3.4,14.1,19.17,true,15,417,,
madras_style_prawn_biryani,Madras Style Prawn Biryani,1,0.0,0.0,0.0,0.0,0.0,0.0,true,1,22,,
thattapayaru_thengai_paal_saadham,Thattapayaru Thengai Paal Saadham,1,0.0,0.0,0.0,0.0,0.0,0.0,true,1,0,,
chicken_rice,Chicken Rice,4,268.9,16.1,39.4,5.5,8.8,6.98,false,25,351,,
vegetable_brinji,Vegetable Brinji,4,724.0,15.0,86.5,41.8,19.2,8.91,true,23,425,,
rakthashali_red_rice_vegetable_khichdi,Rakthashali Red Rice Vegetable Khichdi,3,329.8,13.7,62.8,8.6,6.9,4.84,true,21,367,,
thatta_payaru_pulavu,Thatta Payaru Pulavu,2,544.8,20.2,105.6,15.5,24.1,11.45,true,20,434,,
coconut_milk_rice_and_egg_peas_masala,Coconut Milk Rice And Egg Peas Masala,1,5.9,0.7,0.4,0.1,0.9,1.01,true,1,22,,
egg_rice,Egg Rice,3,457.7,22.5,67.5,9.9,8.0,7.67,false,19,414,,
chilli_garlic_crunch_fried_rice,Chilli Garlic Crunch Fried Rice,1,835.0,17.5,181.0,2.7,8.2,10.52,true,1,278,,
dal_khichdi,Dal Khichdi,3,225.4,7.7,43.9,4.0,4.8,2.95,true,18,442,,
sambar_sadam_made_with_brown_rice,Sambar Sadam Made With Brown Rice,3,468.5,21.6,68.6,13.4,15.0,7.47,true,24,356,,
schezwan_veg_fried_rice,Schezwan Veg Fried Rice,2,532.2,14.6,110.1,2.2,8.0,6.62,true,15,440,,
prawn_fried_rice,Prawn Fried Rice,2,461.3,31.6,66.5,5.9,6.7,6.8,false,15,351,,
simple_tomato_rice_south_indian_style,Simple Tomato Rice South Indian Style,2,488.7,13.0,101.2,27.6,10.6,8.86,true,15,396,,
pattani_sadam_south_indian_style_peas_rice,"Pattani Sadam, South Indian Style Peas Rice",2,447.2,17.9,83.1,3.3,20.1,6.53,true,12,320,,
thattapayiru_arisi_paruppu_saadam,Thattapayiru Arisi Paruppu Saadam,5,351.9,10.0,61.6,6.3,8.8,3.4,true,12,394,,
vegetable_palav_karnataka_style_tarkari_palav,"Vegetable Palav, Karnataka Style Tarkari Palav",2,530.6,14.1,87.8,12.3,14.4,8.12,true,19,442,,
cabbage_fried_rice,Cabbage Fried Rice,3,328.6,14.7,61.8,1.4,10.8,6.2,true,14,342,,
easy_mushroom_rice,Easy Mushroom Rice,3,401.5,12.9,79.9,6.5,14.7,7.32,true,12,334,,
corn_methi_pulao_methi_makai_pulao,"Corn Methi Pulao, Methi Makai Pulao",3,361.6,13.0,67.7,2.9,19.1,9.67,true,14,361,,
thinai_pongal_healthy_foxtail_millet_pongal,"Thinai Pongal , Healthy Foxtail Millet Pongal",4,740.3,23.9,48.0,51.1,8.6,8.83,true,11,197,,
vetrilai_poondu_sadam_betel_leaves_rice_with_garlic,Vetrilai Poondu Sadam / Betel Leaves Rice With Garlic,1,818.8,26.8,161.0,5.2,19.0,10.69,true,15,545,,
mushroom_pulao,Mushroom Pulao,2,451.9,18.0,85.7,15.4,19.2,9.52,true,13,442,,
pollachi_style_arisi_paruppu_sadam,Pollachi Style Arisi Paruppu Sadam,1,843.4,30.0,163.1,5.1,28.7,12.36,true,16,539,,
puliyodharai_iyengar_puliyodharai,"Puliyodharai, Iyengar Puliyodharai",1,350.2,14.5,52.6,7.7,24.7,11.97,true,15,301,,
bread_upma,Bread Upma,1,89.9,5.6,10.5,15.0,9.7,5.79,true,13,465,,
cucumber_sasmi_chutney_southekai_sasmirecipe,Cucumber Sasmi (Chutney) / Southekai Sasmirecipe,2,455.6,10.4,8.2,46.8,12.3,3.01,false,7,118,,
vanilla_ice_cream,Vanilla Ice Cream,1,218.3,7.5,17.1,13.4,0.0,0.33,true,2,240,,
rava_paniyaram,Rava Paniyaram,2,553.3,19.5,111.5,1.6,19.2,6.4,true,10,416,,
vrat_ka_khana,Vrat Ka Khana,2,170.0,4.0,18.0,8.9,6.0,2.43,true,11,320,,
ragi_upma,Ragi Upma,2,644.9,20.0,115.6,35.2,22.4,9.4,true,16,372,,
capsicum_chutney,Capsicum Chutney,1,158.0,9.2,19.6,16.6,16.9,4.81,true,11,272,,
instant_crispy_palak_dosa,Instant Crispy Palak Dosa,1,831.7,21.8,174.1,3.3,15.8,11.4,true,10,335,,
poha_nasta,Poha Nasta,1,843.7,22.3,176.4,3.3,16.0,11.68,true,10,565,,
aloo_sandwich,Aloo Sandwich,1,301.5,10.2,53.7,29.2,13.3,7.09,true,15,531,,
tomato_rice,Tomato Rice,3,329.6,14.2,42.3,35.8,25.4,9.6,true,23,401,,
wheat_rava_dosa,Wheat Rava Dosa,1,826.7,23.7,170.0,4.7,0.3,0.01,true,5,522,,bansi rava
besan_toast,Besan Toast,1,385.0,25.0,54.0,6.3,22.1,10.15,true,13,296,,
instant_semiya_dosa,Instant Semiya Dosa,1,757.2,21.4,156.0,3.1,20.4,11.04,true,11,391,,
pulihora,Pulihora,2,311.3,17.2,45.5,82.0,26.9,9.61,true,17,418,,
chana_dosa,Chana Dosa,2,740.0,23.7,145.9,5.1,21.6,11.4,true,4,261,,
sprouts_dosa,Sprouts Dosa,1,33.9,2.2,3.3,1.1,3.9,2.61,true,7,220,,
pani_puri,Pani Puri,3,412.4,13.9,78.7,16.1,14.9,6.99,true,20,348,,
aloo_chaat,Aloo Chaat,1,290.5,8.0,52.7,4.3,9.3,4.55,true,12,548,,
papdi,Papdi,2,504.8,15.9,104.1,14.3,8.1,4.4,true,12,207,,
sweet_corn_chaat,Sweet Corn Chaat,2,212.4,8.4,33.2,3.9,18.8,5.71,true,16,406,,
masala_puri,Masala Puri,2,616.2,25.7,115.5,16.4,18.7,15.12,true,24,469,,
tamarind_chutney,Tamarind Chutney,1,514.6,4.8,118.0,1.4,9.5,7.12,true,9,242,,
ragda_chaat,Ragda Chaat,1,580.5,31.6,102.4,28.4,21.4,9.95,true,15,468,,
bhel_puri,Bhel Puri,7,875.4,16.8,131.2,34.9,3.7,4.77,true,25,304,,
makhna_chat,Makhna Chat,2,592.9,17.5,93.3,29.1,6.2,4.84,true,22,294,,
badam_burfi,Badam Burfi,2,521.6,16.2,43.1,43.8,25.9,9.3,true,7,242,,
kurkuri_aloo_tikki_chaat,Kurkuri Aloo Tikki Chaat,2,475.1,23.5,67.3,23.9,18.7,8.69,true,16,366,,
dahi_phulki_chaat,Dahi Phulki Chaat,2,345.6,22.7,48.6,5.7,16.5,7.35,true,14,396,,
chana_papdi_chaat,Chana Papdi Chaat,2,570.5,23.9,103.9,22.1,21.0,8.01,true,18,297,,
6_types_of_pani_for_pani_puri,6 Types Of Pani For Pani Puri,1,265.9,16.7,29.8,6.6,25.2,19.97,true,18,448,,
aloo_matar_chaat,Aloo Matar Chaat,2,400.3,21.0,69.5,14.9,16.9,8.0,true,21,458,,
palak_chaat,Palak Chaat,1,586.4,27.9,86.5,12.6,19.1,9.75,true,14,328,,
poha_chaat,Poha Chaat,4,787.2,17.7,135.6,24.4,10.9,9.51,true,24,314,,
dahi_idli,Dahi Idli,1,813.8,26.7,137.3,24.2,22.1,11.24,true,16,455,,
ragda_patties,Ragda Patties,2,541.8,23.9,98.8,16.4,29.2,13.33,true,23,401,,
,मटर छोले रेसिपी,3,321.8,15.4,48.6,34.1,26.6,14.88,true,23,398,,
aloo_tuk,Aloo Tuk,3,297.6,6.8,57.1,3.8,7.0,2.81,true,15,460,,
chat_masala,Chat Masala,1,412.1,15.6,39.7,19.9,31.9,18.05,true,11,228,,
roadside_kalan,Roadside Kalan,2,169.5,10.9,27.0,14.0,9.0,3.0,true,17,378,,
aloo_handi_chaat,Aloo Handi Chaat,4,296.4,8.3,53.3,4.7,8.7,5.17,true,10,386,,
tamatar_chaat,Tamatar Chaat,2,702.8,23.4,40.0,62.4,8.7,9.77,true,16,361,,
aloo_chana_chat,Aloo Chana Chat,2,563.3,18.6,72.3,21.7,18.6,5.24,true,17,293,,
dahi_papdi_chaat,Dahi Papdi Chaat,4,739.9,13.4,83.3,39.6,3.4,1.09,true,14,239,,
sukha_bhel,Sukha Bhel,3,714.1,14.8,121.1,21.0,5.3,5.9,true,14,268,,
ragda_puri,Ragda Puri,2,578.6,16.6,117.6,9.5,11.4,9.19,true,19,394,,
sev_puri,Sev Puri,1,218.8,13.9,35.7,13.9,16.4,6.77,true,14,468,,
black_chana_chaat,Black Chana Chaat,1,528.0,29.8,77.2,17.7,41.2,15.09,true,19,544,,
peanut_chaat,Peanut Chaat,1,106.1,4.2,17.9,1.2,7.5,4.51,true,15,401,,
samosa_chaat,Samosa Chaat,1,327.2,10.9,43.8,11.3,2.7,0.99,true,11,315,,
kachori_chaat,Kachori Chaat,1,53.7,1.6,5.1,2.9,1.3,0.7,true,9,260,,
stuffed_mirchi_bajji,Stuffed Mirchi Bajji,1,617.1,30.1,103.2,7.3,26.3,13.04,true,15,498,,
katori_chaat,Katori Chaat,3,437.3,17.0,79.0,13.3,15.4,5.27,true,12,422,,
raj_kachori,Raj Kachori,3,453.5,15.3,82.4,14.2,12.4,4.45,true,21,391,,
sukha_puri,Sukha Puri,2,619.6,13.1,131.3,3.0,6.2,7.92,true,12,318,,
fruit_chaat,Fruit Chaat,2,186.4,10.3,29.9,2.3,12.3,5.17,true,11,380,,
dahi_puri,Dahi Puri,2,524.2,11.1,109.5,3.4,6.1,7.07,true,12,405,,
chana_chaat,Chana Chaat,1,829.0,50.9,115.7,15.4,69.2,19.58,true,14,531,,
garlic_chutney,Garlic Chutney,1,73.7,3.7,11.2,0.3,2.8,0.74,true,6,108,,
ram_ladoo,Ram Ladoo,1,227.0,12.6,27.4,6.8,10.2,6.36,true,14,365,,
corn_chaat,Corn Chaat,1,260.0,10.9,42.1,3.8,8.7,1.63,true,7,341,,
raja_special,Raja Special,1,38.9,1.9,5.6,9.1,3.7,2.29,true,12,271,,
girmit,Girmit,2,643.7,15.8,85.2,35.6,7.3,3.64,true,13,286,,
basket_chaat,Basket Chaat,2,389.1,17.1,60.6,7.4,21.8,6.38,true,16,384,,
puri,Puri,1,615.0,20.5,126.5,9.9,16.0,5.14,true,6,225,,
matar_kulcha,Matar Kulcha,1,301.5,17.6,46.4,16.4,15.0,8.55,true,22,328,,
sev_tamatar_nu_shaak,Sev Tamatar Nu Shaak,2,132.5,5.7,19.8,21.7,10.1,5.16,true,21,471,,
curry_base,Curry Base,5,292.9,11.8,27.1,34.9,11.3,8.42,true,17,420,,
pithla,Pithla,1,238.6,14.9,30.5,31.0,14.7,8.3,true,13,226,,
kadhi_pakora,Kadhi Pakora,2,146.6,8.9,17.8,23.0,10.7,5.79,true,21,358,,
mirchi_ka_salan,Mirchi Ka Salan,1,284.5,7.4,16.2,59.0,11.6,4.99,true,20,249,,
aloo_methi,Aloo Methi,2,180.9,6.7,33.1,14.2,9.4,4.76,true,15,386,,
aloo_baingan_sabji,Aloo Baingan Sabji,3,152.7,5.6,27.9,9.7,10.2,3.33,true,18,390,,
baigan_ki_sabji,Baigan Ki Sabji,1,102.1,6.5,11.3,41.0,10.5,5.91,true,11,309,,
veg_jaipuri,Veg Jaipuri,4,201.4,14.6,23.7,10.5,11.3,2.62,true,20,359,,
channa_kurma,Channa Kurma,2,841.2,31.2,67.9,60.8,43.9,14.73,true,21,394,,
aloo_gobi_masala,Aloo Gobi Masala,3,148.7,11.7,19.4,10.4,13.5,6.26,true,18,427,,
mug_cake,Mug Cake,1,460.3,20.3,89.6,77.1,2.6,2.11,true,13,380,,
sagu,Sagu,3,604.4,22.6,32.5,50.3,24.6,7.86,true,22,452,,
palak_sabji,Palak Sabji,2,498.2,7.9,17.1,63.3,10.5,6.2,true,20,351,,tbps oil
kaju_masala,Kaju Masala,4,767.5,49.6,57.0,50.1,7.5,9.09,true,19,450,,
veg_kurma,Veg Kurma,5,698.0,23.7,37.8,53.0,21.4,10.31,true,21,376,,
veg_kolhapuri,Veg Kolhapuri,4,365.2,17.1,48.7,19.6,26.5,10.51,true,23,351,,
aloo_bhuna_masala_curry,Aloo Bhuna Masala Curry,2,174.5,6.7,31.3,14.3,9.9,5.47,true,19,482,,
mix_veg,Mix Veg,4,488.4,31.7,35.3,27.0,13.9,6.02,true,25,425,,
potato_sagu,Potato Sagu,2,221.6,9.2,36.5,15.8,11.2,5.42,true,19,359,,
malai_pyaaz_ki_sabzi,Malai Pyaaz Ki Sabzi,1,124.3,8.5,15.0,27.7,16.1,11.09,true,18,368,,
soya_chunks_curry,Soya Chunks Curry,2,296.6,26.0,15.2,26.3,19.3,8.87,true,17,344,,
shepu_bhaji,Shepu Bhaji,1,85.0,5.7,7.6,28.4,9.5,6.03,true,11,292,,
bharwa_bhindi,Bharwa Bhindi,4,124.7,8.6,16.3,8.3,14.6,4.28,true,15,371,,
veg_handi,Veg Handi,4,515.3,19.7,30.6,36.4,12.8,7.3,true,23,359,,
lauki_ki_sabji,Lauki Ki Sabji,2,36.2,2.4,4.2,13.5,4.7,3.31,true,15,379,,
chikar_cholay,Chikar Cholay,2,578.2,26.4,88.6,23.4,44.4,20.11,true,25,442,,
bombay_chutney,Bombay Chutney,1,303.6,18.7,36.8,32.2,26.1,12.52,true,17,494,,
aloo_pyaz,Aloo Pyaz,5,177.8,7.4,27.6,13.3,15.8,5.01,true,15,380,,
mushroom_masala,Mushroom Masala,2,240.2,12.0,38.7,15.8,25.0,10.41,true,18,439,,
aloo_palak,Aloo Palak,3,133.2,5.4,23.2,18.3,9.1,4.86,true,18,338,,
vangyache_bharit,Vangyache Bharit,2,95.8,5.6,11.7,15.0,11.1,4.35,true,17,329,,
dibba_rotti,Dibba Rotti,1,688.7,27.7,132.1,3.4,15.2,9.91,true,7,396,,
idiyappam,Idiyappam,1,560.0,9.9,80.8,21.3,8.6,5.55,true,5,158,,
spring_onion_paratha,Spring Onion Paratha,1,680.0,23.2,135.0,16.0,26.9,10.66,true,10,348,,
cheese_dosa_street_style,Cheese Dosa (Street Style),2,344.4,10.0,67.5,2.4,2.8,1.51,true,7,382,,
arisi_upma,Arisi Upma,1,757.0,23.1,144.8,20.1,25.7,13.8,true,10,315,,
bread_vada,Bread Vada,3,250.0,21.8,28.6,3.2,46.0,24.19,true,13,420,,
bedmi_puri,Bedmi Puri,2,626.2,25.9,115.5,11.1,27.3,10.62,true,17,253,,
tomato_cucumber_sandwich,Tomato Cucumber Sandwich,2,542.4,26.4,99.0,2.7,17.2,6.27,false,5,245,,
vendhaya_dosai,Vendhaya Dosai,1,556.7,11.7,120.7,1.8,5.4,7.01,true,3,188,,
blueberry_pancakes,Blueberry Pancakes,2,822.2,24.6,45.4,67.0,19.0,6.71,true,9,280,,
millet_idli_with_foxtail_millet,Millet Idli (With Foxtail Millet),2,533.8,20.5,96.3,5.8,16.5,8.83,true,4,184,,
dal_pakwan,Dal Pakwan,4,435.7,28.5,64.1,11.4,42.6,21.09,true,16,352,,
cucumber_sandwich,Cucumber Sandwich,3,10.4,0.4,1.8,0.1,0.5,0.26,true,3,452,,
thatte_idli_bangalore_style_plate_idli,Thatte Idli (Bangalore Style Plate Idli),2,697.1,14.8,150.9,12.9,7.1,8.81,true,8,271,,
chow_chow_bath,Chow Chow Bath,14,848.4,29.8,44.9,67.9,15.4,12.54,true,26,273,,
pumpkin_pancakes,Pumpkin Pancakes,4,830.1,24.5,31.5,70.8,18.2,7.17,true,14,214,,
tomato_sandwich,Tomato Sandwich,3,9.8,0.5,1.5,0.2,0.7,0.23,true,8,404,,
kotte_kadubu,Kotte Kadubu,13,201.3,10.4,35.0,1.5,24.9,2.56,true,5,389,,
schezwan_dosa,Schezwan Dosa,3,459.6,13.3,90.0,3.3,4.0,2.05,true,9,464,,
scallion_pancake,Scallion Pancake,1,47.0,3.7,5.4,26.0,9.4,5.58,true,5,318,,
bathua_paratha_healthy_bathua,Bathua Paratha (Healthy Bathua,3,296.1,12.3,54.1,4.1,15.7,7.66,true,10,334,,
aloo_palak_paratha,Aloo Palak Paratha,1,841.2,26.9,168.7,8.3,29.1,10.66,true,9,534,,
mooli_thepla,Mooli Thepla,1,571.7,22.2,107.8,16.8,23.5,15.95,true,10,481,,
cheese_bread_pakora,Cheese Bread Pakora,2,252.0,15.0,37.7,3.9,10.8,4.78,true,9,312,,
milk_dalia_cracked_wheat_porridge,Milk Dalia (Cracked Wheat Porridge),1,755.2,25.0,84.7,47.3,9.3,4.95,true,8,550,,
tomato_uttapam,Tomato Uttapam,4,350.5,10.5,68.1,2.5,3.7,2.03,true,6,372,,
bun_maska,Bun Maska,1,0.0,0.0,0.0,0.0,0.0,0.0,true,4,320,,
onion_uttapam_with_homemade_batter,Onion Uttapam (With Homemade Batter),5,382.9,22.8,60.1,3.3,43.0,24.06,true,8,395,,
maharashtrian_batata_poha_aloo_poha,Maharashtrian Batata Poha (Aloo Poha),2,726.4,14.9,109.5,52.1,14.9,10.21,true,14,448,,
panta_bhat,Panta Bhat,2,719.0,20.7,140.6,12.4,28.0,11.74,true,9,402,,
appe,Appe,2,483.6,17.1,93.5,9.5,12.4,9.67,true,15,264,,
chana_sandwich,Chana Sandwich,2,322.6,21.6,45.5,4.9,25.5,8.13,true,9,314,,
masala_uttapam,Masala Uttapam,6,256.3,14.7,40.9,6.7,24.2,12.5,true,16,382,,
podi_idli,Podi Idli,14,886.5,27.9,175.7,6.7,9.6,2.15,true,12,312,,mini idli
buttermilk_pancake,Buttermilk Pancake,1,329.3,10.8,66.1,1.5,11.5,4.05,true,8,500,,
aloo_gobi_paratha,Aloo Gobi Paratha,3,680.1,24.3,133.9,7.6,25.4,9.95,true,5,410,,
pav_bhaji,Pav Bhaji,6,503.2,22.5,79.5,8.4,13.9,6.02,true,20,419,,pav or
khaman_dhokla,Khaman Dhokla,1,543.0,12.1,23.5,56.6,17.5,8.35,true,17,258,,rava -
puri_for_pani_puri,Puri For Pani Puri,1,44.9,1.3,9.5,4.3,0.4,0.23,true,5,20,,
nankhatai,Nankhatai,4,760.5,23.1,24.1,63.7,14.7,5.39,true,9,199,,
thepla,Thepla,1,568.8,21.9,104.7,17.8,25.6,15.77,true,13,502,,
dahi_vada,Dahi Vada,9,850.9,26.2,55.6,58.5,7.0,9.49,true,21,270,,
spring_rolls,Spring Rolls,10,766.4,22.8,152.1,6.5,3.4,1.0,true,15,404,,
veg_burger,Veg Burger,4,213.6,6.1,25.8,40.6,7.3,5.53,true,31,417,,
muthiya,Muthiya,2,612.8,34.3,67.3,33.6,32.2,20.35,true,20,453,,
khandvi,Khandvi,3,349.2,28.1,30.3,14.8,50.6,25.42,true,14,434,,
matar_kachori,Matar Kachori,1,516.2,22.9,98.5,27.5,15.7,6.58,true,15,331,,
chakli,Chakli,1,521.7,11.2,111.1,34.3,7.9,12.4,true,9,234,,
hara_bhara_kabab,Hara Bhara Kabab,5,744.6,35.8,66.9,48.9,19.1,10.51,true,12,236,,
dabeli,Dabeli,3,297.2,7.5,30.3,24.1,13.1,4.19,true,22,458,,
veg_cutlet,Veg Cutlet,2,146.7,6.5,27.0,32.7,7.2,2.6,true,15,304,,
rava_dhokla,Rava Dhokla,3,430.6,26.4,49.0,13.1,50.8,24.83,true,15,405,,
shami_kabab,Shami Kabab,1,410.1,27.5,55.3,7.2,39.5,13.62,true,11,305,,
cheese_balls,Cheese Balls,1,106.2,3.4,19.8,1.1,3.7,2.94,true,6,194,,
sabudana_vada,Sabudana Vada,2,228.6,6.2,46.2,1.2,6.0,2.81,true,10,419,,
bread_pakora,Bread Pakora,3,750.5,35.8,130.7,7.4,30.3,11.87,true,13,282,,
moong_dal_dhokla,Moong Dal Dhokla,1,642.9,17.6,87.1,36.3,22.1,7.92,true,13,262,,
beetroot_cutlet,Beetroot Cutlet,2,431.1,8.3,65.9,14.2,6.6,2.91,true,14,358,,rava or sooji; oil for pan frying
mushroom_manchurian_indo_chinese,Mushroom Manchurian (Indo Chinese,2,511.6,29.1,89.3,21.6,22.9,9.12,true,14,270,,
baby_corn_manchurian_gravy,Baby Corn Manchurian Gravy,1,264.7,11.3,42.6,29.6,22.0,6.62,true,17,514,,
mac_and_cheese_stovetop_amp_baked,Mac And Cheese (Stovetop &Amp; Baked),3,502.7,22.8,73.2,12.6,8.4,3.67,true,11,340,,
shankarpali,Shankarpali,1,809.1,25.1,157.0,32.9,9.3,4.41,true,6,452,,
bombay_sandwich,Bombay Sandwich,2,378.8,21.8,66.0,1.6,16.2,6.73,true,12,379,,
mathri,Mathri,1,46.9,2.2,6.4,39.5,2.3,2.19,true,8,80,,
chilli_baby_corn,Chilli Baby Corn,6,273.1,9.0,47.7,16.5,18.0,4.73,true,16,388,,
vada_pav,Vada Pav,7,335.3,16.9,52.9,4.3,23.4,12.36,true,21,375,,
kothimbir_vadi,Kothimbir Vadi,2,255.8,18.0,34.3,23.2,16.2,11.07,true,17,361,,
dal_vada,Dal Vada,3,299.2,29.9,27.8,4.9,58.8,30.21,true,8,453,,
aloo_tikki_burger_potato_burger,Aloo Tikki Burger (Potato Burger),3,240.8,4.5,21.1,15.0,6.1,5.37,true,15,435,,or 2 tablespoons oil
veg_chow_mein,Veg Chow Mein,4,354.9,13.8,66.5,20.5,6.3,1.77,true,24,361,,tofu cube
namak_para,Namak Para,1,715.5,22.6,145.3,28.7,15.9,7.13,true,9,285,,
cheese_biscuits,Cheese Biscuits,1,731.7,21.7,153.8,1.8,6.2,4.03,true,9,565,,
paniyaram,Paniyaram,1,732.2,20.4,94.9,29.3,17.5,7.22,true,9,589,,
french_fries,French Fries,1,192.5,4.4,40.5,0.8,5.2,1.66,true,4,318,,
cheese_corn_balls,Cheese Corn Balls,1,333.8,9.5,68.2,1.6,6.7,2.94,true,8,315,,
cheese_roll,Cheese Roll,3,31.1,0.9,5.9,0.3,1.1,0.66,true,7,380,,
corn_cutlet,Corn Cutlet,1,488.7,11.8,101.0,2.5,12.1,6.6,true,10,522,,
potato_chips_baked_potato_wafers,Potato Chips (Baked Potato Wafers),1,214.2,4.7,45.6,0.7,5.2,1.74,true,7,360,,
baked_samosa_whole_wheat_amp_vegan,Baked Samosa (Whole Wheat &Amp; Vegan),2,431.6,14.8,85.5,34.0,16.0,6.05,true,13,338,,
falafel,Falafel,1,447.8,27.3,64.2,7.6,36.7,11.35,true,9,224,,
tandoori_gobi,Tandoori Gobi,1,92.8,5.0,8.9,14.8,8.9,3.86,true,12,478,,
veg_grilled_sandwich,Veg Grilled Sandwich,2,375.7,23.8,61.3,2.2,18.8,10.25,true,15,394,,
batata_vada,Batata Vada,3,300.4,23.1,37.3,8.8,38.9,19.49,true,19,400,,
kachori,Kachori,1,700.3,45.2,99.6,62.5,32.5,14.01,true,12,416,,
veg_cheese_sandwich_bombay_style,Veg Cheese Sandwich (Bombay Style),5,273.9,10.3,46.4,2.1,12.3,7.05,true,16,362,,
papdi_chaat,Papdi Chaat,15,854.1,15.8,100.0,43.8,4.7,2.14,true,24,274,,
white_dhokla,White Dhokla,1,688.8,21.0,141.4,6.8,10.7,8.99,true,11,369,,
chicken_pulao,Chicken Pulao,4,766.2,24.0,123.5,36.1,33.2,21.19,false,23,450,,
chicken_pasta_chicken_spaghetti,Chicken Pasta (Chicken Spaghetti),4,489.5,18.8,91.5,4.9,5.5,1.56,true,11,396,,
kerala_chicken_curry_nadan_kozhi_curry,Kerala Chicken Curry (Nadan Kozhi Curry),5,442.2,18.1,35.1,31.9,33.6,10.43,true,20,415,,
reshmi_kabab,Reshmi Kabab,1,284.6,11.2,13.5,23.7,8.9,3.4,true,12,512,,
hariyali_chicken_green_chicken,Hariyali Chicken (Green Chicken),3,173.4,9.6,27.1,10.7,18.2,9.33,true,14,371,,
andhra_chicken_biryani,Andhra Chicken Biryani,5,399.1,11.9,74.3,15.1,17.8,10.09,true,22,369,,
brown_rice_dosa,Brown Rice Dosa,2,291.5,16.9,48.3,21.4,13.8,5.61,true,7,300,,
mixed_dal_dosa_lentil_dosa,Mixed Dal Dosa (Lentil Dosa),1,407.7,27.1,62.0,49.0,16.3,6.99,true,9,210,,
rava_kesari,Rava Kesari,6,843.9,21.1,100.3,62.3,9.2,11.64,true,8,302,,
kothu_parotta,Kothu Parotta,5,368.4,26.2,44.0,13.5,11.1,17.52,false,17,386,,parotta/ roti/ paratha
spinach_omelette,Spinach Omelette,1,363.6,35.2,4.4,22.6,5.1,10.12,false,11,520,,
cheese_dosa,Cheese Dosa,1,307.4,10.1,54.3,16.9,6.4,4.18,true,7,470,,
oats_idli,Oats Idli,3,496.1,21.2,39.3,33.6,20.7,12.43,true,20,347,,
palak_paratha_spinach_paratha,Palak Paratha (Spinach Paratha),1,543.3,20.5,103.6,41.8,22.3,11.86,true,8,462,,
millet_dosa_kambu_dosa,Millet Dosa (Kambu Dosa),1,750.2,33.7,128.1,98.3,25.7,12.81,true,6,365,,
mix_veg_paratha_vegetable_paratha,Mix Veg Paratha (Vegetable Paratha),1,486.9,18.4,95.4,27.5,13.3,7.93,true,12,470,,
idli_upma,Idli Upma,2,463.5,11.6,43.9,39.0,11.7,4.51,true,16,317,,
punugulu,Punugulu,1,585.7,15.9,116.6,4.0,4.2,2.82,true,7,464,,
kathi_roll,Kathi Roll,2,350.4,14.7,61.4,5.9,17.6,7.51,true,17,403,,
egg_mayo_sandwich,Egg Mayo Sandwich,2,496.3,14.4,8.4,44.8,3.7,5.12,false,13,257,,
egg_paratha,Egg Paratha,1,360.9,20.9,45.5,35.2,9.6,6.61,false,11,402,,
spicy_bread_masala,Spicy Bread Masala,1,77.2,5.4,8.9,27.0,10.0,6.22,true,13,529,,
broken_wheat_upma,Broken Wheat Upma,1,618.7,20.9,122.2,28.7,17.0,7.84,true,14,547,,
veg_wraps,Veg Wraps,1,682.0,22.7,123.3,9.2,28.7,10.4,true,11,534,,
egg_pasta_scrambled_egg_spaghetti,Egg Pasta (Scrambled Egg Spaghetti),2,611.3,36.3,70.1,20.4,6.2,4.98,false,7,368,,
jowar_dosa,Jowar Dosa,4,656.5,28.1,120.9,10.6,36.5,17.88,true,16,366,,
dry_fruits_milkshake,Dry Fruits Milkshake,7,882.9,26.6,39.2,68.9,13.0,7.37,true,7,261,,
vegetarian_club_sandwich,Vegetarian Club Sandwich,4,119.3,4.3,11.8,8.8,6.4,4.83,true,13,372,,
beetroot_paratha,Beetroot Paratha,1,583.0,18.3,121.2,20.5,8.1,3.62,true,6,332,,
ragi_rava_upma,Ragi Rava Upma,4,770.3,24.2,55.6,55.8,10.2,9.21,true,16,222,,
quinoa_upma,Quinoa Upma,9,844.1,28.5,48.6,64.0,9.7,9.74,true,20,298,,
lauki_paratha_bottle_gourd_paratha,Lauki Paratha (Bottle Gourd Paratha),2,399.7,14.6,77.4,21.4,17.5,7.68,true,10,312,,
how_to_cook_oatmeal_oatmeal_with_milk,How To Cook Oatmeal (Oatmeal With Milk),6,766.7,17.0,95.2,34.6,11.6,7.44,true,7,279,,
bread_pizza,Bread Pizza,3,273.0,4.7,16.0,24.1,9.2,3.57,true,10,354,,
savory_steel_cut_oats,Savory Steel Cut Oats,1,45.0,2.3,6.5,13.5,3.4,1.82,true,14,263,,
puffed_rice_upma,Puffed Rice Upma,2,568.5,15.7,96.7,43.4,13.2,9.15,true,18,411,,
oatmeal_pancakes_oat_pancakes,Oatmeal Pancakes (Oat Pancakes),2,256.7,10.8,18.1,15.8,0.0,1.01,false,10,303,,
oats_uttapam,Oats Uttapam,1,125.7,4.3,24.0,0.8,5.7,3.74,true,8,292,,
soft_multigrain_roti,Soft Multigrain Roti,1,341.7,11.0,64.5,16.3,11.6,5.3,true,5,228,,
ragi_mudde,Ragi Mudde,1,504.8,11.3,105.1,9.4,17.6,7.26,true,4,192,,
veg_cheese_sandwich,Veg Cheese Sandwich,2,46.9,2.9,6.2,0.8,5.4,2.91,true,12,347,,
besan_bread_toast,Besan Bread Toast,1,235.0,15.5,32.9,16.6,13.1,5.9,true,14,221,,
bread_omelette_sandwich,Bread Omelette Sandwich,1,158.7,14.0,5.5,21.6,2.7,3.62,false,14,377,,
cheese_sandwich,Cheese Sandwich,1,7.6,0.3,1.3,0.1,0.1,0.2,true,6,200,,
eggless_banana_bread,Eggless Banana Bread,2,787.3,18.9,104.5,31.8,7.5,3.72,true,12,469,,
omelette,Omelette,1,142.5,13.6,1.9,21.6,2.2,3.11,false,9,195,,
grilled_sandwich,Grilled Sandwich,3,102.5,7.5,12.0,1.6,11.0,9.53,true,17,415,,
oatmeal_soup,Oatmeal Soup,1,209.7,9.0,36.0,2.5,3.0,3.17,true,11,335,,
mushroom_sandwich,Mushroom Sandwich,1,67.1,7.0,6.9,13.5,8.8,3.09,true,10,412,,
veg_sandwich,Veg Sandwich,1,99.1,5.2,15.4,14.0,4.0,2.44,true,10,393,,
veg_roll,Veg Roll,3,196.6,8.3,35.0,3.3,8.2,2.0,true,13,410,,
guacamole_sandwich,Guacamole Sandwich,1,86.7,5.0,10.2,1.1,7.0,5.41,true,12,571,,
sweet_appam,Sweet Appam,1,899.2,16.8,163.2,107.6,18.4,9.32,true,9,461,,
rava_vada,Rava Vada,1,553.1,19.8,110.6,1.8,19.5,7.03,true,12,381,,
garlic_cheese_toast,Garlic Cheese Toast,2,25.5,1.5,4.0,0.2,1.6,0.62,true,7,325,,
egg_sandwich,Egg Sandwich,6,212.5,18.7,6.8,11.4,14.4,19.02,false,14,420,,
chocolate_sandwich,Chocolate Sandwich,1,392.1,9.2,32.5,25.2,2.8,2.46,true,6,294,,
vegetable_soup,Vegetable Soup,1,118.3,7.1,17.7,7.7,12.0,3.03,true,17,294,,
masala_pav,Masala Pav,2,57.6,3.5,5.8,1.0,6.5,3.35,true,12,372,,
cheese_omelette,Cheese Omelette,1,135.2,13.1,1.1,14.0,1.7,2.8,false,6,155,,
sweet_paniyaram_bellam_ponganalu,Sweet Paniyaram (Bellam Ponganalu),2,496.3,10.6,86.7,11.3,3.9,2.96,true,6,268,,
sheera,Sheera,7,885.6,22.1,103.6,56.2,9.3,12.3,true,7,280,,
mushroom_omelette,Mushroom Omelette,1,212.6,19.6,10.7,22.3,10.0,6.69,false,13,404,,
overnight_oats,Overnight Oats,1,656.6,12.5,6.4,65.2,15.7,3.95,true,4,200,,
egg_dosa,Egg Dosa,1,454.7,23.1,57.8,32.2,9.1,6.27,false,8,588,,
eggless_banana_muffins,Eggless Banana Muffins,2,666.0,13.5,122.8,12.5,4.4,2.12,true,11,362,,
oats_scrambled_eggs,Oats Scrambled Eggs,1,226.2,20.8,4.5,26.4,2.5,4.65,false,11,409,,
french_toast,French Toast,1,283.4,8.1,47.0,7.6,0.0,0.93,false,8,444,,
butter_sevai,Butter Sevai,1,681.1,17.8,141.0,3.1,15.2,12.82,true,13,512,,
thattu_kadai_style_boiled_egg_omelette,Thattu Kadai Style Boiled Egg Omelette,1,207.7,18.6,16.1,7.2,8.9,13.29,false,14,290,,
leftover_rice_rotti,Leftover Rice Rotti,2,885.5,20.4,187.7,3.6,15.5,13.66,true,9,444,,
kara_appam,Kara Appam,2,484.1,12.5,84.0,9.9,9.1,6.69,true,17,182,,
sigappu_sola_kuzhi_paniyaram,Sigappu Sola Kuzhi Paniyaram,2,460.5,19.5,76.6,7.0,17.4,7.66,true,16,218,,
karupatti_appam,Karupatti Appam,1,656.0,18.7,138.1,1.4,11.0,2.48,true,9,323,,
parangikai_rotti,Parangikai Rotti,2,534.1,22.0,98.2,8.2,25.1,9.67,true,15,464,,
tofu_sandwich,Tofu Sandwich,2,98.2,8.6,5.9,4.9,3.5,2.52,true,16,317,,
vendhaya_keerai_rotti,Vendhaya Keerai Rotti,2,499.6,22.3,89.7,4.0,24.6,14.65,true,17,369,,
ros_omelette,Ros Omelette,4,332.3,18.5,28.8,18.1,20.9,11.09,false,31,397,,
red_rice_poha,Red Rice Poha,2,667.9,17.3,138.8,3.1,13.4,11.22,true,18,430,,
ramaserri_idli,Ramaserri Idli,4,838.3,24.7,172.7,3.1,13.3,10.96,true,7,326,,
medu_vadai_waffles,Medu Vadai Waffles,1,736.7,45.1,123.2,16.7,27.3,13.21,true,13,379,,
savoury_lentil_pancakes,Savoury Lentil Pancakes,1,54.6,3.1,7.3,1.0,5.5,3.15,true,10,379,,
pichipotta_chapati_omelette,Pichipotta Chapati Omelette,2,479.4,21.9,64.7,14.7,8.6,4.94,false,20,360,,
bread_omelette,Bread Omelette,1,166.5,13.2,1.5,11.9,1.8,3.22,false,11,258,,
oatmeal_banana_pancakes,Oatmeal Banana Pancakes,3,527.5,18.2,93.6,7.3,39.4,15.44,false,8,347,,
pumpkin_pancakes_with_homemade_pumpkin_puree,Pumpkin Pancakes With Homemade Pumpkin Puree,1,435.5,19.6,74.0,5.9,8.6,7.36,false,10,252,,
bombay_grilled_sandwich,Bombay Grilled Sandwich,2,163.3,6.6,15.5,7.6,9.6,8.25,true,15,408,,
besan_cheela_how_to_make_besan_chilla,"Besan Cheela, How To Make Besan Chilla",1,329.7,21.9,44.8,5.7,31.8,11.52,true,9,254,,
leftover_chapati_upma,Leftover Chapati Upma,2,606.2,25.9,83.0,17.5,5.8,4.34,false,9,388,,
pondicheri_beet_uttapam,Pondicheri Beet Uttapam,3,335.2,9.4,59.1,6.5,1.9,0.4,true,6,338,,
vegan_beet_sliders,Vegan Beet Sliders,1,237.2,4.1,10.1,28.1,7.7,3.58,true,11,559,,
veggie_breakfast_scramble_healthy_zero_oil,"Veggie Breakfast Scramble, Healthy Zero Oil",2,154.2,13.6,18.7,2.0,19.5,6.66,true,9,446,,
corn_and_mayo_sandwich_corn_mayonnaise_sandwich,"Corn And Mayo Sandwich, Corn Mayonnaise Sandwich",3,188.6,8.2,12.0,12.8,5.5,1.53,false,11,339,,
doughnuts,Doughnuts,2,689.7,23.0,120.9,11.6,4.2,3.28,false,11,454,,
israeli_shakshuka,Israeli Shakshuka,1,445.6,33.9,34.1,18.6,12.6,8.63,false,10,525,,
aloo_poha,Aloo Poha,2,380.0,9.1,78.8,21.2,8.2,7.02,true,13,332,,
egg_salad_sandwich,Egg Salad Sandwich,1,719.5,14.1,2.7,85.3,1.8,2.54,false,8,457,,
traditional_pancakes,Traditional Pancakes,2,547.1,19.4,104.4,4.1,12.9,5.39,false,9,252,,
thattapayaru_kara_kuzhambu,Thattapayaru Kara Kuzhambu,3,309.1,9.7,39.6,11.9,11.2,4.79,true,22,438,,
egg_fried_rice_how_to_make_egg_fried_rice,"Egg Fried Rice, How To Make Egg Fried Rice",1,372.7,22.6,45.5,35.2,16.0,11.75,false,9,516,,
vegetable_fried_rice_easy_fried_rice,"Vegetable Fried Rice, Easy Fried Rice",2,398.1,12.7,79.5,1.7,10.6,7.74,true,9,438,,
sambar_sadam_sambar_rice,"Sambar Sadam, Sambar Rice",2,608.9,20.9,74.0,26.3,20.4,8.85,true,19,406,,
vegetable_pulao,Vegetable Pulao,3,707.2,16.0,80.3,34.7,23.9,9.62,true,13,422,,
kalkandu_pongal,Kalkandu Pongal,4,840.3,19.0,113.9,36.4,11.9,13.32,true,9,331,,
vangi_bath_kathirikkai_sadam_brinjal_rice,"Vangi Bath, Kathirikkai Sadam, Brinjal Rice",2,545.0,15.4,80.2,16.8,21.9,7.02,true,14,413,,
kothamalli_sadam_coriander_rice_kothamalli_rice,"Kothamalli Sadam, Coriander Rice, Kothamalli Rice",2,465.1,10.7,70.1,15.2,9.3,5.93,true,13,193,,
akkaravadisal,Akkaravadisal,6,816.9,23.6,82.6,51.7,10.2,8.97,true,10,375,,
how_to_cook_kerala_matta_rice,How To Cook Kerala Matta Rice,1,71.4,16.3,0.0,0.6,0.0,0.79,false,2,120,,
ramzan_nombu_kanji,Ramzan Nombu Kanji,1,189.8,4.2,5.4,20.9,9.0,2.92,true,12,198,,
tamilnadu_brinji,Tamilnadu Brinji,2,792.9,17.5,80.9,47.7,24.0,12.04,true,16,484,,
morkali,Morkali,1,795.4,17.4,128.7,22.3,13.5,3.46,true,8,273,,
arisi_paruppu_saadham,Arisi Paruppu Saadham,2,431.2,15.3,83.1,9.0,14.8,9.79,true,15,360,,
chettinad_style_spicy_mushroom_biryani,Chettinad Style Spicy Mushroom Biryani,11,427.8,16.0,46.6,22.4,12.0,10.81,true,18,388,,
tomato_rice_with_coconut_milk_made_in_pressure_cooker,Tomato Rice With Coconut Milk Made In Pressure Cooker,5,750.3,12.5,55.6,58.0,21.9,7.77,true,13,318,,
vegetable_biryani_in_pressure_cooker,Vegetable Biryani In Pressure Cooker,4,265.4,14.0,45.0,8.3,18.2,16.53,true,17,416,,
madras_chicken_dum_biryani,Madras Chicken Dum Biryani,7,330.7,11.0,64.6,9.4,15.8,7.86,true,17,427,,
burnt_garlic_fried_rice,Burnt Garlic Fried Rice,3,520.0,20.7,89.7,8.8,11.6,7.08,false,14,435,,
peas_pulao,Peas Pulao,5,435.4,16.5,73.3,19.9,18.1,12.47,true,17,393,,
thalappakatti_biriyani,Thalappakatti Biriyani,6,378.9,11.5,73.7,17.4,13.4,5.9,true,17,375,,
south_indian_style_mushroom_biriyani,South Indian Style Mushroom Biriyani,4,233.8,13.8,23.0,21.5,15.5,8.86,false,19,381,,
easy_capsicum_fried_rice_bell_pepper_rice,Easy Capsicum Fried Rice / Bell Pepper Rice,2,515.5,20.6,97.8,15.7,23.4,12.05,true,13,375,,
sakkarai_pongal_sweet_pongal,பொங்கல் Sakkarai Pongal / Sweet Pongal,1,594.2,9.6,109.5,63.2,3.6,8.05,true,10,289,,
ven_pongal_khara_pongal,Ven Pongal / Khara Pongal,1,758.0,19.0,133.2,53.4,10.9,11.26,true,12,396,,
manju_aunties_thenga_paal_saadam_coconut_milk_rice_pilaf,Manju Aunties Thenga Paal Saadam / Coconut Milk Rice Pilaf,2,487.9,14.5,98.1,8.8,23.6,8.83,true,10,330,,
masala_solam_appam,Masala Solam Appam,2,472.4,14.3,67.8,17.3,11.2,9.1,true,16,168,,
oats_dosai,Oats Dosai,2,522.6,22.1,92.9,5.5,12.2,9.65,true,7,270,,
masala_sola_paniyaram,Masala Sola Paniyaram,3,464.2,14.4,82.9,7.2,9.5,5.86,true,12,364,,
elaneer_appam,Elaneer Appam,1,249.3,5.2,53.2,1.3,2.3,2.67,true,6,558,,
idli_pizza_idli_pizza_made_in_tawa,"Idli Pizza , Idli Pizza Made In Tawa",2,142.0,5.1,27.5,0.9,4.1,1.8,true,9,305,,
multigrain_idli_and_dosai_batter,Multigrain Idli And Dosai Batter,4,476.8,17.3,94.3,2.0,9.3,6.2,true,5,400,,
muttai_kari_dosai,Muttai Kari Dosai,1,346.2,41.2,11.3,14.8,9.8,14.57,false,15,459,,
idli_and_dosai_batter,Idli And Dosai Batter,2,512.5,16.8,101.9,2.4,12.6,7.28,true,5,178,,
mudakathan_keerai_dosai,Mudakathan Keerai Dosai,2,590.1,18.6,114.5,5.0,10.1,10.96,true,8,202,,
coconut_idli_podi,Coconut Idli Podi,3,611.9,19.0,62.9,37.7,22.8,5.25,true,13,323,,
sorrakkai_dosai_bottlegourd_dosa,"Sorrakkai Dosai, Bottlegourd Dosa",1,94.4,5.8,11.5,2.0,13.7,5.23,true,8,290,,
benne_dosa_butter_dosa,"Benne Dosa, Butter Dosa",3,673.4,17.2,141.6,2.7,7.4,8.37,true,6,223,,
murungai_keerai_ragi_adai,Murungai Keerai Ragi Adai,2,503.9,19.0,90.8,5.3,28.7,13.04,true,10,356,,
veg_omelette_with_sprouted_grains_and_ladies_finger,Veg Omelette With Sprouted Grains And Ladies Finger,1,667.1,57.1,95.3,3.5,18.5,7.77,false,10,467,,
red_rice_idli,Red Rice Idli,3,883.1,42.9,163.9,3.4,23.5,12.65,true,5,312,,
radish_dosai_mullangi_dosai,"Radish Dosai, Mullangi Dosai",1,73.5,5.7,8.0,1.5,6.7,9.16,true,7,271,,
cholam_idli_dosai_batter,Cholam Idli Dosai Batter,1,553.5,12.3,121.3,0.9,5.9,1.13,true,2,185,,
kollu_dosai_horsegram_lentil_dosa,"Kollu Dosai, Horsegram Lentil Dosa",2,393.6,11.9,75.2,3.4,6.1,2.57,true,5,344,,
kottaimuthu_idli,Kottaimuthu Idli,5,749.2,24.7,147.1,5.1,12.4,12.06,true,6,374,,
ragi_adai_dosai,Ragi Adai Dosai,1,651.0,25.6,122.8,4.7,19.7,9.31,true,6,231,,
instant_millet_dosa,Instant Millet Dosa,1,662.7,21.2,95.8,20.5,16.2,7.12,true,8,201,,gingely oil for making dosa
brown_rice_idli,Brown Rice Idli,2,899.6,38.0,153.0,12.7,21.3,19.27,true,5,302,,
malligai_poo_idli,Malligai Poo Idli,3,726.5,23.8,147.4,2.7,11.7,9.46,true,4,284,,
bellappa_dosa_yeast_dosa_dosa_batter_with_yeast,"Bellappa Dosa, Yeast Dosa, Dosa Batter With Yeast",2,578.6,13.3,124.0,1.9,6.5,7.36,true,6,193,,
vendhaya_dosai_vendaya_dosa_methi_dosa,"Vendhaya Dosai, Vendaya Dosa, Methi Dosa",1,651.7,21.5,131.4,2.6,12.0,8.69,true,5,222,,
neer_dosa_mangalorean_style_neer_dosa,"Neer Dosa, Mangalorean Style Neer Dosa",1,755.6,14.0,123.2,22.0,10.5,8.01,true,3,222,,
pasi_paruppu_dosai,Pasi Paruppu Dosai,1,783.3,11.8,120.7,27.3,5.7,7.06,true,5,277,,oil for the griddle to cook dosa
kaima_idli_tamilnadu_style_fried_idli,"Kaima Idli, Tamilnadu Style Fried Idli",3,186.4,8.5,32.6,4.1,9.6,5.47,true,16,428,,
ragi_dosa_with_urad_dal_and_ragi_flour,Ragi Dosa With Urad Dal And Ragi Flour,1,674.6,23.3,131.8,3.9,23.8,9.71,true,3,247,,
chettinad_kara_adai,Chettinad Kara Adai,2,583.6,19.8,71.9,23.1,18.3,7.49,true,15,261,,oil for griddle
mutton_kari_dosai_madurai_konar_kadai_style,"Mutton Kari Dosai, Madurai Konar Kadai Style",1,680.9,39.9,94.3,14.2,0.0,1.96,false,2,520,,
instant_ragi_dosa,Instant Ragi Dosa,2,471.4,8.8,73.8,14.8,12.5,6.51,true,11,259,,oil for dosa
murugal_dosai_dosa_batter,Murugal Dosai / Dosa Batter,2,783.9,24.9,160.1,2.9,12.1,10.1,true,7,266,,
how_to_make_soft_idli_batter_using_mixie_method,How To Make Soft Idli Batter Using Mixie Method,4,862.5,26.8,176.3,3.3,14.2,11.33,true,5,293,,
chola_paniyaram,Chola Paniyaram,2,287.5,15.1,49.0,2.2,12.3,4.39,true,7,316,,
vegetable_kuzhi_paniyaram,Vegetable Kuzhi Paniyaram,2,664.4,23.7,86.7,29.4,29.7,14.1,true,17,396,,
tomato_salan,Tomato Salan,1,363.7,14.3,28.1,46.1,23.8,9.67,true,19,528,,
badanekayi_palya,Badanekayi Palya,2,265.0,10.5,17.9,41.6,16.7,10.32,true,19,374,,
dahi_aloo,Dahi Aloo,4,165.0,7.1,25.2,6.1,15.0,5.21,true,17,386,,
bendakaya_pulusu,Bendakaya Pulusu,2,166.7,11.4,21.6,15.6,19.1,6.73,true,21,401,,
tomato_curry,Tomato Curry,2,248.1,10.8,41.0,7.4,26.0,11.99,true,16,452,,
soya_roast,Soya Roast,2,777.4,48.2,68.9,44.8,55.3,20.14,true,19,394,,
baingan_bharta,Baingan Bharta,2,92.7,5.7,12.2,3.7,12.8,3.73,true,13,334,,
vrat_wale_aloo,Vrat Wale Aloo,2,154.7,5.4,28.3,14.2,7.5,3.95,true,13,379,,
bharwa_baingan,Bharwa Baingan,4,129.9,5.4,10.9,12.9,13.8,4.16,true,20,375,,
pitod_ki_sabji,Pitod Ki Sabji,2,105.2,6.8,13.9,14.9,6.3,3.5,true,16,324,,
lauki_ka_bharta,Lauki Ka Bharta,1,119.2,7.3,16.5,27.2,11.7,7.04,true,14,438,,
rajasthani_kadhi,Rajasthani Kadhi,2,200.2,8.8,31.2,16.5,16.7,6.91,true,18,307,,
bharwa_karela,Bharwa Karela,2,269.4,7.7,23.0,19.8,16.8,7.24,true,20,441,,
kala_chana,Kala Chana,2,441.9,23.4,67.4,28.2,36.8,15.75,true,22,492,,
veg_egg_curry,Veg Egg Curry,2,308.2,17.8,32.9,23.7,8.9,4.99,true,20,498,,
south_indian_curry,South Indian Curry,3,350.5,10.4,18.5,34.1,17.6,4.82,true,18,356,,
onion_kulambu,Onion Kulambu,4,320.7,18.1,38.6,9.4,38.3,15.87,true,20,449,,
curry_without_onion_and_garlic,Curry Without Onion And Garlic,5,312.3,11.0,49.8,16.8,24.1,9.5,true,17,362,,
leftover_roti_kofta_curry,Leftover Roti Kofta Curry,4,319.0,10.6,50.3,13.8,10.3,4.74,true,21,363,,
veg_nizami_handi,Veg Nizami Handi,8,394.8,26.9,34.8,18.3,16.4,7.2,true,31,403,,
kathal_ki_sabji,Kathal Ki Sabji,4,178.6,8.6,29.3,8.6,27.1,5.83,true,18,390,,
arbi_ki_sabji,Arbi Ki Sabji,3,284.1,9.3,37.3,18.7,3.6,2.31,true,18,410,,taro
drumstick_curry,Drumstick Curry,4,246.3,18.8,17.8,16.2,25.3,13.95,true,19,412,,
soya_chaap_masala_gravy,Soya Chaap Masala Gravy,3,655.1,55.3,37.1,38.1,42.4,17.16,true,18,436,,
achari_baingan,Achari Baingan,2,277.4,10.3,46.0,17.2,23.2,9.3,true,24,416,,
aloo_sabzi_for_puri,Aloo Sabzi For Puri,3,270.8,8.9,50.9,11.0,14.0,7.01,true,19,374,,
veg_jalfrezi,Veg Jalfrezi,3,183.7,13.7,24.7,10.5,22.5,5.24,true,23,411,,
meal_maker_curry,Meal Maker Curry,2,705.9,46.5,46.3,48.3,37.2,16.83,true,18,467,,
onion_curry,Onion Curry,5,84.9,6.2,10.0,6.3,14.6,8.46,true,16,380,,
dahi_bhindi,Dahi Bhindi,4,111.0,6.0,17.2,14.0,13.5,4.67,true,15,357,,
veg_tawa_fry,Veg Tawa Fry,3,96.8,6.6,13.5,3.8,14.0,3.29,true,21,340,,
salna,Salna,2,375.0,13.7,43.4,21.1,33.4,15.5,true,19,442,,
ridge_gourd,Ridge Gourd,2,489.2,9.6,16.5,57.5,18.5,6.15,true,21,391,,
bharli_vangi,Bharli Vangi,2,222.9,7.4,14.6,27.1,15.8,4.9,true,20,436,,
kakarakaya_pulusu,Kakarakaya Pulusu,1,324.2,18.4,44.0,45.0,34.7,13.18,true,19,474,,
brinjal_tomato_curry,Brinjal Tomato Curry,2,83.2,4.9,9.8,14.8,10.4,4.01,true,12,324,,
mugachi_usal,Mugachi Usal,1,251.1,7.0,11.9,44.7,11.8,6.39,true,16,562,,
banana_appam,Banana Appam,1,757.6,14.4,166.9,1.7,8.7,4.39,true,5,459,,
cabbage_vada,Cabbage Vada,2,367.0,25.4,53.1,4.6,18.2,7.49,true,10,303,,
poha_cutlet,Poha Cutlet,2,495.3,12.5,103.1,2.2,10.9,7.4,true,17,420,,
corn_vada,Corn Vada,1,552.9,23.6,92.8,7.6,29.4,13.59,true,12,500,,
namak_pare,Namak Pare,1,718.1,21.1,151.5,39.8,5.6,3.61,true,5,288,,
boondi,Boondi,2,461.3,25.6,61.4,11.6,16.9,8.24,true,10,170,,
veg_kebab,Veg Kebab,3,272.9,14.8,40.2,13.2,15.3,5.41,true,21,438,,
thenkuzhal_murukku,Thenkuzhal Murukku,2,453.4,13.9,92.0,2.1,7.5,6.4,true,6,169,,
moong_dal_chakli,Moong Dal Chakli,1,722.2,15.2,156.6,2.3,7.1,9.1,true,7,392,,
palak_pakoda,Palak Pakoda,1,473.4,27.4,72.3,6.7,23.6,13.8,true,13,424,,
soya_chunks_cutlet,Soya Chunks Cutlet,1,682.8,58.2,43.6,28.6,39.7,16.72,true,10,331,,
soya_chilli,Soya Chilli,1,568.8,50.1,27.3,52.0,36.4,14.14,true,14,502,,
moong_dal_vada,Moong Dal Vada,1,47.3,3.0,5.1,1.3,6.2,4.8,true,10,301,,
lauki_pakora,Lauki Pakora,1,468.3,27.1,72.2,6.3,23.2,12.09,true,13,338,,
pizza_puff,Pizza Puff,2,455.7,18.0,88.2,14.5,17.3,4.32,true,16,446,,
aloo_cutlet,Aloo Cutlet,2,249.2,6.6,50.9,1.3,7.0,3.21,true,15,364,,
aloo_pakora,Aloo Pakora,1,579.5,28.0,98.6,6.4,21.2,10.34,true,9,424,,
alasanda_vada,Alasanda Vada,1,196.6,7.2,25.3,6.8,6.3,3.36,true,9,271,,alsanda
honey_chilli_potato,Honey Chilli Potato,2,236.0,9.1,43.6,14.2,12.4,5.36,true,20,490,,
aloo_chop,Aloo Chop,2,427.2,22.6,65.2,19.7,23.9,9.56,true,16,364,,
murmura_snack,Murmura Snack,1,670.2,17.0,49.6,82.8,15.7,8.45,true,14,345,,
cauliflower_pakoda,Cauliflower Pakoda,1,855.1,56.0,124.1,12.3,41.0,20.44,true,10,580,,
methi_pakoda,Methi Pakoda,1,464.5,27.0,71.4,6.5,21.2,11.71,true,12,272,,
kodubale,Kodubale,1,797.4,21.6,119.5,50.0,25.9,8.43,true,10,289,,
peanut_masala,Peanut Masala,2,883.2,30.8,55.9,63.6,10.1,10.13,true,12,221,,
chilli_gobi,Chilli Gobi,2,197.0,11.3,33.2,5.5,11.1,6.1,true,18,319,,
mughlai_paratha,Mughlai Paratha,2,719.1,36.2,95.9,32.9,7.0,4.53,true,14,418,,
aloo_pyaz_pakora,Aloo Pyaz Pakora,2,321.9,16.2,53.1,3.7,16.1,8.48,true,16,329,,
sweet_bonda,Sweet Bonda,2,625.4,12.6,138.0,1.2,4.9,4.45,true,7,278,,
maddur_vada,Maddur Vada,2,511.1,15.1,106.1,1.5,10.3,6.48,true,11,274,,
challa_punugulu,Challa Punugulu,1,749.6,23.2,154.5,2.6,9.3,6.14,true,7,485,,
veg_crispy,Veg Crispy,5,158.3,11.7,21.2,7.2,15.7,3.58,true,23,399,,
veg_frankie,Veg Frankie,2,591.1,17.3,121.2,14.9,8.9,5.24,true,21,474,,
masala_vada,Masala Vada,1,857.9,55.7,129.3,10.3,38.8,16.14,true,10,392,,
baby_corn_manchurian,Baby Corn Manchurian,2,307.8,12.2,52.5,16.6,19.0,5.46,true,19,475,,
butter_murukku,Butter Murukku,2,665.5,20.2,136.9,2.4,9.9,8.61,true,6,262,,
thengai_paal_murukku,Thengai Paal Murukku,4,801.5,14.2,56.6,57.6,17.9,6.26,true,7,195,,
ulli_vada,Ulli Vada,2,196.8,10.5,32.4,1.6,14.9,8.62,true,10,328,,
bread_65,Bread 65,1,325.9,10.5,65.0,27.2,6.7,5.16,true,15,316,,
methi_vada,Methi Vada,1,854.0,59.0,127.1,8.8,39.6,21.35,true,10,518,,
samosa_bites,Samosa Bites,2,512.9,16.5,104.4,31.6,9.8,4.78,true,18,411,,
chawal_ke_pakode,Chawal Ke Pakode,2,765.0,17.5,162.6,3.1,11.7,11.71,true,12,331,,
suji_ke_namak_pare,Suji Ke Namak Pare,2,531.7,18.2,108.1,14.3,15.9,5.12,true,6,209,,
vermicelli_vada,Vermicelli Vada,2,438.8,14.7,89.1,1.3,14.0,4.62,true,9,304,,
sev,Sev,1,428.8,24.0,67.7,5.8,16.6,7.83,true,6,151,,
suji_potato_bites,Suji Potato Bites,2,447.2,17.5,83.2,16.4,15.6,6.51,true,16,311,,
crispy_bhindi_popcorn,Crispy Bhindi Popcorn,2,278.9,12.4,51.7,1.3,15.5,4.26,true,8,456,,
ginger_candy,Ginger Candy,2,642.2,4.7,150.9,2.0,4.0,9.7,true,6,279,,
cornflakes_mixture,Cornflakes Mixture,2,466.4,10.5,21.4,207.7,13.0,5.45,true,14,369,,
10_diwali_snacks_with_1_dough,10+ Diwali Snacks With 1 Dough,3,705.3,17.1,150.1,2.5,7.7,8.3,true,9,252,,
aloo_65,Aloo 65,5,248.6,13.8,39.7,2.2,26.7,13.13,true,11,404,,
veg_nuggets,Veg Nuggets,2,218.4,9.9,37.9,2.3,9.1,3.93,true,12,321,,
vegetarian_lasagna,Vegetarian Lasagna,3,534.4,24.6,86.3,8.1,11.5,6.57,true,13,463,,lasagna sheet
frankie,Frankie,3,232.9,6.4,47.4,22.3,8.6,3.51,true,16,356,,
rice_pakora,Rice Pakora,1,814.4,29.1,155.6,6.1,22.6,16.43,true,12,421,,
sweet_potato_cutlet,Sweet Potato Cutlet,2,318.7,12.2,57.9,35.3,8.4,2.14,true,10,328,,
alu_vadi,Alu Vadi,6,257.3,17.7,26.2,8.5,36.0,19.96,true,15,392,,
roasted_makhana,Roasted Makhana,3,729.4,23.1,28.4,68.3,0.3,0.21,true,6,161,,foxnut
mushroom_tikka,Mushroom Tikka,1,141.0,16.8,11.6,15.3,17.0,3.92,true,9,534,,
ragda,Ragda,1,111.3,9.6,16.3,13.1,8.9,2.64,true,6,169,,
onion_pakoda,Onion Pakoda,1,541.1,29.9,85.3,6.8,29.1,20.79,true,8,436,,
garlic_bread,Garlic Bread,1,2.6,0.1,0.5,0.0,0.1,0.02,true,5,32,,
chilli_mushroom,Chilli Mushroom,3,228.0,12.4,38.9,1.6,14.8,5.13,true,13,351,,
methi_puri,Methi Puri,1,705.7,26.5,135.6,16.9,29.7,15.91,true,8,410,,
mirchi_vada,Mirchi Vada,2,265.6,13.8,43.2,3.3,11.2,4.85,true,13,495,,
moong_dal_pakoda,Moong Dal Pakoda,1,46.8,2.2,6.0,1.3,4.5,1.74,true,7,250,,
rice_cutlet,Rice Cutlet,1,634.2,15.2,133.4,41.0,11.5,10.88,true,10,402,,
instant_pot_pav_bhaji,Instant Pot Pav Bhaji,6,79.0,4.3,12.3,0.7,5.5,2.54,true,19,428,,
chutney_sandwich,Chutney Sandwich,4,59.8,1.7,1.3,5.3,2.8,1.95,true,7,386,,
chivda,Chivda,6,458.0,23.4,64.1,21.3,39.6,22.67,true,13,368,,
sweet_paniyaram_with_jaggery,Sweet Paniyaram (With Jaggery),2,519.3,6.1,98.5,10.6,2.6,4.65,true,6,217,,
mango_chaat,Mango Chaat,2,405.6,10.1,82.6,2.4,10.8,7.62,true,14,439,,
tandoori_aloo,Tandoori Aloo,2,325.3,8.5,60.4,23.8,14.7,4.3,true,13,312,,
cabbage_vada_south_indian_style,Cabbage Vada (South Indian Style),1,613.2,42.5,89.6,7.0,32.4,12.65,true,12,578,,
veg_kabab,Veg Kabab,5,241.1,21.1,28.7,3.3,22.1,24.44,true,12,404,,
kerala_banana_chips,Kerala Banana Chips,2,147.5,1.8,32.9,153.5,3.3,1.49,true,5,332,,
aloo_tikki_chole,Aloo Tikki Chole,2,377.1,9.6,68.7,37.6,12.0,5.76,true,18,424,,
puffed_rice,Puffed Rice,2,621.3,12.8,132.9,7.1,5.9,8.15,true,7,276,,
kanda_bhaji,Kanda Bhaji,1,200.9,13.6,27.6,7.3,14.4,7.04,true,4,215,,
veg_puff,Veg Puff,2,784.1,13.5,70.5,71.5,8.6,3.83,true,10,395,,
potato_wedges_fried_and_baked,Potato Wedges (Fried And Baked),1,245.2,5.2,44.9,4.6,4.6,1.97,true,8,306,,
stuffed_mushrooms,Stuffed Mushrooms,2,575.5,37.2,94.5,3.6,21.3,9.49,true,8,242,,
chilli_cheese_toast,Chilli Cheese Toast,1,791.5,29.6,136.5,12.4,17.0,17.87,true,5,348,,
aloo_bhujia,Aloo Bhujia,5,137.2,14.2,13.2,2.0,17.9,25.1,true,8,390,,
sesame_toast,Sesame Toast,2,201.2,9.9,36.5,0.9,8.7,3.09,true,15,315,,
cabbage_pakoda_cabbage_fritters,Cabbage Pakoda (Cabbage Fritters),1,209.4,14.3,28.6,3.3,19.8,7.06,true,10,275,,
pizza_puffs_with_puff_pastry_sheets,Pizza Puffs (With Puff Pastry Sheets),2,728.8,10.0,62.2,48.8,1.4,0.99,true,6,231,,
kala_chana_chaat_black_chickpeas_chaat,Kala Chana Chaat (Black Chickpeas Chaat),1,604.3,40.7,82.9,9.3,48.6,18.09,true,12,530,,
ribbon_pakoda,Ribbon Pakoda,1,479.4,23.0,81.1,5.7,17.5,8.24,true,9,200,,
club_sandwich,Club Sandwich,3,318.9,5.3,11.3,27.8,5.2,2.06,true,20,383,,
corn_pakoda,Corn Pakoda,2,385.8,23.8,54.7,6.1,29.2,13.27,true,12,462,,
chana_dal_pakora_lentil_fritters,Chana Dal Pakora (Lentil Fritters),1,342.4,22.2,47.9,5.6,19.3,9.86,true,11,240,,
methi_na_gota,Methi Na Gota,4,694.0,24.4,136.0,6.0,25.9,10.5,true,14,309,,
oats_chivda,Oats Chivda,7,873.0,33.1,25.4,72.3,29.9,16.64,true,10,323,,
chilli_idli,Chilli Idli,2,411.0,13.2,82.7,14.5,2.2,0.86,true,11,421,,
red_sauce_pasta_with_vegetables_red_pasta,Red Sauce Pasta With Vegetables (Red Pasta),3,399.6,19.9,69.5,3.7,9.9,3.91,true,19,349,,
bhakarwadi,Bhakarwadi,1,767.5,39.1,122.6,49.4,25.8,11.93,true,15,379,,
rajma_kebab,Rajma Kebab,1,391.2,22.8,66.6,23.5,21.1,8.64,true,8,324,,
idli_chaat,Idli Chaat,4,354.1,10.8,64.7,14.2,2.9,1.77,true,14,395,,
goli_baje,Goli Baje,3,296.7,20.3,37.6,5.4,38.3,19.83,true,11,351,,
unniyappam,Unniyappam,3,663.7,14.3,121.9,15.9,28.4,12.5,true,12,293,,
ram_laddu,Ram Laddu,1,326.1,23.1,46.5,4.0,18.8,12.06,true,16,371,,
cornflakes_chivda,Cornflakes Chivda,4,343.7,22.2,35.8,10.6,35.7,18.75,true,10,358,,cornflakes - not the ready to eat cereal variety
mirchi_pakoda,Mirchi Pakoda,1,385.0,24.7,54.7,6.3,21.0,8.02,true,7,255,,
masala_papad,Masala Papad,1,838.6,41.8,132.9,7.6,6.8,4.47,true,8,448,,
chilli_potato,Chilli Potato,2,208.4,6.8,39.9,1.5,9.8,3.83,true,18,394,,
masala_pasta_north_indian_style,Masala Pasta (North Indian Style),1,108.0,7.3,14.8,1.4,12.0,5.82,true,16,472,,
corn_kebab,Corn Kebab,2,452.9,11.3,93.6,2.2,10.6,6.3,true,13,419,,
spinach_wraps_spinach_rolls,Spinach Wraps (Spinach Rolls),3,406.2,21.3,55.0,14.6,12.5,7.92,true,18,344,,
dahi_ke_kabab_yogurt_kebab,Dahi Ke Kabab (Yogurt Kebab),1,232.6,15.3,32.2,29.5,12.5,5.94,true,10,519,,
khada_pav_bhaji_with_vegetable_chunks,Khada Pav Bhaji (With Vegetable Chunks),4,121.6,6.1,20.2,1.0,9.8,3.24,true,16,361,,
banana_bajji,Banana Bajji,1,758.6,28.8,140.7,6.8,22.5,15.17,true,8,402,,
thayir_vadai,Thayir Vadai,2,426.4,23.8,49.2,19.9,21.3,7.81,true,12,435,,
macaroni,Macaroni,2,126.5,7.0,20.2,13.9,4.7,2.89,true,15,371,,
bhutte_ka_kees,Bhutte Ka Kees,1,224.2,8.1,25.7,22.1,9.5,3.36,true,12,308,,
buttered_corn,Buttered Corn,1,193.7,7.2,31.0,3.5,15.7,3.9,true,6,362,,
masala_bread,Masala Bread,3,43.2,1.7,3.1,9.3,3.1,1.75,true,12,352,,
murukku,Murukku,1,508.6,17.7,101.3,27.7,9.3,7.15,true,9,205,,
vegetable_pakora,Vegetable Pakora,1,232.1,16.3,31.2,3.7,16.5,8.05,true,15,342,,
taco,Taco,4,227.4,37.6,9.7,3.8,4.3,4.52,false,13,397,,
thattai,Thattai,1,628.7,17.0,96.4,18.4,13.7,8.2,true,11,219,,
baingan_pakora_brinjal_bajji,Baingan Pakora (Brinjal Bajji),2,238.4,15.1,33.6,3.8,18.6,4.61,true,9,366,,
vegetable_chop,Vegetable Chop,2,189.0,5.7,38.0,0.8,7.3,1.92,true,11,354,,
curd_sandwich,Curd Sandwich,3,18.4,0.9,2.8,0.3,2.0,0.61,true,9,385,,
lilva_kachori,Lilva Kachori,1,765.6,24.3,131.0,52.4,11.0,8.03,true,16,398,,
jini_dosa,Jini Dosa,3,295.6,8.9,56.4,2.7,4.6,1.82,true,12,359,,
zucchini_fritters,Zucchini Fritters,2,333.8,9.6,22.6,23.9,11.0,4.03,true,12,465,,
thekua,Thekua,2,368.9,8.4,70.7,177.3,8.4,4.45,true,9,326,,
mirchi_bajji,Mirchi Bajji,1,760.1,43.9,108.3,13.4,42.7,20.26,true,15,575,,
mixture,Mixture,11,831.2,31.6,57.6,52.6,23.0,16.29,true,18,320,,omapodi
chilli_gobi_cauliflower_chilli,Chilli Gobi (Cauliflower Chilli),1,507.7,19.1,96.9,2.8,17.7,7.79,true,18,504,,
egg_fried_noodles,Egg Fried Noodles,3,332.9,24.2,31.8,11.5,11.7,5.48,false,13,465,,
chilli_parotta,Chilli Parotta,1,346.5,14.5,53.4,26.0,11.0,4.17,true,13,354,,paratha
quinoa_pulao_vegetable_quinoa,Quinoa Pulao (Vegetable Quinoa,5,378.5,25.8,55.3,13.2,26.4,22.54,true,18,416,,
chapati,Chapati,1,652.8,21.6,130.9,92.4,23.2,8.36,true,5,345,,
perugu_vada,Perugu Vada,1,533.3,28.9,71.8,25.0,26.4,9.32,true,15,379,,
shrimp_curry,Shrimp Curry,3,873.8,35.8,16.0,81.7,24.0,7.36,false,15,461,,
tofu_bhurji,Tofu Bhurji,1,292.5,10.8,35.3,30.0,9.4,5.82,true,16,523,,firm tofu
mango_curry,Mango Curry,3,632.9,12.5,28.8,58.2,27.7,6.94,true,19,263,,
egg_puff,Egg Puff,3,232.6,21.5,15.5,14.5,26.1,15.04,false,13,338,,
kerala_meen_fish_curry,Kerala Meen (Fish) Curry,6,534.0,47.1,20.5,37.4,15.0,4.36,false,19,399,,kudampuli
yakhni_pulao_mutton_pulao,Yakhni Pulao (Mutton Pulao),3,388.4,18.1,59.1,11.6,31.4,13.57,false,25,422,,
keema_naan,Keema Naan,2,684.1,39.1,100.1,25.7,7.2,6.67,false,20,496,,
thecha,Thecha,1,80.4,5.4,8.9,6.3,8.7,5.61,true,7,224,,
soya_chaap,Soya Chaap,6,801.9,43.2,35.3,57.4,22.1,12.42,true,18,272,,
lamb_madras,Lamb Madras,2,178.4,12.9,19.8,23.1,19.7,8.63,false,18,420,,
vegetable_tikka_masala,Vegetable Tikka Masala,4,622.5,34.2,57.9,27.1,22.3,9.94,false,24,419,,cup oil
shrimp_vindaloo,Shrimp Vindaloo,3,684.7,34.7,96.0,23.4,57.8,19.48,false,20,406,,
gujiya,Gujiya,2,862.5,30.0,103.4,61.4,7.7,5.79,true,10,328,,
mung_bean_soup,Mung Bean Soup,5,224.1,11.5,35.6,7.7,14.4,7.08,true,13,436,,
chana_dal,Chana Dal,2,562.3,29.3,88.5,20.9,35.3,16.37,true,24,429,,
brinjal_curry,Brinjal Curry,3,117.6,7.2,16.3,16.6,14.2,6.98,true,16,390,,
garlic_green_beans,Garlic Green Beans,2,647.3,46.7,104.8,12.3,19.0,7.85,true,8,301,,
toor_dal_arhar_dal,Toor Dal (Arhar Dal),3,403.5,23.1,59.1,15.1,30.8,8.44,true,15,396,,
okra_curry_south_indian,Okra Curry (South Indian),3,400.0,9.7,27.2,48.8,17.1,9.5,true,17,352,,
indian_butter_chickpeas,Indian Butter Chickpeas,2,583.4,33.9,68.4,17.8,41.3,13.36,true,15,472,,
chayote,Chayote,2,405.0,12.4,44.2,28.8,10.1,2.76,true,12,340,,sized chayote
tandoori_shrimp,Tandoori Shrimp,1,374.0,74.9,2.6,28.3,1.9,4.57,false,14,574,,
onion_bhaji,Onion Bhaji,1,458.9,25.4,72.7,5.5,25.7,13.95,true,14,418,,
kofta_curry_meatball_curry,Kofta Curry (Meatball Curry),6,829.8,32.4,25.0,75.0,25.2,11.8,false,24,320,,
keerai_kootu_spinach_kootu,Keerai Kootu (Spinach Kootu),4,170.1,9.6,13.2,14.4,14.0,10.65,true,19,443,,
mushroom_curry_mushroom_masala,Mushroom Curry (Mushroom Masala,6,855.2,29.4,39.1,70.9,9.1,9.86,true,16,291,,
turmeric_tea,Turmeric Tea,1,13.6,0.4,2.1,6.6,0.8,1.56,true,7,24,,
cabbage_thoran_indian_cabbage,Cabbage Thoran (Indian Cabbage),2,420.5,11.8,19.1,45.3,22.8,5.92,true,13,461,,
saffron_rice_with_basmati,Saffron Rice (With Basmati),1,768.2,20.7,132.0,16.2,10.4,8.77,true,11,289,,
tikki_chaat_chole_tikki_chaat,Tikki Chaat (Chole Tikki Chaat),3,333.1,16.6,48.0,32.8,19.8,8.22,true,28,351,,
kheer,Kheer,4,707.4,23.8,134.6,9.7,24.1,8.54,true,8,299,,
methi_chaman,Methi Chaman,4,580.8,26.5,93.1,16.3,20.6,11.05,true,20,373,,
urad_dal,Urad Dal,2,392.3,24.8,58.6,36.8,19.3,10.75,true,18,371,,
gun_powder,Gun Powder,2,731.6,41.6,97.0,16.4,76.0,17.81,true,7,343,,
pea_shoots,Pea Shoots,1,534.5,35.8,86.5,16.0,30.0,8.89,true,5,240,,
garlic_broccoli,Garlic Broccoli,1,76.6,2.9,8.6,3.5,1.5,0.51,true,9,123,,
palak_corn,Palak Corn,8,701.2,26.5,41.4,55.1,15.4,12.12,true,23,396,,
green_beans_and_potatoes_aloo_beans,Green Beans And Potatoes (Aloo Beans),2,437.5,27.9,74.4,33.7,12.9,5.15,true,11,308,,
fish_pakora,Fish Pakora,2,498.9,24.7,22.5,23.1,5.1,4.58,false,15,192,,
orange_juice,Orange Juice,2,77.7,3.8,11.7,0.9,9.5,1.76,true,2,452,,
brown_lentils,Brown Lentils,2,579.5,31.0,88.2,28.3,37.5,17.09,true,17,474,,
saag_aloo,Saag Aloo,2,164.6,5.9,27.6,14.7,10.4,4.31,true,18,344,,
methi_matar_malai,Methi Matar Malai,5,847.2,31.1,46.0,61.8,16.2,16.11,true,17,363,,
nihari,Nihari,6,420.2,26.1,45.6,21.8,24.2,16.9,false,32,420,,organic rose petal
indian_cucumber_salad,Indian Cucumber Salad,2,288.5,24.0,16.7,13.8,54.1,27.35,true,13,486,,
butter_naan,Butter Naan,2,502.6,16.7,91.1,19.7,5.2,3.29,true,13,382,,
potato_wedges,Potato Wedges,1,405.0,10.0,85.2,26.9,8.6,3.35,true,11,579,,
date_balls_date_nut_seed_balls,Date Balls (Date Nut Seed Balls),7,874.8,9.5,178.2,11.9,22.3,8.67,true,4,299,,
how_to_make_tahini_sesame_paste,How To Make Tahini (Sesame Paste),1,92.4,0.6,2.4,9.8,0.0,0.0,true,3,188,,
indian_rice_pudding_better_than_restaurant,Indian Rice Pudding (Better Than Restaurant),5,794.2,25.7,148.9,11.4,24.6,9.62,true,8,298,,
hyderabadi_marag_mutton_soup,Hyderabadi Marag (Mutton Soup),14,878.1,33.3,33.5,71.4,17.8,10.84,false,20,291,,
red_lentil_curry,Red Lentil Curry,2,332.4,25.1,51.0,33.5,19.6,12.29,true,15,470,,
aloo_chana_kurma_style_chickpea_potato_curry,Aloo Chana (Kurma Style Chickpea Potato Curry),5,836.9,31.2,64.3,57.3,29.1,15.58,true,24,384,,
lamb_karahi_mutton_karahi,Lamb Karahi (Mutton Karahi),5,472.9,35.9,44.1,23.2,32.4,11.63,false,21,392,,
tofu_tikka_masala,Tofu Tikka Masala,5,805.9,26.4,47.7,57.5,11.8,9.72,true,22,322,,extra firm pressed tofu
curry_powder,Curry Powder,2,632.7,29.8,90.5,13.8,76.2,24.8,true,13,378,,
butternut_squash_curry,Butternut Squash Curry,5,554.4,17.1,39.4,40.6,15.3,6.16,true,18,408,,butternut squash
goat_curry,Goat Curry,5,604.8,38.8,48.1,33.3,42.3,12.1,false,26,418,,portions kalpasi
salmon_rice_bowl,Salmon Rice Bowl,5,276.8,18.4,33.5,9.6,6.0,5.93,false,26,436,,
tandoori_roti,Tandoori Roti,1,739.0,24.3,148.5,16.1,25.8,9.11,true,7,420,,
pinni,Pinni,2,555.8,12.4,97.0,63.2,9.1,6.48,true,12,248,,
modak,Modak,4,709.9,10.6,72.1,42.9,20.8,8.15,true,8,194,,
lauki_sabzi_dudhi,Lauki Sabzi (Dudhi,1,85.7,5.4,10.7,27.2,10.7,6.46,true,15,367,,
how_to_make_almond_flour,How To Make Almond Flour,2,582.4,17.6,2.9,55.9,12.5,4.39,true,2,112,,
curry_sauce,Curry Sauce,5,296.0,12.4,50.3,13.9,32.2,12.73,true,19,362,,
chole,Chole,3,461.4,24.9,74.1,18.4,34.3,13.46,true,23,343,,
makhana,Makhana,3,830.9,19.5,187.1,1.7,0.1,2.2,true,9,289,,
sauteed_okra,Sauteed Okra,1,384.0,26.1,31.0,79.6,10.6,5.32,true,11,412,,
chai_tea_spice,Chai (Tea) Spice,2,468.7,16.2,69.2,13.3,14.0,10.43,true,9,196,,
cauliflower_stir_fry,Cauliflower Stir Fry,2,145.0,14.6,15.8,14.4,13.0,8.68,true,10,437,,
ginger_milk_tea_adrak_chai,Ginger Milk Tea (Adrak Chai),1,518.2,17.2,103.4,2.6,19.3,6.91,true,8,244,,
cake,Cake,2,548.8,12.1,80.6,19.2,1.8,1.27,true,13,349,,
amla_juice,Amla Juice,9,227.2,12.4,26.7,6.9,13.8,14.81,true,9,408,,holy basil
green_tomato_chutney,Green Tomato Chutney,2,685.9,47.8,104.7,18.9,33.4,11.76,true,16,324,,
aloo_bhindi,Aloo Bhindi,1,143.2,6.8,24.1,39.6,10.0,3.69,true,10,409,,
peanut_ladoo,Peanut Ladoo,1,304.5,1.7,72.8,0.2,0.3,4.05,true,4,437,,
custard_ice_cream,Custard Ice Cream,1,346.4,11.6,29.6,20.3,1.0,0.57,true,4,532,,
irani_chai,Irani Chai,2,612.8,20.1,97.9,14.3,31.0,12.45,true,5,371,,
eggplant_potato_curry,Eggplant Potato Curry,4,296.6,7.8,24.9,27.1,15.1,4.8,true,17,414,,
methi_dal,Methi Dal,2,263.0,17.6,34.6,13.5,18.9,11.13,true,17,359,,
mango_chutney,Mango Chutney,3,278.5,7.3,51.9,7.0,21.8,6.9,true,13,466,,
aloo_gobi,Aloo Gobi,2,179.8,11.1,26.3,34.1,16.1,9.75,true,16,484,,
how_to_make_ice_cream_ice_cream,How To Make Ice Cream (Ice Cream,2,279.9,9.1,24.5,16.2,0.0,0.39,true,5,351,,
masala_chai,Masala Chai,2,485.2,17.5,75.4,11.4,36.1,13.84,true,14,358,,
indian_tofu_kadai,Indian Tofu Kadai,3,194.1,7.3,25.6,14.9,5.0,1.88,true,12,338,,extra firm tofu
churumuri,Churumuri,2,881.8,19.5,186.2,6.4,9.8,13.03,true,10,438,,
kuthiraivali_dosai,Kuthiraivali Dosai,1,392.1,28.3,60.6,2.2,16.1,5.87,true,3,144,,
chettinad_kuzhi_paniyaram,Chettinad Kuzhi Paniyaram,7,306.2,8.0,45.9,10.7,5.3,1.81,true,8,387,,
sweet_coconut_milk_for_appam,Sweet Coconut Milk For Appam,2,860.0,13.7,74.5,56.0,33.1,11.22,true,4,238,,
fermented_ragi_dosa,Fermented Ragi Dosa,1,509.5,36.3,80.2,2.7,18.8,7.34,true,2,185,,
samba_godhumai_rava_broken_wheat_dosai,Samba Godhumai Rava / Broken Wheat Dosai,1,566.7,18.3,104.5,6.0,13.7,6.11,true,8,513,,
gluten_free_and_vegan_tomato_omelette,Gluten Free And Vegan Tomato Omelette,1,356.3,23.1,49.1,6.0,33.9,11.59,true,11,409,,
,கம்பு தோசை,4,763.2,29.0,142.2,6.4,21.0,11.71,true,6,277,,
kollu_saaru_and_kollu_sundal,Kollu Saaru And Kollu Sundal,1,466.3,18.4,42.0,32.4,25.6,9.51,true,22,523,,
chicken_kuzhambu_and_chicken_roast,Chicken Kuzhambu And Chicken Roast,4,229.9,9.0,17.4,13.4,14.7,4.25,true,21,383,,
kongunadu_paruppu_kuzhambu,Kongunadu Paruppu Kuzhambu,1,286.3,18.0,45.6,6.7,16.7,5.62,true,14,211,,
poondu_kadalai_milagai_podi,Poondu Kadalai Milagai Podi,2,460.0,26.8,69.7,12.8,30.0,9.68,true,11,223,,
pasi_payaru_kadayal_and_pasi_payaru_rasam,Pasi Payaru Kadayal And Pasi Payaru Rasam,5,396.0,11.1,59.2,13.8,7.9,2.69,true,20,418,,
paruppu_selavu_rasam,Paruppu Selavu Rasam,1,245.2,10.9,41.0,7.3,12.7,6.04,true,17,433,,
chicken_milagai_kari,Chicken Milagai Kari,2,187.4,10.8,26.5,22.6,19.1,4.43,true,9,405,,
beetroot_paaledu_thogayal,Beetroot Paaledu Thogayal,1,601.0,22.5,51.3,32.8,35.3,8.95,true,15,523,,paaledu
erode_nallampatti_chicken_roast,Erode Nallampatti Chicken Roast,3,152.1,9.2,21.7,2.5,14.2,3.78,true,18,424,,
mutton_biryani_with_coconut_milk,Mutton Biryani With Coconut Milk,7,799.9,33.0,86.7,49.2,20.5,12.01,false,26,428,,
brinjal_tomato_chutney,Brinjal Tomato Chutney,2,131.2,9.7,16.2,2.3,20.6,4.35,true,5,422,,
mushroom_pallipalayam,Mushroom Pallipalayam,2,267.0,13.7,22.5,32.1,19.1,4.74,true,13,398,,
kambu_soru,Kambu Soru,1,748.2,28.1,128.8,10.9,39.2,14.56,true,9,599,,
kozhi_milagu_rasam_and_idicha_kozhi_fry,Kozhi Milagu Rasam And Idicha Kozhi Fry,2,147.6,9.4,21.9,6.2,10.5,3.49,true,22,458,,
road_side_kalan,Road Side Kalan,2,160.7,9.4,25.6,14.2,11.3,4.81,true,21,460,,
kongunadu_mutton_kuzhambu,Kongunadu Mutton Kuzhambu,4,649.9,33.5,28.0,44.4,18.9,7.95,false,19,446,,
thuvaram_paruppu_kaata_kuzhambu,Thuvaram Paruppu Kaata Kuzhambu,1,170.6,10.2,24.4,2.4,15.9,8.64,true,9,289,,
pichu_potta_kozhi,Pichu Potta Kozhi,2,109.7,8.0,14.8,5.6,12.6,6.59,true,8,436,,
sutta_kathirikkai_chutney_smoked_eggplant_chutney,"Sutta Kathirikkai Chutney, Smoked Eggplant Chutney",1,437.0,14.9,27.5,28.8,27.6,6.91,true,10,504,,
chicken_pacha_masala_stew,Chicken Pacha Masala Stew,3,789.2,15.3,32.7,70.6,30.0,7.96,true,15,420,,
jilakara_kudumulu,Jilakara Kudumulu,2,596.9,16.0,80.7,35.2,16.2,5.06,true,13,237,,
vanakkiya_thakkali_kurma,Vanakkiya Thakkali Kurma,1,420.6,11.7,22.5,30.9,22.6,6.7,true,13,258,,
thakkali_kadaindha_kurma_tomato_kurma,"Thakkali Kadaindha Kurma, Tomato Kurma",2,317.9,9.0,33.5,15.8,13.2,4.36,true,12,358,,
mutton_elumbu_rasam_mutton_bone_soup,"Mutton Elumbu Rasam, Mutton Bone Soup",4,173.0,17.6,10.4,5.8,14.4,8.7,false,16,360,,
ragi_pakoda_kongunad_special_ragi_pakoda,"Ragi Pakoda, Kongunad Special Ragi Pakoda",1,539.4,14.0,109.0,3.5,23.9,10.93,true,8,364,,
thalapakatti_style_mutton_biryani,Thalapakatti Style Mutton Biryani,6,509.6,25.6,78.1,20.1,11.6,6.56,false,19,379,,
selavu_rasam_kongunad_special_selavu_rasam,"Selavu Rasam, Kongunad Special Selavu Rasam",1,186.0,10.8,23.0,4.0,23.5,12.0,true,13,563,,
samba_godumai_upma_samba_ravai_upma_kongunad_special_emmer_wheat_upma,"Samba Godumai Upma, Samba Ravai Upma, Kongunad Special Emmer Wheat Upma",2,650.1,22.6,128.5,3.1,17.2,8.57,true,14,426,,
pazha_kachayam,Pazha Kachayam,1,765.9,21.2,161.9,1.8,13.5,4.75,true,6,439,,
ellu_urundai_sesame_seed_laddu,"Ellu Urundai, Sesame Seed Laddu",2,552.1,11.6,93.6,13.8,7.0,9.4,true,4,244,,
chicken_vellai_kuruma_chicken_white_kurma,"Chicken Vellai Kuruma, Chicken White Kurma",4,823.9,27.9,49.9,56.4,19.7,11.87,true,11,378,,
tamil_style_spicy_boiled_egg_fry,Tamil Style Spicy Boiled Egg Fry,3,677.0,37.0,89.6,17.9,13.8,16.26,false,8,308,,
neikarapatti_thayir_kurma_curd_kurma,"Neikarapatti Thayir Kurma, Curd Kurma",6,593.3,20.2,36.1,40.1,17.0,10.59,true,19,377,,
kongunad_thellattu,Kongunad Thellattu,6,754.7,4.9,17.9,74.7,4.0,1.98,true,13,146,,oil for deep frying
palambali,Palambali,4,312.3,9.7,35.9,14.3,1.2,1.38,true,6,401,,
ellu_podi_for_idli_dosa_and_rice,"Ellu Podi For Idli, Dosa And Rice",2,586.8,33.3,91.2,7.8,28.2,12.86,true,7,230,,
thattai_murukku,Thattai Murukku,3,513.1,21.3,93.1,8.1,35.0,19.33,true,8,365,,
kara_kozhukattai_kara_kozhukattai,"Kara Kozhukattai, Kara Kozhukattai",1,875.6,22.7,140.0,23.4,20.5,6.65,true,12,376,,
moong_dal_vadai_how_to_make_vadai_with_moong_dal_pasi_paruppu,"Moong Dal Vadai, How To Make Vadai With Moong Dal, Pasi Paruppu",4,758.8,33.6,29.7,56.0,17.1,8.78,true,11,201,,
poondu_kari,Poondu Kari,1,161.1,8.9,28.5,8.8,6.9,1.83,true,5,162,,
muttai_kalakki_egg_kalakki,"Muttai Kalakki, Egg Kalakki",1,95.8,7.3,4.2,5.5,0.3,1.21,false,5,93,,kurma gravy of your choice
puli_vadai_tamarind_vadai,"Puli Vadai, Tamarind Vadai",2,605.8,19.0,98.3,13.6,15.5,6.39,true,7,444,,
chicken_pakoda,Chicken Pakoda,2,158.4,11.1,21.4,6.6,13.6,6.33,true,15,320,,
home_made_curry_powder,Home Made Curry Powder,2,452.7,22.3,50.8,15.5,56.8,16.07,true,5,335,,
10_minute_egg_curry,10 Minute Egg Curry,2,689.7,11.4,14.6,69.4,25.2,8.17,true,11,370,,
chicken_masala_gravy,Chicken Masala Gravy,2,842.2,17.0,40.6,80.6,37.4,11.51,true,18,467,,
naatu_kozhi_rasam_chicken_rasam,Naatu Kozhi Rasam / Chicken Rasam,2,128.4,8.5,16.3,4.8,13.9,5.11,true,15,377,,
chicken_chinthamani,Chicken Chinthamani,2,308.6,13.3,30.4,14.1,24.8,5.73,true,10,446,,
kongunad_style_senai_kilangu_masala,Kongunad Style Senai Kilangu Masala,2,471.4,13.1,37.5,29.3,16.7,5.47,true,16,418,,senai kilangu
coriander_chicken_curry,Coriander Chicken Curry,3,588.3,13.9,30.0,48.3,27.6,9.25,true,12,438,,
tomato_salna,Tomato Salna,1,491.0,9.3,19.5,41.5,19.8,6.76,true,11,528,,
pasi_payaru_upma,Pasi Payaru Upma,1,314.7,9.0,16.9,22.9,19.3,7.0,true,12,355,,
poondu_rasam,Poondu Rasam,1,124.4,6.6,18.7,1.9,7.9,4.16,true,14,145,,
kongunad_kathirikkai_bajji_coimbatore_style_brinjal_chutney,Kongunad Kathirikkai Bajji / Coimbatore Style Brinjal Chutney,2,134.7,6.0,22.1,1.7,12.1,4.77,true,9,308,,
mutton_kola_urundai,Mutton Kola Urundai,3,334.3,22.1,13.8,162.4,12.8,8.17,false,15,438,,
tamilnadu_fish_curry,Tamilnadu Fish Curry,3,311.3,35.2,6.5,15.6,8.5,4.52,false,12,362,,
green_peppercorn_pickle,Green Peppercorn Pickle,2,302.2,16.3,33.5,2.8,6.0,2.81,true,3,375,,
vazhakkai_vadai_vazhakkai_kola_plantain_vada,Vazhakkai Vadai / Vazhakkai Kola / Plantain Vada,3,218.1,6.9,13.8,156.2,12.8,7.08,true,14,354,,
amma_s_coimbatore_style_easy_pressure_cooker_chicken_biryani,Amma'S Coimbatore Style Easy Pressure Cooker Chicken Biryani,6,729.2,14.4,66.7,48.8,20.7,7.81,true,17,401,,
milagu_rasam_pepper_rasam,Milagu Rasam Pepper Rasam,1,377.6,19.6,63.5,3.5,15.1,10.68,true,14,535,,
perur_athama_s_mutton_kuzhambu_curry,Perur Athama'S Mutton Kuzhambu (Curry),3,562.7,42.1,37.4,27.5,25.3,12.72,false,20,435,,
south_indian_beetroot_rasam,South Indian Beetroot Rasam,2,141.7,7.7,21.3,6.2,13.9,4.93,true,16,332,,
baby_potato_fry,Baby Potato Fry,2,233.3,10.6,35.7,3.9,20.4,7.31,true,9,415,,
pallipalayam_chicken_fry,Pallipalayam Chicken Fry,2,340.6,15.1,35.7,27.0,26.6,6.86,true,10,462,,
kongu_thakkali_kuzhambu,Kongu Thakkali Kuzhambu,3,233.6,8.0,13.9,24.1,15.9,8.53,true,13,364,,
spicy_kongunad_kozhi_kuzhambu_chicken_curry_kurma,Spicy Kongunad Kozhi Kuzhambu / Chicken Curry/Kurma,3,159.6,8.9,19.9,8.4,14.3,6.21,true,17,357,,
kongunad_cauliflower_kurma_vegan_cauliflower_curry,Kongunad Cauliflower Kurma / Vegan Cauliflower Curry,3,370.1,11.5,14.8,29.0,18.5,8.39,true,12,374,,
kollu_rasam,Kollu Rasam,1,121.5,5.6,17.9,2.5,6.4,3.76,true,14,190,,
vellai_kurma,Vellai Kurma,2,717.4,17.9,47.9,49.8,32.3,10.32,true,18,427,,
horse_gram_lentil_curry_kongunadu_kollu,Horse Gram Lentil Curry / Kongunadu Kollu,1,126.7,7.2,16.2,2.7,13.9,6.28,true,10,243,,
ammas_kongunad_egg_pepper_kuruma,Ammas Kongunad Egg Pepper Kuruma,3,292.5,19.8,13.6,17.1,13.1,6.42,false,14,378,,
pachai_payaru_masiyal_moong_dal_curry_green_gram_curry,Pachai Payaru Masiyal / Moong Dal Curry / Green Gram Curry,1,49.9,1.9,8.9,0.6,2.2,0.98,true,7,200,,
aloo_mixture,Aloo Mixture,3,605.2,14.7,80.6,24.1,11.3,6.76,true,15,252,,
kaju_chakli,Kaju Chakli,2,590.4,16.4,92.6,16.3,6.8,7.47,true,10,197,,
instant_chakli,Instant Chakli,2,543.6,13.0,116.7,1.6,5.2,5.94,true,8,214,,
nippattu,Nippattu,2,523.0,12.8,111.2,21.0,6.8,6.02,true,10,258,,
rice_murukku,Rice Murukku,2,587.0,13.2,125.1,2.5,6.2,8.01,true,7,212,,
dry_kachori,Dry Kachori,1,765.9,22.4,158.7,49.7,9.1,5.75,true,14,454,,
mangode,Mangode,2,145.8,6.4,22.9,2.2,13.3,8.15,true,15,448,,
rava_bonda,Rava Bonda,1,656.3,23.4,130.6,2.5,21.7,8.96,true,10,565,,
veg_fish_fry,Veg Fish Fry,1,827.4,22.6,171.2,11.2,21.2,8.18,true,11,495,,
veg_fingers,Veg Fingers,2,202.9,7.3,37.7,14.4,10.8,3.35,true,19,365,,
suji_sandwich,Suji Sandwich,3,368.8,12.6,72.7,10.4,12.5,4.77,true,18,364,,
lauki_vadi,Lauki Vadi,2,317.3,18.5,47.0,17.6,13.9,6.5,true,14,337,,
instant_spring_roll,Instant Spring Roll,3,137.5,8.2,22.0,9.4,12.4,2.63,true,17,339,,
veg_chicken_nuggets,Veg Chicken Nuggets,2,714.7,52.5,60.5,27.1,36.1,13.77,true,12,421,,
hari_matar_pakoda_bajji,Hari Matar Pakoda Bajji,2,451.6,18.5,88.5,1.4,10.6,4.57,true,9,352,,
pakora_batter,Pakora Batter,2,511.2,29.4,79.4,7.1,20.3,9.13,true,9,185,,
dahi_ke_kabab,Dahi Ke Kabab,3,199.2,12.3,12.7,10.8,3.4,2.53,true,12,395,,
sooji_masala_sticks,Sooji Masala Sticks,2,530.5,18.1,108.5,14.0,15.9,5.3,true,10,221,,
crispy_bedmi_poori_aloo_ki_sabzi,Crispy Bedmi Poori & Aloo Ki Sabzi,3,627.7,24.8,120.4,11.7,21.8,8.69,true,26,418,,
momo_folding_4_ways,Momo Folding 4 Ways,2,422.9,15.0,85.0,14.1,9.9,3.49,true,10,436,,
instant_pizza,Instant Pizza,1,293.8,9.6,58.5,1.5,7.8,2.35,true,8,282,,
methi_rava_chips,Methi Rava Chips,1,878.5,27.4,181.2,28.4,12.1,7.31,true,8,359,,
kara_dosa,Kara Dosa,2,632.0,16.8,85.4,23.7,23.9,7.29,true,8,198,,
onion_tomato_dosa,Onion Tomato Dosa,1,641.5,20.5,125.7,30.0,15.1,9.97,true,13,482,,
beetroot_dosa,Beetroot Dosa,1,554.3,16.1,112.8,2.7,15.0,9.95,true,9,346,,
idli_dosa_batter,Idli Dosa Batter,3,726.6,23.8,147.4,2.7,11.7,9.48,true,4,247,,
cotton_dosa,Cotton Dosa,3,811.6,16.9,119.7,28.5,15.5,7.61,true,5,236,,
onion_dosa,Onion Dosa,1,600.4,19.7,119.8,2.9,18.4,10.6,true,11,348,,
murmura_ka_nastha,Murmura Ka Nastha,3,680.0,17.7,140.0,12.3,12.6,9.25,true,15,393,,
instant_sabudana_dosa,Instant Sabudana Dosa,1,414.3,14.9,72.4,5.1,15.2,9.77,true,14,545,,
instant_masala_rava_appam,Instant Masala Rava Appam,2,746.4,19.1,110.1,24.2,24.2,8.96,true,12,265,,
instant_rava_masala_dosa,Instant Rava Masala Dosa,3,333.7,10.8,65.5,10.3,10.8,4.69,true,19,393,,
cooked_rice_dosa,Cooked Rice Dosa,4,712.0,18.1,149.3,6.2,11.2,9.35,true,12,297,,
oats_omelette,Oats Omelette,1,267.9,12.7,45.4,2.9,14.4,5.96,true,14,512,,
rice_flour_dosa,Rice Flour Dosa,2,473.9,14.2,94.7,7.0,15.9,8.15,true,14,298,,
instant_set_dosa,Instant Set Dosa,5,814.8,25.8,83.1,46.0,22.0,11.69,true,25,416,,
hotel_masala_dosa,Hotel Masala Dosa,4,794.9,24.8,160.5,10.0,14.9,11.24,true,17,414,,
bottle_gourd_dosa,Bottle Gourd Dosa,1,856.6,24.1,176.6,3.6,21.1,14.28,true,9,452,,
stuffed_dosa,Stuffed Dosa,3,514.5,15.0,103.8,5.4,14.1,7.44,true,21,426,,
coconut_dosa,Coconut Dosa,3,822.3,14.8,124.1,28.7,12.3,8.42,true,5,237,,
aloo_dosa,Aloo Dosa,2,468.6,12.1,97.4,2.0,11.0,7.4,true,9,371,,
corn_pancake,Corn Pancake,1,718.9,27.8,136.7,4.4,30.7,9.83,true,11,489,,
vegetable_pancake,Vegetable Pancake,2,331.5,15.0,61.4,5.6,21.5,5.26,true,13,381,,
besan_dosa,Besan Dosa,1,727.9,39.4,118.5,8.8,28.1,12.1,true,7,262,,
cabbage_dosa,Cabbage Dosa,3,653.1,17.1,72.1,31.9,27.6,9.92,true,13,349,,
maida_dosa,Maida Dosa,2,734.2,22.1,153.2,2.0,7.8,4.83,true,9,309,,
heerekai_dosa,Heerekai Dosa,2,705.3,17.7,95.7,26.6,26.9,11.89,true,11,249,,
dosa_mix,Dosa Mix,2,811.0,27.7,162.5,3.4,14.5,10.53,true,9,277,,
upvas_dosa,Upvas Dosa,2,492.4,9.5,64.0,21.4,9.6,6.29,true,10,235,,
rava_appam,Rava Appam,2,471.4,13.3,99.1,1.3,9.7,4.97,true,7,227,,
tuppa_dosa,Tuppa Dosa,3,641.8,17.8,134.1,2.2,8.6,8.28,true,5,217,,
vegetable_uttapam,Vegetable Uttapam,3,666.5,19.3,137.3,2.6,12.2,9.93,true,12,325,,
methi_dosa,Methi Dosa,2,841.5,18.3,181.4,2.8,9.1,11.61,true,3,300,,
poha_uttapam,Poha Uttapam,2,319.8,12.8,61.5,1.2,17.2,5.46,true,10,362,,
rava_dosa_with_aloo_masala,Rava Dosa With Aloo Masala,2,416.4,17.8,69.8,5.9,25.5,13.33,true,11,332,,
instant_neer_dosa,Instant Neer Dosa,1,361.1,7.6,78.3,1.2,3.5,4.55,true,2,120,,
rava_chilla,Rava Chilla,1,549.8,19.9,110.4,1.6,18.7,7.07,true,9,408,,
mysore_masala_dosa,Mysore Masala Dosa,3,609.7,20.2,119.3,6.6,15.4,9.3,true,23,347,,
pizza_dosa,Pizza Dosa,4,838.0,24.0,172.2,3.9,11.3,10.84,true,14,305,,
bread_uttapam,Bread Uttapam,1,191.0,16.3,24.7,1.8,8.2,6.71,false,9,508,,
vellayappam,Vellayappam,2,745.7,11.9,80.5,41.4,13.5,6.38,true,6,198,,
benne_dosa,Benne Dosa,4,830.7,23.8,171.7,3.3,11.0,10.72,true,5,278,,
,कल डोसा रेसिपी,1,463.7,14.1,91.9,2.5,14.1,7.01,true,4,162,,
masala_dosa_mix,Masala Dosa Mix,3,447.4,11.9,89.6,3.7,4.2,4.97,false,11,361,,
instant_oats_dosa,Instant Oats Dosa,2,324.7,9.8,61.9,7.1,10.4,5.79,true,21,446,,
spring_dosa,Spring Dosa,4,308.8,9.7,59.5,4.4,4.9,2.26,true,12,359,,
palappam,Palappam,1,755.6,14.0,123.2,22.0,10.5,8.01,true,5,225,,
cheesy_sandwich_dosa,Cheesy Sandwich Dosa,1,137.9,5.3,23.0,10.4,9.4,3.72,true,8,348,,
instant_bread_masala_dosa,Instant Bread Masala Dosa,2,181.5,5.6,37.7,0.5,4.4,1.8,true,5,321,,
pav_bhaji_dosa,Pav Bhaji Dosa,2,180.3,6.2,31.8,8.7,3.8,1.88,true,12,371,,
podi_dosa,Podi Dosa,1,539.7,25.9,56.0,26.5,30.8,8.69,true,9,219,,
spot_idli,Spot Idli,2,709.9,43.5,104.4,14.5,46.9,14.56,true,17,367,,
instant_idli_mix,Instant Idli Mix,3,870.2,29.6,174.5,4.1,9.5,6.65,true,7,376,,instant idli mix
instant_murmura_idli,Instant Murmura Idli,2,609.0,16.1,128.1,2.1,10.2,6.7,true,5,326,,
how_to_make_idli_without_idli_stand_amp_cooker,How To Make Idli Without Idli Stand &Amp; Cooker,2,811.4,29.8,160.8,3.1,14.8,10.69,true,4,278,,
stuffed_idli,Stuffed Idli,2,538.7,18.0,107.1,6.9,17.4,6.97,true,16,472,,
poha_idli,Poha Idli,2,695.8,14.6,150.9,2.2,6.8,8.77,true,6,351,,
aloo_idli,Aloo Idli,1,642.9,22.4,127.1,28.6,20.6,7.81,true,13,515,,
cucumber_idli,Cucumber Idli,2,594.3,8.9,90.7,21.1,8.2,6.08,true,5,192,,
idli_dhokla,Idli Dhokla,1,796.5,40.2,94.5,52.4,33.3,14.36,true,18,410,,
idli_batter,Idli Batter,3,811.4,29.8,160.8,3.1,14.8,10.69,true,2,278,,
vegetable_idli,Vegetable Idli,3,653.3,24.6,60.9,37.9,17.4,8.04,true,21,369,,
bread_idli,Bread Idli,2,278.3,5.8,60.3,0.9,2.7,3.51,true,5,312,,
masala_pundi,Masala Pundi,1,605.5,22.6,115.5,29.6,21.6,8.34,true,13,306,,
sprouts_chaat,Sprouts Chaat,3,803.0,17.3,89.9,41.6,3.0,1.26,false,13,445,,
mushroom_65,Mushroom 65,3,441.0,33.9,60.9,4.1,52.8,26.58,true,11,461,,
masala_corn,Masala Corn,1,135.0,6.1,21.3,2.0,5.2,1.83,true,8,220,,
veg_lollipop,Veg Lollipop,1,365.0,11.4,71.8,2.3,12.4,6.29,true,16,565,,
palak_patta_chaat,Palak Patta Chaat,5,129.6,8.2,15.1,3.1,8.4,8.11,true,19,365,,
omapodi,Omapodi,1,323.1,6.5,70.0,13.9,4.1,9.17,true,8,134,,
aloo_tikki_chaat,Aloo Tikki Chaat,2,356.7,8.2,75.4,46.1,6.7,5.05,true,15,446,,
mushroom_puff,Mushroom Puff,2,747.8,13.8,61.9,58.7,6.2,2.64,true,10,364,,
bread_patties,Bread Patties,5,250.0,16.7,35.2,4.6,25.2,12.4,true,17,364,,
corn_salsa,Corn Salsa,1,125.3,5.6,17.8,2.4,11.5,4.64,true,8,241,,
onion_bajji,Onion Bajji,1,409.1,22.6,64.6,5.0,22.4,11.33,true,7,444,,
peanut_chaat_with_boiled_amp_roasted_peanuts,Peanut Chaat (With Boiled &Amp; Roasted Peanuts),1,41.9,3.0,3.7,0.9,5.1,3.85,true,10,315,,
vazhaipoo_vadai,Vazhaipoo Vadai,4,263.6,20.3,33.3,3.5,38.6,19.6,true,10,368,,
samosa_sandwich,Samosa Sandwich,2,303.4,6.1,32.0,15.9,3.2,1.55,true,10,440,,
kara_boondi,Kara Boondi,9,818.5,31.2,39.8,60.2,19.4,14.98,true,12,258,,
golgappa,Golgappa,9,406.9,13.0,57.8,13.0,4.4,2.06,true,18,404,,golgappe
idli_manchurian,Idli Manchurian,1,842.3,28.6,164.6,31.5,12.6,6.1,true,11,569,,to idli
green_falafel,Green Falafel,1,628.3,38.6,91.2,9.8,49.7,21.71,true,12,431,,
arbi_ke_patte_ke_pakode,Arbi Ke Patte Ke Pakode,2,390.6,30.0,50.9,5.0,49.0,27.63,true,15,413,,
fried_breadfruit,Fried Breadfruit,1,771.0,23.1,128.5,104.7,0.5,0.98,true,6,412,,breadfruit
dahi_ke_sholay_crispy_yogurt_rolls,Dahi Ke Sholay (Crispy Yogurt Rolls),3,394.0,25.3,63.7,2.9,15.2,6.77,true,17,360,,
chinese_bhel,Chinese Bhel,1,338.1,12.9,61.2,12.1,9.3,3.67,true,20,491,,
tawa_sandwich_griddle_sandwich,Tawa Sandwich (Griddle Sandwich),3,28.8,0.9,5.6,0.2,1.4,0.59,true,6,437,,
mix_dal_vada_soft_amp_spongy,Mix Dal Vada (Soft &Amp; Spongy),1,318.6,21.4,50.8,1.9,14.3,6.23,true,11,246,,
beguni,Beguni,1,138.9,4.1,27.0,1.2,4.7,2.79,true,9,269,,
veg_bonda,Veg Bonda,1,552.5,26.8,94.0,12.2,22.5,10.35,true,18,449,,
rose_cookies,Rose Cookies,2,457.7,7.5,33.3,34.9,9.7,2.88,true,11,133,,
cheese_pakora,Cheese Pakora,1,235.4,12.9,36.5,3.7,9.0,4.82,true,10,192,,
pav_bhaji_dosa_street_style,Pav Bhaji Dosa (Street Style),1,91.4,3.9,15.9,0.7,5.5,3.28,true,3,175,,
samosa_pav,Samosa Pav,1,611.6,10.5,62.2,34.3,0.0,0.0,true,5,515,,
malai_kofta,Malai Kofta,9,865.3,29.2,50.4,64.8,9.5,9.76,true,27,262,,
kadhi,Kadhi,5,575.2,56.4,41.8,17.1,104.4,29.78,true,16,429,,
lauki_kofta,Lauki Kofta,2,245.4,12.8,27.7,21.2,14.2,5.65,true,16,380,,
ladies_finger_curry,Ladies Finger Curry,2,181.5,9.6,29.4,14.4,16.8,6.27,true,19,462,,
sarson_ka_saag,Sarson Ka Saag,3,248.8,12.2,35.7,18.1,10.7,7.2,true,17,418,,saag
chickpea_curry,Chickpea Curry,6,514.9,26.9,64.3,21.1,43.5,24.61,true,23,373,,
aloo_kofta,Aloo Kofta,5,856.7,25.1,20.6,97.9,19.1,7.08,true,17,326,,
aloo_matar,Aloo Matar,2,233.0,9.4,43.6,14.2,11.8,7.43,true,13,323,,
kashmiri_dum_aloo,Kashmiri Dum Aloo,3,662.3,26.2,111.4,61.7,23.0,18.58,true,15,456,,
gujarati_kadhi,Gujarati Kadhi,3,340.8,27.4,38.4,10.3,55.6,27.43,true,13,466,,
capsicum_curry,Capsicum Curry,6,398.5,37.8,21.2,16.6,74.0,20.58,true,20,374,,
methi_mushroom,Methi Mushroom,4,272.2,13.8,45.0,12.6,21.3,9.0,true,17,386,,
veg_makhanwala,Veg Makhanwala,4,146.9,9.2,17.4,3.9,13.4,4.13,true,17,424,,
aloo_rasedar,Aloo Rasedar,2,176.4,5.1,34.4,7.7,7.0,4.25,true,14,325,,
green_peas_masala,Green Peas Masala,7,867.6,28.9,49.6,66.8,10.7,10.77,true,18,262,,
matar_mushroom_mutter_mushroom,Matar Mushroom (Mutter Mushroom),2,87.9,7.7,10.0,33.2,9.9,4.2,true,12,348,,
navratan_korma_delicious_and_rich_curry,Navratan Korma (Delicious And Rich Curry),16,1310.6,42.1,51.8,105.5,21.1,12.29,true,32,382,,babycorn
kaju_curry,Kaju Curry,1,814.6,28.6,41.9,58.8,12.0,11.17,true,11,501,,
aloo_gobi_matar,Aloo Gobi Matar,3,141.8,8.2,23.1,9.6,8.9,4.87,true,17,352,,
lauki_chana_dal,Lauki Chana Dal,3,105.9,6.0,14.1,17.2,7.8,4.33,true,13,421,,
vegetable_stew,Vegetable Stew,7,764.2,23.0,34.9,61.7,51.4,20.41,true,15,418,,
mushroom_peas_curry_batani_curry,Mushroom Peas Curry (Batani Curry),9,607.8,29.3,34.4,39.6,28.5,15.5,true,19,381,,
matar_makhana_curry,Matar Makhana Curry,2,688.0,32.8,81.7,31.5,9.4,7.06,true,14,490,,
hyderabadi_mirchi_ka_salan,Hyderabadi Mirchi Ka Salan,4,229.2,18.1,17.5,23.9,38.2,18.8,true,17,354,,
thai_yellow_curry,Thai Yellow Curry,9,607.8,31.4,75.2,21.5,35.1,10.08,true,22,393,,thai basil
shorba,Shorba,3,793.4,30.4,128.0,24.4,31.8,21.78,true,22,412,,
easy_thai_green_curry_with_vegetables,Easy Thai Green Curry With Vegetables,5,557.8,33.8,80.3,14.0,32.1,10.08,true,25,435,,
palak_saag,Palak Saag,2,113.9,7.4,15.4,20.8,11.7,9.04,true,12,476,,
pattani_kurma,Pattani Kurma,5,832.4,29.9,49.1,64.4,22.5,12.04,true,16,296,,
palak_mushroom,Palak Mushroom,3,201.2,12.0,30.3,11.3,16.1,8.58,true,18,374,,
mushroom_tikka_masala,Mushroom Tikka Masala,6,786.2,28.0,36.9,59.4,10.0,9.41,true,22,339,,
baby_corn_masala,Baby Corn Masala,3,382.6,14.9,53.5,23.6,18.9,7.87,false,19,378,,omatoe
dum_aloo_banarasi,Dum Aloo Banarasi,4,364.5,13.1,62.3,14.9,32.0,10.76,true,16,425,,
bagara_baingan_eggplant_curry_for_biryani,Bagara Baingan (Eggplant Curry For Biryani),4,255.7,19.2,23.5,14.0,38.2,19.09,true,23,370,,
potato_kurma,Potato Kurma,7,862.8,24.9,45.1,68.3,13.8,9.68,true,15,380,,
lasaniya_batata,Lasaniya Batata,3,125.5,6.3,19.9,14.2,9.4,3.41,true,17,375,,
sev_tamatar_ki_sabji,Sev Tamatar Ki Sabji,1,137.8,4.7,22.0,2.7,9.5,4.27,true,14,398,,
mushroom_kurma,Mushroom Kurma,10,842.7,46.2,38.4,54.6,58.6,20.92,true,18,393,,
sweet_and_sour_vegetables,Sweet And Sour Vegetables,5,115.3,9.6,15.5,10.0,12.3,3.66,true,17,412,,
veg_sagu,Veg Sagu,13,888.7,29.4,107.2,38.8,21.2,10.91,true,23,311,,
veg_chilli_milli,Veg Chilli Milli,3,318.4,14.5,43.6,21.2,18.6,8.47,true,22,408,,
gutti_vankaya_curry_andhra_style,Gutti Vankaya Curry (Andhra Style),2,846.7,49.3,106.5,34.4,66.9,19.35,true,19,490,,
kala_vatana_usal_kalya_vatanyachi_usal,Kala Vatana Usal (Kalya Vatanyachi Usal),2,707.4,18.9,55.1,51.6,22.8,11.44,true,15,314,,
mathanga_erissery,Mathanga Erissery,6,313.3,21.7,20.8,21.3,43.8,22.36,true,12,368,,
kofta_curry,Kofta Curry,5,792.2,29.5,56.3,56.9,15.3,11.39,true,29,366,,
chinese_mushroom_in_spicy_sauce,Chinese Mushroom In Spicy Sauce,2,474.7,27.0,80.7,3.0,28.8,11.56,true,16,376,,
bottle_gourd_curry_lauki_curry,Bottle Gourd Curry (Lauki Curry),2,869.0,9.5,13.1,87.3,22.4,4.7,true,9,480,,or 2 tablespoons oil
matar_ka_nimona,Matar Ka Nimona,1,246.6,15.9,38.9,27.1,19.2,8.86,true,16,561,,
avakaya_pachadi_avakai_pickle,Avakaya Pachadi (Avakai Pickle),6,174.4,5.7,31.6,69.7,14.5,2.95,true,7,412,,
mango_pickle,Mango Pickle,1,259.8,10.2,34.2,46.1,20.4,5.1,true,7,315,,
butterscotch_ice_cream,Butterscotch Ice Cream,2,209.3,7.1,18.2,12.0,1.3,0.49,true,6,309,,praline
mamidikaya_pappu,Mamidikaya Pappu,2,558.7,36.6,88.6,17.3,23.1,8.31,true,15,274,,
chocolate_ice_cream,Chocolate Ice Cream,1,190.8,14.1,40.5,11.5,0.0,0.07,true,3,125,,
pistachio_ice_cream,Pistachio Ice Cream,1,561.9,22.4,27.2,40.5,6.8,3.2,true,4,428,,
mango_ice_cream,Mango Ice Cream,3,290.2,9.1,28.5,15.4,2.6,0.71,true,3,373,,
lassi,Lassi,2,80.9,5.4,4.8,3.8,5.9,7.63,true,13,418,,
mango_lassi,Mango Lassi,1,284.9,7.8,34.7,12.2,6.2,1.35,true,7,516,,
cold_coffee,Cold Coffee,1,472.8,12.8,42.9,27.9,0.4,0.6,true,7,510,,
indian_lamb_curry,Indian Lamb Curry,4,321.7,16.6,48.2,24.9,22.6,12.3,false,21,354,,
tofu_curry,Tofu Curry,6,897.4,29.9,46.3,76.3,8.5,10.23,true,17,334,,organic extra firm tofu
double_ka_meetha,Double Ka Meetha,5,775.8,28.6,42.9,78.0,12.0,7.81,true,12,290,,
turmeric_rice,Turmeric Rice,2,684.3,18.3,113.3,16.0,28.9,18.12,true,16,277,,
chaas,Chaas,2,58.7,2.5,8.2,0.9,3.3,2.55,true,11,361,,
turmeric_milk,Turmeric Milk,1,684.9,22.5,136.9,3.5,24.7,11.72,true,7,257,,
black_eyed_peas_curry,Black Eyed Peas Curry,2,318.0,13.7,52.6,36.7,12.3,10.48,true,16,401,,
bombay_potatoes,Bombay Potatoes,2,239.1,7.3,44.9,34.2,12.9,12.0,true,16,458,,
tomato_pappu,Tomato Pappu,1,192.0,17.9,15.7,24.9,10.4,5.5,false,15,355,,
til_ke_laddu_sesame_laddu,Til Ke Laddu (Sesame Laddu),1,346.6,2.0,82.7,13.0,0.7,4.69,true,6,394,,
sweet_pongal,Sweet Pongal,6,806.7,22.4,64.0,61.6,5.7,8.64,true,10,212,,
matar_mushroom,Matar Mushroom,2,143.7,12.9,17.7,10.9,16.4,6.58,true,13,424,,
manchow_soup,Manchow Soup,5,182.3,9.8,30.8,7.8,10.3,4.4,true,20,360,,
chai_latte,Chai Latte,3,758.6,26.0,136.7,10.0,34.5,16.25,true,8,356,,tea bag
masoor_dal,Masoor Dal,1,441.8,29.0,63.2,43.5,27.8,11.75,true,17,484,,
dal_palak,Dal Palak,1,378.3,24.3,56.6,48.7,19.4,16.5,true,14,593,,
puran_poli,Puran Poli,3,657.3,21.9,130.7,20.8,10.8,7.04,true,11,244,,
yogurt_sandwich,Yogurt Sandwich,1,64.4,3.1,8.0,1.8,6.4,2.9,true,14,401,,
gond_ke_laddu_how_to_make_gond_laddu,"Gond Ke Laddu, How To Make Gond Laddu",2,841.8,13.9,145.1,72.9,6.2,7.56,true,8,309,,
turmeric_latte,Turmeric Latte,1,772.6,22.6,159.2,3.6,25.3,12.69,true,8,295,,
shrimp_tikka_masala_shrimp_masala,Shrimp Tikka Masala (Shrimp Masala),2,166.6,29.2,5.0,33.2,5.2,3.97,false,15,394,,
tandoori_salmon,Tandoori Salmon,1,127.6,12.8,3.4,19.2,3.4,3.45,false,13,156,,
bagara_baingan,Bagara Baingan,3,160.0,6.3,11.2,39.1,15.1,4.6,true,17,384,,
pulao,Pulao,3,550.7,16.4,103.1,14.9,26.6,14.86,true,20,406,,
spinach_soup,Spinach Soup,2,295.4,11.0,24.2,19.3,1.7,2.09,true,13,409,,
lamb_vindaloo,Lamb Vindaloo,5,758.8,37.8,104.7,28.2,63.0,20.66,false,19,381,,
vegetable_jalfrezi,Vegetable Jalfrezi,4,224.7,11.6,34.5,9.6,17.7,6.17,true,24,412,,
rasam,Rasam,2,193.8,7.5,32.9,12.3,12.7,4.85,true,16,305,,
rasam_powder,Rasam Powder,2,825.8,44.2,94.5,25.9,100.6,27.42,true,8,381,,
carrot_halwa,Carrot Halwa,6,873.6,36.4,35.2,69.3,18.3,7.23,true,7,353,,
quinoa_fried_rice,Quinoa Fried Rice,2,652.7,42.8,64.6,36.3,15.8,10.0,false,14,412,,
kalakand,Kalakand,2,698.0,40.8,39.2,42.1,0.8,2.65,true,5,419,,
mysore_pak,Mysore Pak,2,167.8,11.0,23.8,155.7,7.7,3.1,true,5,371,,
ribbon_pakoda_ribbon_murukku_aaku_pakodi,"Ribbon Pakoda (Ribbon Murukku, Aaku Pakodi)",1,571.8,21.1,110.3,12.1,14.0,8.65,true,10,228,,
besan_ladoo,Besan Ladoo,2,600.4,30.7,59.8,76.6,17.3,8.91,true,5,309,,
kaju_katli,Kaju Katli,2,557.5,18.0,24.3,47.5,3.7,5.69,true,5,174,,
besan_burfi,Besan Burfi,5,757.3,27.1,23.6,82.0,19.4,7.06,true,7,233,,
pumpkin_curry,Pumpkin Curry,3,531.1,18.7,32.3,48.5,26.4,13.61,true,23,428,,
kitchenaid_ice_cream,Kitchenaid Ice Cream,1,218.3,7.5,17.1,13.4,0.0,0.33,true,3,352,,
aloo_masala_potato_masala,Aloo Masala (Potato Masala,1,278.4,10.5,48.9,28.7,14.6,7.97,true,14,519,,
poha_chivda,Poha Chivda,2,660.4,14.3,105.7,50.9,10.3,8.49,true,14,288,,
how_to_make_celery_juice,How To Make Celery Juice,1,23.0,0.5,0.6,0.4,0.5,0.41,true,2,90,,
gongura_pappu_gongura_dal,Gongura Pappu (Gongura Dal),3,228.9,15.8,32.2,11.5,15.2,6.2,true,16,360,,
sunnundalu,Sunnundalu,2,640.8,25.9,121.3,29.1,29.0,12.97,true,5,354,,
coconut_burfi_nariyal_barfi,Coconut Burfi (Nariyal Barfi),7,875.5,16.2,20.1,87.5,18.0,4.56,true,10,280,,
carrot_rice,Carrot Rice,5,768.1,23.8,60.6,49.8,11.5,9.98,true,14,244,,
coconut_milk_pulao,Coconut Milk Pulao,8,802.4,19.4,49.0,61.9,17.7,9.65,true,22,220,,
sorakkai_kootu_bottle_gourd_kootu,Sorakkai Kootu (Bottle Gourd Kootu),2,730.4,28.1,60.1,46.4,62.1,13.39,true,13,438,,
tehri,Tehri,4,374.1,13.7,70.1,9.3,22.4,9.29,true,23,361,,
methi_rice,Methi Rice,1,711.1,24.2,136.8,29.6,19.9,18.26,true,10,571,,
pineapple_kesari_pineapple_sheera,Pineapple Kesari (Pineapple Sheera),3,676.4,21.4,137.8,42.2,22.9,7.91,true,9,423,,
split_chickpeas_senaga_pappu_kobbari,Split Chickpeas (Senaga Pappu Kobbari),2,893.1,33.5,69.5,64.5,63.6,14.8,true,15,354,,
potato_kurma_aloo_kurma,Potato Kurma (Aloo Kurma),3,346.0,10.1,38.9,24.1,20.9,10.71,true,20,343,,
moong_dal_ladoo,Moong Dal Ladoo,9,815.5,21.1,83.6,61.8,10.8,12.02,true,6,271,,
dal_soup,Dal Soup,3,174.4,9.7,27.6,14.6,7.6,4.56,true,16,399,,
mushroom_spaghetti,Mushroom Spaghetti,3,416.8,20.4,74.1,3.8,8.8,1.83,true,10,437,,
onion_salad,Onion Salad,1,80.1,4.6,7.6,1.1,9.8,6.07,true,8,290,,
cabbage_curry,Cabbage Curry,5,78.6,6.4,10.2,5.9,8.6,2.82,true,12,382,,
lemon_pickle,Lemon Pickle,1,342.0,14.0,31.1,59.1,28.5,7.33,true,11,591,,
sundal,Sundal,1,731.2,33.6,78.3,48.4,63.9,15.13,true,13,595,,
biryani_rice,Biryani Rice,2,648.7,17.8,119.3,31.5,35.3,20.23,true,18,380,,
cabbage_rice_cabbage_fried_rice,Cabbage Rice (Cabbage Fried Rice),1,398.8,15.4,77.6,20.7,12.3,5.63,true,10,530,,
carrot_chutney,Carrot Chutney,2,456.6,24.2,59.2,17.5,54.2,11.49,true,16,351,,
singapore_fried_rice,Singapore Fried Rice,2,673.5,34.9,92.8,29.7,13.2,8.64,false,24,418,,
lemon_rasam_nimmakaya_pappu_charu,Lemon Rasam (Nimmakaya Pappu Charu),1,353.4,21.9,50.9,16.8,15.2,7.54,true,16,332,,
khichdi,Khichdi,2,254.4,9.7,47.4,24.3,14.1,6.13,true,17,489,,
pudina_chutney_mint_chutney,Pudina Chutney (Mint Chutney),2,310.8,10.5,13.7,25.3,19.0,10.55,true,19,334,,
watermelon_juice,Watermelon Juice,6,96.9,7.6,11.4,1.4,9.8,11.44,true,12,431,,
cabbage_kootu,Cabbage Kootu,2,660.1,33.9,75.1,31.2,55.5,13.08,true,13,440,,
cooker_cake_how_to_make_cake_in_pressure_cooker,"Cooker Cake, How To Make Cake In Pressure Cooker",2,605.3,13.8,90.9,71.0,2.1,1.52,true,10,386,,
semiya_idli,Semiya Idli,6,750.7,24.4,53.3,49.3,8.1,7.72,true,15,215,,
mallige_idli,Mallige Idli,3,726.5,23.8,147.4,2.7,11.7,9.46,true,4,247,,
jackfruit_idli_halasina_hannina_kadubu_pelata_gatti_gidde_ponsa_muddo,"Jackfruit Idli, Halasina Hannina Kadubu, Pelata Gatti/Gidde, Ponsa Muddo",1,321.1,10.5,65.0,1.3,23.7,3.53,true,4,388,,
suji_idli,Suji Idli,1,525.5,17.9,107.6,1.2,15.4,4.69,true,5,426,,
pundi,Pundi,2,515.3,10.2,66.9,28.9,11.0,5.45,true,9,153,,
gunda,Gunda,8,270.3,13.7,47.6,2.0,22.8,1.74,true,3,382,,unroasted rava
green_chutney,Green Chutney,1,107.8,9.6,9.9,2.1,12.9,13.35,true,12,310,,
tomato_chutney,Tomato Chutney,3,134.9,6.5,21.3,10.4,8.4,2.98,true,13,407,,
radish_chutney,Radish Chutney,1,269.8,15.6,33.4,32.4,24.2,9.91,true,15,245,,
momos_chutney,Momos Chutney,1,277.9,15.0,36.7,31.6,32.4,7.24,true,10,445,,
onion_tomato_chutney,Onion Tomato Chutney,1,380.8,21.7,50.2,33.9,36.8,9.93,true,11,476,,
idli_chutney,Idli Chutney,2,526.0,12.3,21.4,56.1,17.9,6.2,true,14,264,,
flax_seeds_idli_podi,Flax Seeds Idli Podi,2,725.0,34.0,53.4,48.2,54.6,14.8,true,14,294,,
garlic_podi,Garlic Podi,3,608.7,24.2,52.9,39.3,28.9,8.31,true,13,233,,
palakura_pachadi,Palakura Pachadi,2,130.3,7.6,16.9,53.7,12.7,6.02,true,14,314,,
red_chutney,Red Chutney,1,504.3,26.7,65.0,11.9,57.6,12.17,true,6,320,,
pottukadalai_chutney,Pottukadalai Chutney,1,333.2,9.8,18.9,32.5,15.8,3.93,true,11,108,,
peanut_chutney,Peanut Chutney,1,393.6,21.2,60.1,14.5,21.5,6.83,true,12,585,,
schezwan_chutney,Schezwan Chutney,1,417.1,22.4,61.4,108.4,37.9,8.26,true,11,562,,
pudina_chutney,Pudina Chutney,2,496.8,12.1,14.8,46.9,20.4,11.1,true,19,304,,
kothamalli_chutney,Kothamalli Chutney,1,263.1,15.2,30.6,16.1,27.3,10.83,true,15,219,,
chutney_ready_mix_travel,Chutney Ready Mix Travel,2,471.2,8.5,13.6,55.4,17.9,3.86,true,10,174,,
plastic_chutney,Plastic Chutney,1,248.8,6.0,26.9,24.7,2.6,3.53,true,9,282,,
onion_chutney,Onion Chutney,2,217.1,12.6,28.0,17.4,25.0,9.32,true,12,306,,
coconut_chutney,Coconut Chutney,1,720.6,14.4,21.8,88.6,28.7,8.65,true,13,430,,
bhindi_chutney,Bhindi Chutney,1,294.7,17.5,37.1,15.3,31.0,8.29,true,15,495,,
green_chilli_chutney,Green Chilli Chutney,2,434.9,13.0,83.8,16.5,15.1,5.54,true,13,438,,
roasted_capsicum_chutney,Roasted Capsicum Chutney,1,267.4,15.4,33.1,15.4,23.3,7.17,true,15,464,,
burnt_onion_chutney,Burnt Onion Chutney,3,142.1,9.8,16.9,5.4,20.4,10.54,true,14,367,,
,वडा पाव चटनी रेसिपी,1,777.0,29.9,98.0,69.6,50.9,19.68,true,15,518,,
brinjal_chutney,Brinjal Chutney,1,166.6,7.5,24.9,7.6,9.2,4.36,true,12,370,,
ginger_chutney,Ginger Chutney,2,531.8,23.4,78.9,24.1,49.6,13.26,true,15,301,,
hotel_style_chutney,Hotel Style Chutney,2,509.3,11.2,19.4,47.1,17.0,5.51,true,14,241,,
tomato_garlic_chutney,Tomato Garlic Chutney,1,76.4,4.5,10.1,1.5,6.9,3.21,true,6,309,,
dahi_ki_chatni,Dahi Ki Chatni,1,395.9,19.8,46.0,25.4,43.7,12.27,true,11,482,,
tomato_pudina_chutney,Tomato Pudina Chutney,2,186.7,13.0,21.7,16.9,19.6,11.98,true,17,320,,
sweet_potato_chutney,Sweet Potato Chutney,1,651.3,18.2,42.2,57.8,25.2,5.79,true,9,272,,
dry_garlic_chutney,Dry Garlic Chutney,1,268.2,5.7,12.1,34.5,10.3,3.52,true,13,152,,
chana_dal_chutney,Chana Dal Chutney,1,625.4,18.3,34.9,71.0,27.2,6.89,true,8,196,,
methi_chutney,Methi Chutney,1,510.3,9.8,20.1,51.9,21.3,4.76,true,11,140,,
tomato_gojju,Tomato Gojju,2,325.2,17.1,37.8,23.8,40.1,11.67,true,17,327,,
red_coconut_chutney,Red Coconut Chutney,2,467.0,8.2,14.0,48.5,14.7,3.12,true,10,113,,
lahsun_ki_chatni,Lahsun Ki Chatni,1,411.7,21.8,53.1,35.9,44.5,9.7,true,9,270,,
curry_leaves_chutney,Curry Leaves Chutney,1,879.6,16.2,17.9,91.3,33.2,10.42,true,11,306,,
cabbage_chutney,Cabbage Chutney,1,199.8,13.6,26.9,11.7,16.4,4.06,true,8,372,,
gulla_bajji,Gulla Bajji,1,409.0,17.1,65.6,13.9,33.5,12.52,true,9,290,,gulla
kadle,Kadle,2,529.9,15.9,18.2,47.4,33.2,13.06,true,10,231,,
sandwich_chutney,Sandwich Chutney,1,107.9,9.4,9.1,2.1,12.5,13.2,true,12,341,,
palak_chutney,Palak Chutney,1,481.1,9.4,15.0,55.5,16.9,5.16,true,13,180,,
ash_gourd_chutney,Ash Gourd Chutney,1,499.5,10.0,19.6,50.9,19.7,5.12,true,8,130,,
beetroot_chutney,Beetroot Chutney,2,519.3,11.6,21.8,49.1,19.7,4.75,true,11,231,,
kara_chutney,Kara Chutney,1,195.8,11.8,25.8,12.6,15.6,5.08,true,11,214,,
pizza_sauce,Pizza Sauce,1,109.7,6.0,16.8,9.7,8.6,2.56,true,11,561,,
tamatar_ki_chutney,Tamatar Ki Chutney,1,131.3,6.6,17.8,28.5,8.5,3.08,true,10,560,,
tomato_thokku,Tomato Thokku,1,138.4,6.7,18.8,41.4,9.7,3.82,true,9,558,,
coriander_chutney,Coriander Chutney,2,485.1,9.8,15.9,46.8,13.7,5.27,true,13,160,,
dahi_chutney,Dahi Chutney,1,78.7,7.0,5.8,1.6,9.4,10.06,true,10,430,,
banana_chutney,Banana Chutney,1,117.5,18.2,2.7,15.5,3.5,3.06,false,11,430,,
potlakaya_chutney,Potlakaya Chutney,1,743.1,15.7,26.1,72.5,32.5,7.92,true,10,272,,
poondu_chutney,Poondu Chutney,1,357.3,17.6,53.4,19.2,27.5,6.39,true,8,342,,
chutney_for_dosa,Chutney For Dosa,1,888.8,15.1,19.5,92.0,33.2,10.55,true,10,410,,
hung_curd_sandwich,Hung Curd Sandwich,2,113.0,1.7,3.6,10.0,3.3,1.51,true,12,346,,
keema_sandwich,Keema Sandwich,1,743.2,50.7,29.2,70.7,35.5,13.17,true,14,432,,
ghughra_sandwich,Ghughra Sandwich,1,65.8,4.9,7.1,1.3,10.0,5.91,true,10,279,,
masala_sandwich,Masala Sandwich,2,213.0,8.6,36.6,14.9,10.8,8.49,true,19,428,,
moong_dal_toast,Moong Dal Toast,1,49.4,3.2,6.3,0.8,7.1,3.89,true,12,498,,
eggless_french_toast,Eggless French Toast,2,234.1,7.8,20.4,13.5,0.8,0.39,true,7,364,,
chilli_garlic_breadsticks,Chilli Garlic Breadsticks,1,42.9,2.9,6.7,0.2,2.6,1.67,true,8,184,,
no_bread_sandwich,No Bread Sandwich,1,577.4,20.7,114.8,2.0,22.1,7.46,true,12,548,,
pizza_burger,Pizza Burger,2,249.9,4.3,22.1,21.8,6.8,2.81,true,22,446,,
grilled_cheese_pizza_sandwich,Grilled Cheese Pizza Sandwich,2,221.5,6.7,12.5,15.6,6.4,2.51,true,19,359,,
roti_sandwich,Roti Sandwich,2,521.8,18.7,68.2,30.9,5.2,1.86,true,19,399,,
pin_wheel_sandwich,Pin Wheel Sandwich,1,250.5,2.1,4.9,24.6,3.6,0.74,true,11,329,,
veg_malai_sandwich,Veg Malai Sandwich,1,76.4,4.4,10.6,1.2,9.5,4.03,true,10,425,,
veggie_burger,Veggie Burger,4,197.8,7.3,22.5,8.1,9.4,3.37,true,26,383,,
mayonnaise_cheese_sandwich,Mayonnaise Cheese Sandwich,1,489.5,3.5,7.8,49.1,6.1,2.17,true,13,432,,
aloo_toast,Aloo Toast,2,157.5,4.1,29.0,8.5,6.8,2.84,true,18,363,,
aloo_masala_grilled_sandwich,Aloo Masala Grilled Sandwich,1,327.8,16.3,40.5,10.5,5.8,3.09,true,9,589,,
finger_sandwiches,Finger Sandwiches,2,355.6,6.0,25.6,24.9,5.6,1.35,true,11,319,,
tomato_cheese_sandwich,Tomato Cheese Sandwich,1,48.0,1.1,2.8,3.4,1.5,0.48,true,6,265,,
spinach_corn_sandwich,Spinach Corn Sandwich,1,97.7,4.7,12.8,2.5,8.1,7.17,true,10,364,,
pav_sandwich,Pav Sandwich,1,102.9,4.9,17.0,0.9,9.0,3.96,true,14,428,,
cheese_masala_toast,Cheese Masala Toast,1,88.3,4.5,11.9,10.4,8.6,4.32,true,18,450,,
gatte_ki_sabji,Gatte Ki Sabji,2,541.6,31.1,81.7,27.4,32.8,13.56,true,21,428,,
aloo_posto,Aloo Posto,1,354.4,12.3,45.0,37.9,15.3,6.12,true,8,390,,
soya_keema,Soya Keema,3,694.2,29.4,115.4,23.9,22.2,20.23,true,22,392,,or soy granule
sprouts_curry,Sprouts Curry,1,440.2,31.2,65.8,28.5,41.2,13.35,true,13,470,,
cauliflower_kurma,Cauliflower Kurma,8,816.6,31.6,37.4,62.6,24.1,16.84,true,19,324,,
poori_sagu,Poori Sagu,3,235.2,20.0,26.0,7.8,41.3,21.35,true,15,440,,
potato_curry,Potato Curry,2,177.3,5.4,34.7,20.2,7.6,4.04,true,11,401,,
tomato_saar,Tomato Saar,3,362.1,23.9,21.7,26.3,53.3,25.01,true,13,465,,
vegetable_curry,Vegetable Curry,10,404.8,17.6,74.3,8.0,19.1,8.31,true,20,409,,
kootu_curry,Kootu Curry,4,338.2,21.1,25.9,21.3,46.4,20.19,true,14,378,,
jackfruit_curry,Jackfruit Curry,2,392.6,16.7,68.3,17.0,34.9,12.54,true,19,472,,
instant_pot_chana_masala,Instant Pot Chana Masala,2,397.9,22.2,58.7,26.0,26.3,12.68,true,17,346,,
vatha_kulambu,Vatha Kulambu,3,331.2,26.1,34.8,6.7,59.8,31.88,true,13,422,,
colocasia_leaves,Colocasia Leaves,11,854.0,48.8,41.2,51.1,65.2,20.68,true,18,387,,
mor_kulambu,Mor Kulambu,3,554.9,34.1,69.7,23.5,52.0,23.07,true,18,465,,
kalan,Kalan,4,339.5,23.2,23.0,18.3,52.8,23.33,true,13,411,,
dum_aloo,Dum Aloo,4,730.9,24.4,45.9,55.8,14.3,10.3,true,18,282,,
potato_stew_kerala_style,Potato Stew (Kerala Style,2,730.7,10.3,26.7,77.8,20.4,5.22,true,10,334,,
rajma_chawal,Rajma Chawal,2,363.2,23.5,57.8,3.8,22.9,9.22,true,14,332,,
chanar_dalna,Chanar Dalna,2,411.3,23.4,44.7,40.1,14.8,6.56,true,18,374,,
chana_masala,Chana Masala,3,310.2,17.7,44.0,24.3,29.2,9.68,true,18,372,,
poricha_kuzhambu,Poricha Kuzhambu,2,517.2,24.6,59.0,31.2,40.5,9.51,true,14,330,,
sorak_curry_goan_vegetarian_coconut_curry,Sorak Curry (Goan Vegetarian Coconut Curry),2,466.1,8.2,13.5,54.9,17.4,5.26,true,10,459,,
vindaloo,Vindaloo,6,755.1,35.1,114.5,24.5,46.3,20.39,true,18,389,,
cauliflower_curry_north_indian_style,Cauliflower Curry (North Indian Style),3,81.7,6.1,10.7,9.6,7.4,4.91,true,13,371,,
ennai_kathirikai_kulambu,Ennai Kathirikai Kulambu,4,333.0,21.6,22.5,17.6,48.5,20.97,true,20,375,,
kung_pao,Kung Pao,8,845.6,31.4,51.5,56.3,25.8,12.01,true,16,329,,
drumstick_sambar_murungakkai_sambar,Drumstick Sambar (Murungakkai Sambar),5,469.7,44.5,37.0,9.9,87.9,31.14,true,14,417,,
moru_curry,Moru Curry,6,459.0,41.7,24.2,20.0,83.9,24.37,true,14,401,,
chane_ka_saag,Chane Ka Saag,1,175.3,9.7,23.8,29.0,19.4,5.18,true,11,292,,
bhindi_ka_salan,Bhindi Ka Salan,3,164.5,16.1,15.4,15.3,35.5,18.56,true,15,364,,
sukha_chana_dry_chana,Sukha Chana (Dry Chana),3,305.2,25.5,35.2,13.9,33.5,27.29,true,11,424,,
soya_chunks_fry_kerala_style_meal_maker_fry,Soya Chunks Fry (Kerala Style Meal Maker Fry),6,254.5,23.6,16.9,13.4,40.7,20.5,true,20,374,,
knol_khol,Knol Khol,2,634.9,26.2,106.5,29.4,14.7,19.04,true,11,309,,
turnip_curry_shalgam_ki_sabji,Turnip Curry (Shalgam Ki Sabji),3,207.8,7.7,27.1,24.0,5.5,3.68,true,13,347,,or turnip and
vegetable_dum_biryani,Vegetable Dum Biryani,7,688.7,35.0,114.4,13.6,24.5,12.71,true,31,388,,
veg_fried_rice,Veg Fried Rice,2,340.8,10.9,68.5,20.7,9.4,5.48,true,18,478,,
moong_dal_khichdi,Moong Dal Khichdi,1,331.7,8.8,67.2,27.6,8.5,6.78,true,11,404,,
corn_pulao,Corn Pulao,4,632.3,28.9,103.8,16.0,22.4,15.0,true,23,374,,
palak_biryani,Palak Biryani,13,893.6,27.5,51.1,67.1,14.1,12.36,true,24,240,,
schezwan_fried_rice,Schezwan Fried Rice,4,216.9,9.5,39.5,1.9,12.7,5.11,true,17,388,,
coriander_rice,Coriander Rice,3,856.0,30.4,146.1,23.2,24.8,19.99,true,19,430,,
jeera_rice,Jeera Rice,4,723.1,27.1,129.9,15.2,18.4,16.9,true,12,305,,
mango_rice,Mango Rice,6,491.9,25.9,61.7,13.6,54.3,22.66,true,19,404,,
yakhni_pulao,Yakhni Pulao,11,852.5,28.8,70.1,52.6,11.6,12.2,true,19,251,,
capsicum_rice,Capsicum Rice,4,281.6,7.9,47.2,8.7,9.9,5.36,true,12,362,,
methi_pulao,Methi Pulao,3,387.2,14.0,72.4,24.5,16.2,12.29,true,15,343,,
palak_rice,Palak Rice,3,396.1,11.6,63.8,15.1,16.6,12.77,true,15,418,,
tomato_pulao,Tomato Pulao,2,479.8,14.3,94.7,16.0,17.8,10.31,true,17,445,,
masala_rice,Masala Rice,2,602.7,14.9,125.5,15.7,11.2,11.56,true,14,341,,
tamarind_rice_puliyodharai,Tamarind Rice (Puliyodharai,4,251.0,7.4,48.2,2.4,8.8,4.16,true,20,421,,
chana_pulao_indian_chickpea_rice,Chana Pulao (Indian Chickpea Rice),3,491.1,19.0,90.4,12.9,22.9,11.01,true,22,408,,
tomato_bath_karnataka_style,Tomato Bath (Karnataka Style),2,471.4,12.7,75.2,24.9,13.9,7.77,true,17,477,,
bombay_biryani,Bombay Biryani,8,447.3,14.5,84.1,16.4,15.7,7.05,true,31,384,,prunes -
chana_biryani,Chana Biryani,5,895.0,24.7,84.9,62.5,38.5,14.27,true,25,388,,
mushroom_fried_rice_chinese_style,Mushroom Fried Rice (Chinese Style),2,635.6,29.9,119.7,21.4,17.0,10.0,true,9,291,,
curd_rice,Curd Rice,1,384.2,10.2,71.8,5.4,6.3,5.32,true,12,252,,
bengali_khichdi,Bengali Khichdi,2,502.7,18.3,97.2,22.1,22.1,10.15,true,17,476,,
phirni,Phirni,16,851.0,30.2,47.4,59.8,19.9,7.54,true,8,208,,
mughlai_biryani,Mughlai Biryani,16,1300.2,38.7,131.3,73.3,20.5,18.38,true,29,511,,
chana_dal_khichdi,Chana Dal Khichdi,1,538.8,22.9,97.3,17.9,14.9,8.33,true,6,201,,
beetroot_rice,Beetroot Rice,5,654.4,30.1,108.9,13.7,41.1,25.85,true,17,410,,
rajma_pulao_kidney_beans_pilaf,Rajma Pulao (Kidney Beans Pilaf),2,788.5,28.2,149.2,25.3,40.4,19.62,true,19,464,,
coconut_milk_rice_south_indian_style,Coconut Milk Rice (South Indian Style),4,689.0,23.6,81.2,34.5,48.4,20.97,true,15,417,,
jaggery_rice,Jaggery Rice,7,823.4,9.0,188.4,6.1,14.5,17.92,true,8,330,,
kathal_biryani,Kathal Biryani,6,241.2,7.8,46.4,8.3,14.7,5.02,true,21,415,,
cabbage_rice,Cabbage Rice,2,456.6,13.2,91.4,31.5,18.7,9.99,true,15,432,,
basmati_rice,Basmati Rice,1,0.0,0.0,0.0,2.1,0.0,0.0,true,3,2,,
instant_pot_rice_pilaf_indian_vegetarian,Instant Pot Rice Pilaf (Indian Vegetarian),5,587.3,21.6,107.3,14.1,15.1,13.11,true,25,380,,
vangi_bath,Vangi Bath,2,632.2,20.8,100.4,14.4,34.4,13.08,true,18,438,,
coconut_rice_south_indian_style,Coconut Rice (South Indian Style),9,885.2,31.1,48.5,65.1,27.2,17.08,true,12,302,,
potato_rice,Potato Rice,3,363.0,10.6,72.3,10.8,14.5,8.12,true,20,393,,
malabar_biryani,Malabar Biryani,10,602.7,21.3,59.2,43.5,43.3,20.48,true,23,391,,
tomato_biryani,Tomato Biryani,2,867.3,21.6,112.8,48.0,33.4,10.65,true,22,469,,
dindigul_biryani,Dindigul Biryani,5,730.9,24.7,145.8,14.8,27.0,9.68,true,22,408,,
zarda,Zarda,11,821.4,21.5,79.9,49.0,12.1,10.77,true,10,229,,
bhindi_rice_okra_rice,Bhindi Rice (Okra Rice),2,396.8,11.9,78.8,15.2,15.6,8.29,true,18,330,,shahjeera or jeera
parsi_brown_rice,Parsi Brown Rice,3,623.9,20.4,117.2,15.1,24.3,15.5,true,8,268,,
pineapple_fried_rice_thai_style,Pineapple Fried Rice (Thai Style),1,853.1,23.2,147.2,19.4,16.8,14.26,true,14,535,,
kaju_pulao,Kaju Pulao,16,1018.9,33.6,67.2,69.7,9.8,12.79,true,14,240,,
dal_fry,Dal Fry,1,646.2,41.0,98.8,31.5,27.8,13.52,true,17,532,,
dahi_kabab,Dahi Kabab,4,782.4,31.5,40.3,54.9,7.7,8.48,true,11,357,,
cucumber_juice,Cucumber Juice,4,99.2,10.9,7.6,1.7,14.6,19.48,true,9,380,,
mango_juice,Mango Juice,4,98.5,6.5,13.2,1.3,8.0,10.47,true,7,415,,
apple_juice,Apple Juice,1,123.3,0.9,17.0,1.7,3.5,0.53,true,9,299,,
moong_dal,Moong Dal,2,172.3,16.6,16.1,15.6,35.7,17.81,true,19,375,,
coconut_ladoo,Coconut Ladoo,7,792.6,15.7,36.7,65.8,12.0,5.81,true,9,222,,
mushroom_fry,Mushroom Fry,1,861.4,50.9,118.3,43.3,33.0,16.32,true,13,511,,
pakora,Pakora,3,161.8,10.3,23.6,2.1,13.6,6.19,true,14,365,,
basil_seed_drink_sabja_seeds_drink,Basil Seed Drink (Sabja Seeds Drink),1,42.8,1.1,5.3,0.6,1.0,0.32,true,5,180,,
cilantro_chutney_coriander_chutney,Cilantro Chutney (Coriander Chutney),1,179.7,16.5,15.0,4.1,22.1,22.13,true,8,572,,
how_to_make_aloe_vera_juice,How To Make Aloe Vera Juice,1,4.7,0.1,0.0,0.1,0.0,0.02,true,5,65,,
onion_raita,Onion Raita,1,27.7,2.2,3.1,0.4,4.7,2.85,true,4,350,,
pav_bhaji_masala,Pav Bhaji Masala,3,705.0,32.3,98.1,17.4,74.0,22.27,true,12,330,,
sheer_khurma,Sheer Khurma,16,940.1,31.7,46.8,71.9,15.1,7.66,true,12,265,,
kulfi,Kulfi,8,858.8,37.0,26.7,67.2,16.5,7.0,true,7,217,,
mango_kulfi,Mango Kulfi,1,199.2,8.3,12.4,12.7,6.0,1.69,true,5,281,,
tawa_pulao,Tawa Pulao,2,422.1,21.7,76.4,2.0,12.7,6.52,true,16,323,,
hung_curd,Hung Curd,1,0.0,0.0,0.0,0.0,0.0,0.0,true,2,480,,
bitter_gourd_curry,Bitter Gourd Curry,1,132.4,8.4,14.3,27.8,18.8,11.12,true,14,512,,
corn_fried_rice,Corn Fried Rice,3,613.0,14.7,128.9,11.2,10.9,8.94,true,12,350,,
veg_noodles,Veg Noodles,3,332.3,12.3,64.8,1.7,2.9,1.49,true,13,339,,
kadai_mushroom,Kadai Mushroom,4,608.9,24.5,48.1,50.1,31.0,11.36,true,17,354,,
coconut_milk_rice,Coconut Milk Rice,9,812.7,24.2,70.1,50.8,18.2,8.8,true,16,287,,
turmeric_shots,Turmeric Shots,1,119.2,3.0,16.0,2.9,6.9,14.02,true,7,125,,
zucchini_curry,Zucchini Curry,2,568.5,12.1,17.7,59.3,22.7,7.2,true,16,445,,
spaghetti_aglio_e_olio,Spaghetti Aglio E Olio,1,876.9,33.1,166.1,8.1,5.5,4.11,true,7,428,,
authentic_garam_masala,Authentic Garam Masala,3,689.1,23.8,88.9,24.9,32.2,26.59,true,12,245,,
ginger_tea,Ginger Tea,2,113.6,13.9,7.3,2.0,17.6,25.51,true,6,364,,
rogan_josh,Rogan Josh,2,363.2,16.8,57.8,38.0,22.3,9.12,false,14,348,,
how_to_make_rice_flour_at_home,How To Make Rice Flour At Home,1,556.7,11.7,120.7,1.8,5.4,7.01,true,1,185,,
pumpkin_dal,Pumpkin Dal,3,229.6,16.4,33.1,6.5,9.3,11.18,true,16,352,,
peanut_chikki,Peanut Chikki,1,872.6,4.6,209.2,4.6,0.0,11.41,true,4,445,,
horse_gram_dal,Horse Gram Dal,1,630.7,10.6,16.2,71.2,20.7,5.9,true,15,170,,
mushroom_fried_rice,Mushroom Fried Rice,2,734.9,18.8,154.9,18.7,10.2,9.41,true,10,395,,
eggless_orange_cake,Eggless Orange Cake,1,657.6,20.7,112.7,12.4,6.5,3.07,true,10,575,,
tutti_frutti_cake,Tutti Frutti Cake,2,412.9,12.4,71.0,8.2,2.1,1.54,true,10,366,,tutti fruiti
ulavacharu,Ulavacharu,1,284.6,16.3,36.2,51.3,26.3,9.96,true,15,380,,
soft_ghee_mysore_pak,Soft Ghee Mysore Pak,1,335.6,22.0,47.7,107.4,15.5,6.2,true,4,390,,
milk_powder_burfi_barfi,Milk Powder Burfi (Barfi,2,330.1,11.3,26.2,32.9,0.2,0.58,true,5,481,,
peda,Peda,2,515.7,23.3,31.3,39.6,1.0,2.9,true,10,404,,
boondi_ladoo,Boondi Ladoo,7,856.3,22.9,109.4,35.2,17.6,14.68,true,9,285,,
basundi,Basundi,2,466.2,16.5,27.3,32.5,2.8,2.63,true,8,321,,
boondi_raita,Boondi Raita,1,207.4,5.5,22.5,9.9,1.9,1.84,true,8,328,,
badam_halwa_almond_flour_halwa,Badam Halwa (Almond Flour Halwa),1,586.0,17.7,3.6,209.0,12.8,4.49,true,7,369,,
khoya,Khoya,1,272.9,9.4,21.4,29.5,0.0,0.41,true,3,315,,
navratan_korma,Navratan Korma,10,878.5,29.7,39.5,69.3,12.5,9.65,true,25,260,,
kozhukattai,Kozhukattai,1,815.1,10.0,187.0,3.5,3.8,10.54,true,7,424,,
ney_choru,Ney Choru,2,754.8,18.9,115.3,48.6,8.3,10.21,true,12,284,,
tomato_bath,Tomato Bath,3,702.6,23.5,89.0,32.6,45.1,14.33,true,20,396,,
kadala_curry,Kadala Curry,2,495.3,14.8,52.0,118.8,32.8,12.09,true,23,472,,
egg_fried_rice,Egg Fried Rice,4,534.1,18.2,99.3,11.9,13.4,10.81,false,14,446,,
aloo_baingan,Aloo Baingan,2,155.7,6.6,26.3,14.5,13.1,4.8,true,14,457,,
vegetable_barley_soup,Vegetable Barley Soup,2,312.7,15.4,54.5,13.2,19.1,5.58,true,15,386,,
chana_saag,Chana Saag,5,187.1,13.1,22.2,13.0,19.6,10.88,true,14,407,,
soya_chunks_biryani,Soya Chunks Biryani,3,728.4,28.9,117.8,22.2,33.6,22.1,true,20,365,,
beans_poriyal_indian_green_beans_fry,Beans Poriyal (Indian Green Beans Fry),2,653.3,30.4,63.1,46.3,19.4,6.41,true,12,210,,
how_to_make_curd_dahi,How To Make Curd (Dahi,3,303.2,10.4,23.8,18.6,0.0,0.45,true,2,335,,
bhindi_do_pyaza,Bhindi Do Pyaza,2,168.8,10.2,21.6,16.3,22.5,5.82,true,15,361,,
apple_jam,Apple Jam,2,122.6,0.6,25.2,1.2,5.0,0.5,true,7,316,,
blueberry_juice,Blueberry Juice,1,82.1,1.0,18.5,0.6,0.0,0.03,true,4,180,,
schezwan_sauce,Schezwan Sauce,7,773.8,41.6,96.4,28.0,101.0,20.38,true,15,423,,
pomegranate_juice,Pomegranate Juice,3,162.1,3.8,32.8,0.6,8.0,0.9,true,3,353,,
pear_juice,Pear Juice,2,98.6,3.1,17.2,1.0,6.3,1.48,true,7,436,,
shrikhand,Shrikhand,2,117.2,4.2,2.2,10.2,2.5,0.93,true,6,403,,
how_to_make_ghee_ghee,How To Make Ghee (Ghee,1,10.9,1.3,0.8,0.2,2.9,1.47,true,2,247,,
dal_tadka,Dal Tadka,2,417.9,25.8,61.5,40.2,26.1,9.52,true,21,391,,
mango_milkshake,Mango Milkshake,3,304.3,8.9,32.2,15.1,4.8,1.37,true,5,395,,
falooda,Falooda,2,616.0,16.3,66.8,31.3,3.4,3.09,true,9,459,,jelly
cumin_powder_roasted_jeera_powder,Cumin Powder (Roasted Jeera Powder),1,193.8,8.9,14.4,10.6,19.3,13.12,true,1,75,,
mango_smoothie,Mango Smoothie,2,229.0,4.3,48.0,0.9,11.0,1.55,true,5,498,,
jeera_water_cumin_water,Jeera Water (Cumin Water),1,6.5,0.3,0.5,0.4,0.6,0.44,true,2,2,,
jeera_aloo,Jeera Aloo,2,174.2,5.3,33.2,14.3,7.2,4.41,true,15,321,,
kachumber_salad,Kachumber Salad,1,122.9,5.8,15.0,1.9,11.4,5.22,true,10,563,,
ginger_shots,Ginger Shots,1,12.7,0.4,1.3,0.2,0.3,0.24,true,4,27,,
pineapple_milkshake,Pineapple Milkshake,2,191.2,5.4,22.7,8.6,4.4,0.56,true,4,322,,
chapati_roll,Chapati Roll,1,425.3,15.8,64.6,10.3,5.8,3.24,true,5,425,,
rava_toast,Rava Toast,1,103.6,13.1,5.8,2.3,4.6,2.65,false,13,545,,
aloo_tikki_burger,Aloo Tikki Burger,3,257.0,5.5,34.2,10.3,5.3,2.78,true,20,335,,
masala_toast,Masala Toast,1,111.1,6.4,13.0,11.5,12.0,5.59,true,18,496,,
palak_khichdi,Palak Khichdi,2,465.6,17.7,89.6,16.4,12.4,8.69,true,19,383,,
matar_pulao,Matar Pulao,2,837.8,28.4,138.7,31.1,37.9,21.31,true,19,468,,
chilli_garlic_fried_rice,Chilli Garlic Fried Rice,4,667.3,20.2,133.4,10.0,24.0,10.26,true,16,432,,
tahari,Tahari,4,494.0,25.2,87.5,9.4,19.2,10.96,true,25,442,,
namkeen_chawal,Namkeen Chawal,3,291.5,12.3,53.0,10.2,19.4,6.44,true,19,403,,
mexican_rice,Mexican Rice,1,798.1,27.2,158.2,12.4,22.9,13.12,true,18,565,,
rasam_rice,Rasam Rice,2,519.0,18.9,87.3,24.1,16.6,9.01,true,15,296,,
soya_fried_rice,Soya Fried Rice,4,598.7,25.1,102.0,14.6,19.8,9.89,true,17,371,,
palak_pulao,Palak Pulao,2,398.0,11.5,79.7,15.0,12.2,7.3,true,16,380,,
soya_biryani,Soya Biryani,5,294.2,19.8,36.8,13.1,20.1,6.58,true,23,418,,
fermented_rice,Fermented Rice,2,676.7,16.2,130.6,8.7,7.2,7.99,true,6,346,,
veg_dum_biryani,Veg Dum Biryani,6,279.1,10.7,51.6,4.6,10.5,4.89,true,22,371,,
veg_pulao,Veg Pulao,4,564.7,19.5,61.4,32.2,17.2,9.88,true,26,389,,
onion_rice,Onion Rice,4,651.6,15.5,137.4,9.1,10.2,9.06,true,14,363,,
ghee_rice_kurma_combo_meal,Ghee Rice Kurma Combo Meal,5,734.6,20.7,84.6,43.8,20.7,11.08,true,29,354,,
butter_dal_fry,Butter Dal Fry,1,896.0,33.6,171.2,35.8,22.6,16.01,true,20,598,,
3_veggie_rice,3 Veggie Rice,3,611.8,14.2,129.1,11.1,9.7,10.73,true,21,361,,
instant_pulao,Instant Pulao,7,784.4,24.9,100.9,33.4,20.2,12.87,true,24,415,,
sambar_rice,Sambar Rice,6,353.5,19.4,50.4,9.6,24.3,10.3,true,23,396,,
jackfruit_biriyani,Jackfruit Biriyani,8,283.7,10.4,52.6,6.7,19.3,6.71,true,29,415,,
manchurian_fried_rice,Manchurian Fried Rice,3,643.6,16.3,134.8,11.0,11.5,8.91,true,19,435,,
how_to_make_biriyani_rice,How To Make Biriyani Rice,2,580.4,16.2,115.2,6.6,24.1,12.78,true,11,228,,
bagara_rice,Bagara Rice,2,619.3,17.8,112.1,22.1,27.4,18.87,true,17,330,,
shahi_pulao,Shahi Pulao,3,798.8,19.7,148.6,20.7,16.8,12.94,true,21,353,,
narali_bhat,Narali Bhat,5,760.2,20.7,62.0,49.9,12.1,9.26,true,12,192,,
tomato_chitranna,Tomato Chitranna,2,835.3,19.2,158.7,24.7,14.2,12.46,true,16,435,,
brinji_rice,Brinji Rice,4,586.6,15.4,53.1,43.5,24.9,9.33,true,22,396,,
daddojanam,Daddojanam,1,457.4,13.2,76.0,35.9,5.9,5.77,true,12,505,,
matka_biryani,Matka Biryani,4,360.2,14.3,61.6,10.2,20.4,11.34,true,28,442,,
aloo_matar_pulao,Aloo Matar Pulao,2,583.5,18.0,114.8,16.6,26.8,14.48,true,21,480,,
navratan_pulao,Navratan Pulao,13,886.1,35.4,56.2,60.4,14.9,8.79,true,31,298,,
puliyodharai,Puliyodharai,3,650.1,17.5,132.7,3.8,15.4,9.96,true,16,278,,
chana_pulao,Chana Pulao,2,488.2,19.5,88.6,11.2,22.5,10.21,true,18,267,,
rajma_pulao,Rajma Pulao,2,503.9,20.7,95.9,9.0,16.7,9.77,true,18,261,,
tiranga_pulao,Tiranga Pulao,7,805.6,28.4,95.3,34.2,13.9,15.33,true,18,267,,
ghee_rice,Ghee Rice,2,594.3,15.9,109.0,21.7,21.5,12.01,true,16,272,,
schezwan_rice,Schezwan Rice,2,831.9,21.8,174.1,9.9,10.4,8.51,true,13,458,,
coconut_rice,Coconut Rice,5,852.0,22.8,73.0,54.3,9.5,8.81,true,11,209,,
kofta_biryani,Kofta Biryani,4,497.4,18.8,85.3,17.3,15.5,9.61,true,27,392,,
,मशरूम राइस रेसिपी,16,253.4,29.2,25.1,5.9,23.6,3.59,true,15,851,,
curry_leaves_rice,Curry Leaves Rice,2,745.4,20.1,133.9,16.9,19.6,12.35,true,13,292,,
instant_biryani,Instant Biryani,3,457.3,15.9,90.4,6.4,15.3,9.02,true,19,422,,
udupi_chitranna,Udupi Chitranna,3,718.1,14.8,126.2,20.2,11.8,8.6,true,11,245,,
,बीटरूट राइस रेसिपी,2,429.0,19.2,67.7,27.5,29.8,19.17,true,19,480,,
,वेजिटेबल राइस रेसिपी,3,404.8,24.0,67.5,44.9,18.7,8.39,true,15,342,,
student_biryani,Student Biryani,4,361.7,14.3,70.5,3.4,13.1,7.58,true,21,447,,
kuska,Kuska,2,491.3,14.5,97.1,16.1,23.1,12.89,true,21,363,,
gobi_fried_rice,Gobi Fried Rice,7,445.9,17.0,86.3,4.6,14.7,7.78,true,20,402,,
malabar_biriyani,Malabar Biriyani,7,750.6,26.5,63.5,46.8,15.6,11.9,true,26,403,,
pan_fry_ghee_rice,Pan Fry Ghee Rice,8,848.3,29.1,88.7,42.8,12.1,14.12,true,12,230,,
mushroom_biriyani,Mushroom Biriyani,4,481.7,14.7,90.2,18.2,20.8,13.08,true,27,356,,
pressure_cooker_biryani,Pressure Cooker Biryani,5,422.1,14.7,75.8,15.4,24.0,13.93,true,28,398,,
biriyani_pulao,Biriyani Pulao,4,322.0,10.4,58.4,16.8,14.5,8.8,true,26,375,,
hyderabadi_veg_mutton_biryani,Hyderabadi Veg Mutton Biryani,5,317.4,8.3,65.1,4.1,10.5,5.28,true,23,371,,
donne_biriyani,Donne Biriyani,4,347.5,16.4,58.6,11.5,27.7,10.46,true,24,398,,
veg_biriyani,Veg Biriyani,4,476.9,14.4,88.3,18.5,19.5,11.99,true,26,431,,
aloo_dum_biryani,Aloo Dum Biryani,8,310.4,10.6,51.8,11.8,19.0,7.67,true,33,391,,
biryani_masala,Biryani Masala,3,808.4,24.6,116.7,24.8,54.9,29.52,true,15,322,,
semiya_biryani,Semiya Biryani,4,260.2,13.4,44.9,2.8,20.1,7.77,true,24,375,,
basanti_pulao,Basanti Pulao,2,623.3,16.2,115.5,28.3,24.9,13.05,true,14,300,,
soya_chunks_pulao,Soya Chunks Pulao,3,575.2,27.5,81.6,22.3,23.7,11.66,true,22,434,,florets caulifower
white_pulao,White Pulao,4,541.4,17.1,83.6,20.1,20.5,10.73,true,29,417,,
cooker_pulao,Cooker Pulao,5,541.5,26.8,72.2,19.7,22.5,10.17,true,24,438,,
bread_pulao,Bread Pulao,3,498.3,14.1,92.4,16.6,18.4,11.26,true,24,370,,
sama_ke_chawal_pulao,Sama Ke Chawal Pulao,6,852.6,26.2,57.3,59.4,16.1,8.65,true,19,236,,
ambur_biryani,Ambur Biryani,5,462.5,22.0,75.8,13.7,34.0,9.19,true,20,425,,
vegetable_biryani,Vegetable Biryani,5,442.6,16.7,82.2,21.5,25.1,11.36,true,24,436,,
kashmiri_biryani,Kashmiri Biryani,10,821.6,27.1,162.8,8.5,31.9,12.94,true,23,360,,
aloo_biryani,Aloo Biryani,8,800.6,23.3,70.2,51.4,17.7,17.45,true,27,293,,to tejpatta
nei_choru,Nei Choru,8,887.4,28.8,45.8,71.7,10.3,10.72,true,9,222,,
baby_corn_rice,Baby Corn Rice,3,455.1,13.8,87.6,12.4,26.1,11.15,true,18,358,,
cauliflower_biryani_one_pot_gobi_biryani,Cauliflower Biryani (One Pot Gobi Biryani),6,577.7,21.1,83.8,22.0,36.7,21.44,true,27,424,,
saffron_rice,Saffron Rice,2,732.8,20.1,148.2,23.6,31.1,16.27,true,10,355,,
mushroom_biryani,Mushroom Biryani,5,496.4,28.2,81.5,11.5,44.4,22.13,true,22,429,,
gucchi_mushroom,Gucchi Mushroom,5,260.8,14.8,43.2,10.1,14.9,5.22,true,13,402,,
lucknowi_biryani,Lucknowi Biryani,4,535.8,15.8,99.4,13.2,12.8,10.34,true,19,401,,
ellu_sadam,Ellu Sadam,3,464.9,29.6,67.8,5.6,55.3,27.02,true,10,418,,
kolkata_biryani,Kolkata Biryani,5,666.5,24.6,121.1,7.9,21.2,15.54,true,25,430,,
pressure_cooker_biryani_vegetarian,Pressure Cooker Biryani (Vegetarian),5,621.8,23.3,111.9,8.2,19.6,15.93,true,26,408,,
kuska_rice,Kuska Rice,2,497.5,15.4,99.4,15.3,18.7,10.04,true,15,346,,
indian_butter_rice,Indian Butter Rice,6,825.8,26.1,49.3,58.1,8.6,9.35,true,7,188,,
tzatziki,Tzatziki,1,193.6,10.6,22.9,6.3,7.5,3.8,true,7,355,,
watermelon_feta_salad,Watermelon Feta Salad,2,97.2,2.7,10.8,4.5,3.2,1.64,true,9,461,,
strawberry_juice,Strawberry Juice,1,81.6,1.8,19.6,0.8,0.0,0.0,true,4,360,,
mango_jam,Mango Jam,4,211.6,7.0,39.0,1.6,11.5,2.52,true,4,351,,
lemongrass_tea,Lemongrass Tea,1,26.3,2.5,2.5,0.5,3.3,1.81,true,3,90,,
toor_dal,Toor Dal,2,549.3,30.3,86.0,20.0,33.1,13.37,true,15,344,,
ganga_jamuna_juice,Ganga Jamuna Juice,3,198.9,8.7,33.0,2.7,9.8,1.68,true,4,425,,
easy_banana_cake,Easy Banana Cake,6,757.8,13.3,23.7,68.6,6.7,3.29,true,8,152,,any neutral flavored oil
eggless_vanilla_cake,Eggless Vanilla Cake,1,551.4,16.0,116.0,1.2,4.8,2.81,true,11,412,,
eggless_orange_cake_vegan_amp_whole_wheat,Eggless Orange Cake (+ Vegan &Amp; Whole Wheat),2,224.8,7.2,44.3,26.7,10.2,2.84,true,9,349,,
eggless_fruit_cake,Eggless Fruit Cake,7,766.0,12.3,160.6,35.7,16.8,7.47,true,23,395,,rum
eggless_black_forest_cake,Eggless Black Forest Cake,4,246.1,6.1,42.5,19.9,4.9,0.84,true,13,368,,
date_cake,Date Cake,3,743.1,20.6,53.5,66.6,17.1,6.17,true,13,228,,
mawa_cake,Mawa Cake,3,704.5,32.0,132.9,3.0,25.2,9.66,true,7,308,,
mango_cake,Mango Cake,2,359.4,11.4,62.7,6.2,10.5,3.41,true,10,395,,
apple_cake,Apple Cake,2,329.5,8.5,66.5,27.6,12.0,3.39,true,14,336,,
cooker_cake,Cooker Cake,1,468.2,14.3,84.3,7.5,2.8,1.97,true,7,322,,
pressure_cooker_chocolate_cake,Pressure Cooker Chocolate Cake,2,470.5,17.8,88.4,33.3,6.2,6.06,true,13,302,,
wheat_cake,Wheat Cake,1,437.6,14.6,74.6,8.2,11.5,4.21,true,7,380,,
eggless_pound_cake,Eggless Pound Cake,2,397.8,13.3,62.0,10.2,9.0,4.23,true,8,371,,
plum_cake,Plum Cake,3,631.3,16.0,82.6,25.5,15.5,5.82,true,20,335,,
orange_muffins,Orange Muffins,2,233.3,10.3,48.0,29.2,8.7,2.59,true,12,314,,
eggless_brownies,Eggless Brownies,2,684.4,18.8,121.4,16.5,14.3,5.06,true,10,280,,
apple_upside_down_cake,Apple Upside Down Cake,2,455.8,9.2,98.8,27.1,7.8,5.3,true,14,269,,
eggless_chocolate_chip_muffins_whole_wheat,Eggless Chocolate Chip Muffins (Whole Wheat),1,590.3,13.0,94.2,17.6,11.5,4.06,true,9,298,,
lava_cake,Lava Cake,2,554.9,10.5,76.0,40.0,2.9,1.02,true,10,191,,
applesauce_cake,Applesauce Cake,1,617.7,17.3,124.3,55.0,4.2,2.71,true,9,480,,applesauce
wine_cake,Wine Cake,6,772.8,17.8,59.8,75.2,8.5,4.17,true,24,347,,sultana
gingerbread_cake,Gingerbread Cake,1,854.8,18.8,183.5,105.1,19.1,11.17,true,11,515,,
mango_cheesecake,Mango Cheesecake,4,385.4,11.0,52.7,13.9,1.0,0.13,true,8,430,,cracker
creamy_cheesecake,Creamy Cheesecake,6,831.4,9.0,107.9,38.6,0.0,0.03,true,8,245,,digestive biscuit
eggless_pineapple_cake,Eggless Pineapple Cake,2,190.5,4.1,38.8,1.3,9.0,1.17,true,6,480,,
cucumber_cake,Cucumber Cake,4,865.7,20.6,134.9,26.0,33.7,13.98,true,8,361,,
eggless_strawberry_cream_cake,Eggless Strawberry Cream Cake,2,321.6,9.0,69.1,1.1,2.1,1.35,true,11,446,,
rava_cake,Rava Cake,2,815.5,14.2,44.9,83.7,20.9,5.1,true,6,255,,
eggless_carrot_cake,Eggless Carrot Cake,2,506.9,16.9,71.8,41.7,11.4,3.81,true,11,458,,
honey_cake,Honey Cake,1,680.5,16.6,85.9,79.9,21.1,6.41,true,12,395,,
eggless_blueberry_muffins_whole_wheat,Eggless Blueberry Muffins (Whole Wheat),3,632.9,10.8,43.7,46.5,16.5,4.16,true,10,240,,
biscuit_cake,Biscuit Cake,2,759.3,10.1,95.3,37.8,0.0,0.08,true,7,240,,glucose biscuit
mango_muffins,Mango Muffins,2,501.4,16.0,90.4,7.0,30.9,11.05,true,10,355,,
sour_cream_coffee_cake,Sour Cream Coffee Cake,1,862.7,29.0,138.6,19.5,22.2,12.06,true,11,564,,
butter_cake,Butter Cake,2,451.2,14.2,71.1,11.8,2.1,1.63,true,6,390,,
eggless_cupcake,Eggless Cupcake,1,725.5,22.1,142.3,5.8,16.0,6.06,true,10,516,,
easy_pineapple_upside_down_cake_eggless,Easy Pineapple Upside Down Cake (Eggless),5,224.2,5.4,46.2,6.3,7.8,1.3,true,10,391,,
lemon_cake,Lemon Cake,2,476.9,15.5,86.8,5.5,14.3,5.18,true,12,372,,
traditional_sambar,Traditional Sambar,9,267.1,26.0,20.6,8.1,51.8,19.89,true,17,410,,
moong_dal_tadka_yellow_moong_dal,Moong Dal Tadka (Yellow Moong Dal,1,97.2,5.4,14.5,65.0,7.8,3.76,true,13,362,,
green_moong_dal_green_gram_curry,Green Moong Dal (Green Gram Curry),1,55.7,3.7,6.6,26.6,7.0,4.34,true,14,348,,
kali_dal,Kali Dal,1,524.1,20.8,97.9,29.0,26.4,12.47,true,13,538,,
kala_chana_punjabi_black_chickpeas_curry,Kala Chana (Punjabi Black Chickpeas Curry),1,89.4,5.8,11.0,27.2,10.1,6.47,true,13,369,,
instant_pot_dal_makhani,Instant Pot Dal Makhani,1,236.9,15.5,35.1,2.5,17.9,10.53,true,12,480,,
dhaba_dal,Dhaba Dal,3,409.0,22.0,60.6,13.3,37.2,11.31,true,24,441,,
panchmel_dal,Panchmel Dal,4,139.5,5.0,24.5,17.8,10.7,3.51,true,10,382,,
dhansak,Dhansak,6,254.0,15.1,38.5,13.8,17.4,6.54,true,20,385,,
mung_bean_sprouts,Mung Bean Sprouts,1,187.4,14.4,29.4,0.7,10.9,3.12,true,2,75,,
tomato_pappu_andhra_dal_with_tomatoes,Tomato Pappu (Andhra Dal With Tomatoes),4,246.4,23.6,25.2,9.8,44.6,23.02,true,14,438,,
usal,Usal,2,473.3,19.3,45.5,29.4,22.1,10.52,true,14,242,,
akkha_masoor,Akkha Masoor,1,597.8,29.1,58.8,26.2,24.9,13.07,true,13,411,,
lobia,Lobia,1,505.7,22.3,82.4,33.8,15.4,16.74,true,13,369,,
gujarati_dal,Gujarati Dal,4,437.1,29.2,59.2,13.0,53.6,24.43,true,19,393,,
amritsari_dal,Amritsari Dal,6,95.7,6.6,13.4,1.1,8.7,9.08,true,9,433,,
cholar_dal,Cholar Dal,2,822.1,38.5,99.1,40.6,58.9,17.56,true,17,338,,
tomato_soup,Tomato Soup,3,84.1,3.7,12.8,1.5,6.4,2.36,true,13,398,,
semiya_payasam,Semiya Payasam,10,863.0,28.7,55.5,60.9,7.9,7.57,true,7,343,,
peas_pulao_matar_pulao,Peas Pulao (Matar Pulao,6,839.1,27.0,91.0,43.8,27.7,18.0,true,17,326,,
cucumber_raita,Cucumber Raita,3,67.7,7.0,5.9,1.2,9.7,11.91,true,9,349,,
pineapple_juice,Pineapple Juice,1,163.6,5.1,27.1,1.4,12.7,2.77,true,8,415,,
banana_cake,Banana Cake,2,507.0,19.8,83.5,9.7,3.8,2.91,false,9,455,,
almond_yogurt,Almond Yogurt,1,776.5,23.5,3.9,74.6,16.7,5.85,true,2,150,,
palak_pakoda_spinach_pakora,Palak Pakoda (Spinach Pakora),2,201.2,12.6,28.8,3.0,13.7,10.48,true,10,355,,
ladies_finger_fry_bendakaya_fry,Ladies Finger Fry (Bendakaya Fry),1,348.9,12.6,21.3,47.9,22.8,7.55,true,17,518,,
javvarisi_payasam,Javvarisi Payasam,6,898.1,23.2,86.5,53.7,6.9,11.54,true,8,273,,
pizza,Pizza,3,375.4,12.0,74.2,8.8,4.8,2.16,true,15,402,,cornmeal
roasted_cashews,Roasted Cashews,1,418.1,13.7,83.1,2.4,14.5,5.13,true,8,156,,
carrot_curry,Carrot Curry,3,407.0,8.9,16.7,42.1,17.4,4.58,true,19,337,,
rabri,Rabri,14,855.4,33.8,25.4,68.9,15.3,6.33,true,7,278,,
tandoori_mushroom_tikka,Tandoori Mushroom Tikka,2,76.5,6.9,6.2,11.0,8.6,3.96,true,16,426,,
garlic_chutney_red_chutney,Garlic Chutney (Red Chutney),4,648.1,34.6,80.8,22.0,83.6,16.86,true,10,355,,
spinach_curry,Spinach Curry,2,263.7,15.9,31.7,20.6,29.0,11.44,true,16,393,,
zucchini_stir_fry,Zucchini Stir Fry,1,98.1,6.1,12.6,17.6,11.0,4.37,true,10,451,,
shrimp_pakora_shrimp_fritters,Shrimp Pakora (Shrimp Fritters),2,320.8,46.2,22.4,2.3,5.8,4.49,false,10,348,,
soya_burger_with_soya_cutlet,Soya Burger With Soya Cutlet,4,311.2,21.6,28.0,14.6,17.1,8.28,true,21,443,,
bagara_rice_chawal,Bagara Rice (Chawal),3,387.8,12.0,75.5,11.5,16.7,10.21,true,14,355,,
cauliflower_curry,Cauliflower Curry,1,136.2,14.5,12.7,27.6,13.1,7.33,false,15,460,,
sweet_potato_stir_fry,Sweet Potato Stir Fry,1,296.6,13.7,46.5,30.6,15.2,5.44,true,10,445,,
thandai,Thandai,16,987.1,34.9,58.3,67.9,22.7,12.36,true,15,306,,
jackfruit_seeds_kurma_curry,Jackfruit Seeds Kurma Curry,1,397.7,14.1,17.1,54.8,31.3,9.37,true,13,435,,
apple_chutney,Apple Chutney,2,233.6,4.2,43.9,9.5,9.5,2.99,true,12,408,,
dill_leaves,Dill Leaves,1,243.4,22.7,23.6,23.8,23.9,11.75,true,12,480,,
schezwan_noodles,Schezwan Noodles,1,626.4,23.2,121.4,42.0,8.6,2.78,true,14,542,,
salmon_curry,Salmon Curry,1,840.8,25.7,25.5,95.9,33.4,11.89,false,16,552,,
cluster_beans,Cluster Beans,1,146.8,12.0,16.8,46.7,20.9,14.52,true,11,532,,
eggless_cupcakes,Eggless Cupcakes,2,220.0,8.3,40.1,22.4,1.1,0.76,true,16,396,,
green_moong_dal_mung_bean_curry,Green Moong Dal (Mung Bean Curry),1,106.9,6.7,13.8,46.6,11.1,5.97,true,15,328,,
fish_tikka_masala_salmon_tikka_masala,Fish Tikka Masala (Salmon Tikka Masala),1,348.0,21.7,50.9,17.0,31.2,13.25,false,16,539,,
instant_pot_dal_and_rice,Instant Pot Dal And Rice,2,500.8,19.3,92.8,10.5,16.1,8.3,true,17,303,,
egg_bhurji,Egg Bhurji,2,172.6,15.7,5.4,22.1,7.0,5.62,false,12,307,,
cucumber_curry,Cucumber Curry,2,65.9,3.5,9.6,10.5,7.7,3.33,true,14,300,,
mangalore_bajji,Mangalore Bajji,1,495.5,12.5,71.0,17.3,9.7,4.71,true,11,292,,
clear_soup,Clear Soup,5,86.9,8.4,9.4,3.7,11.6,5.4,true,13,368,,
chicken_kebab,Chicken Kebab,1,73.8,5.7,8.4,26.4,8.7,3.29,true,7,499,,
stuffed_capsicum,Stuffed Capsicum,3,139.6,6.2,23.7,9.9,10.3,3.53,true,13,454,,
masala_pasta,Masala Pasta,2,508.8,19.1,90.3,7.3,9.4,3.96,true,17,463,,
sabudana_kheer,Sabudana Kheer,1,294.0,9.9,20.6,19.2,0.6,1.13,true,6,398,,
instant_pot_brown_rice,Instant Pot Brown Rice,2,559.8,20.9,96.6,13.5,11.7,12.61,true,4,191,,
chocolate_poke_cake,Chocolate Poke Cake,2,437.9,16.7,80.2,10.8,2.1,1.52,true,10,362,,
chocolate_sponge_cake,Chocolate Sponge Cake,2,471.0,17.6,54.3,45.9,0.7,2.86,false,11,261,,cocoa
classic_chocolate_cake,Classic Chocolate Cake,2,325.4,17.4,58.6,37.0,1.4,1.3,false,13,384,,
eggless_apple_cake,Eggless Apple Cake,1,522.9,14.6,95.5,8.0,5.0,2.19,true,9,477,,
chekkalu,Chekkalu,1,423.0,11.6,86.1,2.5,8.2,6.75,true,9,179,,
crispy_corn,Crispy Corn,2,420.9,12.6,78.8,4.3,20.0,8.87,true,12,416,,
eggless_chocolate_chip_cookies,Eggless Chocolate Chip Cookies,1,436.9,10.5,74.7,10.3,3.3,2.97,true,9,210,,
pala_thalikalu,Pala Thalikalu,7,797.9,17.3,99.2,36.7,6.7,10.98,true,10,227,,
seviyan,Seviyan,2,592.3,20.2,68.5,70.5,7.3,3.63,true,8,455,,
lauki_halwa,Lauki Halwa,3,172.9,6.2,11.7,23.9,3.8,0.91,true,7,345,,
bhindi_fry,Bhindi Fry,2,159.9,7.7,15.0,19.8,13.0,3.1,true,11,313,,
hakka_noodles,Hakka Noodles,4,110.4,7.0,16.7,8.2,11.7,5.21,true,17,355,,
thakkali_sadam,Thakkali Sadam,4,803.3,25.7,62.9,55.7,9.6,10.47,true,18,272,,
mutton_kabab,Mutton Kabab,2,396.3,44.7,14.7,16.6,8.7,8.49,false,10,399,,
vazhakkai_fry_poriyal,Vazhakkai Fry (Poriyal),1,386.9,11.2,69.3,31.2,23.9,15.07,true,12,323,,
drumstick_sambar,Drumstick Sambar,3,413.1,15.0,49.0,25.0,17.0,10.74,true,22,386,,
moong_dal_pakoda_moong_dal_bhajiya,Moong Dal Pakoda (Moong Dal Bhajiya),2,130.4,7.7,15.4,181.9,18.2,5.78,true,11,455,,
wheat_porridge_wheat_baby_food,Wheat Porridge (Wheat Baby Food),1,249.8,7.1,49.7,2.2,10.1,1.75,true,7,596,,
mutton_korma_goat_korma,Mutton Korma (Goat Korma),3,381.1,16.9,62.1,45.5,27.7,13.34,false,18,401,,
jhal_muri,Jhal Muri,2,838.8,21.5,173.6,11.1,11.0,12.32,true,15,483,,chanachur
banana_milkshake,Banana Milkshake,9,808.7,23.5,57.6,53.6,7.3,7.78,true,6,229,,
praline,Praline,1,418.5,12.5,48.3,19.1,5.9,2.59,true,3,128,,
corn_ambode_corn_vada,Corn Ambode (Corn Vada),2,408.3,24.3,57.4,7.3,29.2,11.15,true,17,343,,
eggless_strawberry_cake,Eggless Strawberry Cake,2,408.6,12.3,71.9,7.6,2.1,1.53,true,10,413,,
eggless_sponge_cake,Eggless Sponge Cake,2,507.4,10.9,86.3,63.9,2.1,1.41,true,9,414,,
ginger_garlic_paste,Ginger Garlic Paste,1,196.2,9.9,33.9,13.9,11.7,4.11,true,4,268,,
eggless_christmas_fruit_cake,Eggless Christmas Fruit Cake,3,728.2,22.7,116.0,40.6,10.2,9.9,true,16,320,,citrus peel
mushroom_manchurian,Mushroom Manchurian,1,344.1,23.0,54.8,15.1,17.9,5.94,true,18,585,,
khoya_gulab_jamun,Khoya Gulab Jamun,2,300.3,14.2,25.7,15.5,0.6,1.74,true,11,352,,
rava_burfi,Rava Burfi,3,619.3,17.3,55.1,87.3,15.7,4.56,true,8,384,,
karasev,Karasev,1,476.3,25.1,77.9,25.0,17.0,7.95,true,10,209,,
kova_ladoo,Kova Ladoo,3,694.7,8.0,44.6,58.3,15.8,4.96,true,6,289,,
wheatgrass_shot,Wheatgrass Shot,1,0.0,0.0,0.0,0.0,0.0,0.0,true,1,0,,
masala_pulao,Masala Pulao,2,521.3,15.4,103.0,16.3,25.1,12.71,true,21,388,,
vermicelli_pulao,Vermicelli Pulao,4,736.1,25.9,144.4,4.8,35.3,11.23,true,18,390,,
bread_tikki,Bread Tikki,1,295.1,16.9,30.8,10.9,8.7,5.83,true,12,378,,
lunch_thali,Lunch Thali,4,488.3,30.7,45.0,26.8,7.6,5.77,true,20,448,,
chur_chur_naan,Chur Chur Naan,2,625.8,26.2,102.0,32.5,9.4,5.76,true,20,457,,
malai_barfi,Malai Barfi,6,402.7,13.8,30.6,25.8,0.2,0.83,true,8,424,,
rajbhog,Rajbhog,4,355.7,12.2,29.1,21.1,0.8,0.63,true,9,450,,
,पालक कोफ्ता रेसिपी,3,600.2,24.6,38.0,80.5,17.6,17.24,true,24,451,,
sandesh,Sandesh,1,131.6,0.3,30.3,0.4,0.2,0.13,true,4,166,,
dahi_ke_sholay,Dahi Ke Sholay,1,348.6,25.8,17.8,19.2,3.1,3.42,true,9,485,,
kala_jamun,Kala Jamun,3,540.3,22.2,47.4,32.9,11.5,5.94,true,15,340,,
dharwad_peda,Dharwad Peda,5,366.2,12.6,28.6,25.0,0.0,0.57,true,5,427,,
palak_soup,Palak Soup,3,310.4,10.9,26.3,20.8,1.1,1.23,true,12,358,,
cheesy_garlic_bread,Cheesy Garlic Bread,1,750.6,22.4,154.6,28.7,5.9,3.7,true,11,378,,
gobi_pepper_fry,Gobi Pepper Fry,2,298.7,14.3,52.8,14.9,13.4,7.71,true,18,397,,
maggi_manchurian,Maggi Manchurian,1,510.1,19.0,90.2,32.0,9.7,3.2,true,21,571,,pack maggi tastemaker
soya_manchurian,Soya Manchurian,2,567.0,48.6,30.7,30.2,31.2,12.02,true,15,294,,
gobi_65,Gobi 65,2,231.1,17.0,31.9,4.9,19.0,7.47,true,17,466,,
veg_pizza,Veg Pizza,3,460.6,14.9,75.3,10.5,5.0,1.85,true,13,410,,pickled jalapeo
bread_cheese_balls,Bread Cheese Balls,3,131.0,4.2,23.8,1.6,6.2,2.54,true,14,349,,
onion_rings,Onion Rings,1,201.9,6.7,39.6,1.0,8.4,4.03,true,9,511,,
noodle_momos,Noodle Momos,2,366.0,11.8,74.2,5.7,5.7,2.05,true,13,308,,
baby_corn_chilli,Baby Corn Chilli,2,267.7,10.3,46.2,9.6,16.7,5.18,true,17,401,,
bread_manchurian,Bread Manchurian,1,123.8,7.7,17.7,14.1,12.8,4.16,true,19,541,,
cheesy_bread_roll,Cheesy Bread Roll,1,154.9,4.0,31.9,0.6,5.8,2.48,true,7,496,,
seekh_kabab,Seekh Kabab,2,306.3,14.0,36.5,14.8,14.4,5.41,true,20,414,,
galouti_kebab,Galouti Kebab,3,692.0,28.2,130.9,5.6,31.8,11.88,true,15,302,,
veggie_bites,Veggie Bites,1,467.0,28.5,65.3,8.5,39.4,10.72,true,11,450,,peri peri sauce
sweet_potato_podi,Sweet Potato Podi,1,530.8,28.3,85.0,7.2,20.2,8.87,true,6,278,,
chilli_bread,Chilli Bread,3,75.2,5.1,9.7,6.8,8.4,2.25,true,21,451,,
idli_pakora,Idli Pakora,1,484.7,15.0,99.1,1.9,3.0,1.37,true,6,351,,
palak_medu_vada,Palak Medu Vada,1,581.0,40.9,89.8,3.8,25.5,15.84,true,8,470,,
noodles_cutlet,Noodles Cutlet,2,235.8,8.0,46.6,1.2,5.9,2.3,true,13,301,,
cheesy_stuffed_mushroom,Cheesy Stuffed Mushroom,2,162.3,12.1,24.1,1.5,10.6,1.79,true,13,500,,
chana_chilli,Chana Chilli,3,186.7,12.4,24.8,6.1,17.8,5.03,true,17,403,,
pumpkin_soup,Pumpkin Soup,1,189.4,13.6,18.8,6.1,10.8,17.14,true,7,442,,
mysore_rasam,Mysore Rasam,2,741.8,34.9,81.1,35.5,37.4,14.9,true,20,453,,
cabbage_manchurian,Cabbage Manchurian,2,131.4,7.8,21.2,13.6,8.6,2.69,true,19,414,,
gobi_manchurian,Gobi Manchurian,3,238.1,16.1,36.7,7.6,15.1,5.71,true,20,446,,
aloo_pizza,Aloo Pizza,1,163.7,3.9,33.7,0.8,5.4,1.66,true,6,274,,
crispy_veg_starter,Crispy Veg Starter,3,277.5,11.5,49.3,5.5,13.7,3.75,true,19,385,,
cajun_potato,Cajun Potato,5,386.1,9.6,41.2,19.1,19.4,4.74,true,16,409,,
aloo_manchurian,Aloo Manchurian,1,396.6,13.2,78.3,10.3,12.5,5.17,true,18,574,,
potato_bites,Potato Bites,2,164.4,4.2,34.3,0.6,4.0,1.36,true,11,328,,
palak_cutlet,Palak Cutlet,2,236.9,10.5,34.7,12.0,5.5,3.09,true,16,338,,
suvarnagadde_palya,Suvarnagadde Palya,2,709.5,26.4,46.4,44.7,55.8,24.79,true,10,484,,
mirchi_fry,Mirchi Fry,1,57.5,2.8,8.1,26.7,5.9,3.66,true,11,262,,
brinjal_fry,Brinjal Fry,1,238.2,7.2,49.0,0.8,6.8,3.45,true,8,144,,
bread_cutlet,Bread Cutlet,2,106.9,3.5,19.7,0.9,5.5,2.69,true,14,326,,
moong_dal_namkeen,Moong Dal Namkeen,1,0.0,0.0,0.0,0.0,0.0,0.0,true,4,190,,
potato_nuggets,Potato Nuggets,1,173.1,4.9,34.5,1.0,6.3,2.98,true,12,391,,
veg_gold_coin,Veg Gold Coin,1,185.0,6.0,35.7,1.2,8.8,3.86,true,12,520,,
aloo_cheese_paratha,Aloo Cheese Paratha,1,496.8,15.5,101.1,6.3,15.2,5.78,true,12,345,,
poha_pakoda,Poha Pakoda,1,782.2,23.8,156.9,4.5,17.4,12.84,true,12,488,,
potato_smiley,Potato Smiley,1,197.1,4.6,40.9,0.9,5.9,1.82,true,4,370,,
aloo_bonda,Aloo Bonda,3,711.8,26.6,55.8,44.5,13.7,10.01,true,18,332,,
gobi_manchurian_gravy,Gobi Manchurian Gravy,1,339.7,19.2,56.5,10.9,17.2,10.02,true,14,558,,
baked_vada_pav,Baked Vada Pav,2,515.7,15.7,103.8,6.9,9.6,5.68,true,17,421,,
spring_roll_noodles,Spring Roll Noodles,2,565.9,18.0,110.5,7.4,6.3,1.45,true,13,459,,
wheat_momos,Wheat Momos,2,418.0,14.7,83.9,5.6,9.3,3.96,true,10,394,,
spinach_cheese_balls,Spinach Cheese Balls,2,43.7,2.9,5.3,5.1,4.7,6.05,true,10,382,,
dal_maharani,Dal Maharani,2,391.7,24.7,56.2,10.1,21.4,11.68,true,25,336,,
pineapple_curry,Pineapple Curry,2,472.0,10.5,32.1,43.8,22.0,5.54,true,13,241,,
peanut_chutney_powder,Peanut Chutney Powder,1,426.2,16.2,37.4,30.8,34.0,7.41,true,9,345,,
mango_dal,Mango Dal,1,645.3,40.1,102.0,10.6,24.8,11.48,true,13,358,,
masoor_dal_tadka,Masoor Dal Tadka,2,388.0,25.8,61.8,28.4,15.9,11.31,true,21,329,,
moong_dal_tadka,Moong Dal Tadka,1,126.9,7.7,16.2,32.3,14.2,7.32,true,18,514,,
majjige_huli,Majjige Huli,1,701.9,10.8,22.9,71.9,21.2,5.7,true,10,306,,
pepper_rasam,Pepper Rasam,2,451.2,27.7,68.2,18.7,23.3,10.93,true,15,341,,
sambar,Sambar,2,338.3,20.2,52.4,5.7,28.0,12.07,true,19,464,,
bharwa_mirchi,Bharwa Mirchi,1,259.0,16.4,35.7,30.0,16.9,8.92,true,14,268,,
aloo_fry,Aloo Fry,2,177.6,5.3,34.1,14.3,8.0,3.77,true,15,320,,
dahi_tadka,Dahi Tadka,2,65.8,3.7,8.5,14.3,5.5,2.42,true,13,314,,
dosa_kurma,Dosa Kurma,1,649.8,22.5,86.3,34.5,49.7,17.78,true,18,439,,
beans_ki_sabji,Beans Ki Sabji,2,79.6,8.6,7.1,13.6,18.8,4.68,true,13,332,,
pachi_pulusu,Pachi Pulusu,1,101.6,6.7,12.3,14.8,14.7,7.99,true,10,215,,
mixed_sprouts,Mixed Sprouts,1,73.9,9.8,5.4,0.4,22.0,2.4,true,1,300,,
maa_chole_di_dal,Maa Chole Di Dal,1,427.3,28.1,62.8,30.8,23.3,14.89,true,14,354,,
chawli_usal,Chawli Usal,2,465.0,11.7,33.3,44.1,15.3,7.49,true,13,228,,
amti,Amti,3,313.7,23.7,28.1,24.8,42.8,21.45,true,13,349,,
whole_masoor_dal,Whole Masoor Dal,1,89.7,5.6,11.6,27.1,9.7,6.0,true,11,408,,
bajra_khichdi,Bajra Khichdi,1,295.4,9.6,50.9,30.6,11.2,6.59,true,9,236,,
black_eyed_peas,Black Eyed Peas,4,375.1,23.4,43.7,19.4,45.4,23.15,true,19,392,,
khatti_dal,Khatti Dal,5,365.0,30.0,42.1,23.7,56.0,24.22,true,15,411,,
chana_dal_sundal_kadalai_paruppu_sundal,Chana Dal Sundal (Kadalai Paruppu Sundal),5,322.6,23.0,34.2,13.7,39.9,20.26,true,11,360,,
mamidikaya_pappu_mango_dal,Mamidikaya Pappu (Mango Dal),6,479.7,51.9,25.1,15.4,97.0,25.47,false,13,388,,
ghugni,Ghugni,2,207.8,8.6,32.4,15.9,18.2,6.88,true,19,310,,
poosanikai_kootu,Poosanikai Kootu,4,258.2,19.8,22.0,14.6,43.5,22.97,true,13,419,,
sweet_corn_sundal,Sweet Corn Sundal,3,438.3,26.6,38.5,21.7,55.0,22.35,true,9,432,,
madra,Madra,1,618.2,33.2,104.7,30.8,42.7,16.98,true,13,542,,
rajma_sundal_kidney_beans_with_coconut,Rajma Sundal (Kidney Beans With Coconut),4,437.6,31.9,36.7,15.5,63.0,28.84,true,10,432,,
parippu_curry,Parippu Curry,3,307.9,23.6,18.8,17.4,53.9,25.86,true,11,414,,
lasooni_dal_tadka_garlic_dal,Lasooni Dal Tadka (Garlic Dal),1,344.6,22.4,55.2,46.9,14.7,8.26,true,14,308,,
varutharacha_sambar,Varutharacha Sambar,14,265.5,15.3,33.2,7.4,26.6,10.74,true,25,400,,
chhena_poda,Chhena Poda,1,576.2,40.7,32.3,44.3,0.7,2.37,true,6,350,,
cham_cham_sweet,Cham Cham Sweet,4,466.8,13.9,24.2,35.1,5.2,1.8,true,14,363,,
besan_ladoo_easy_besan_ke_laddu,Besan Ladoo (Easy Besan Ke Laddu,7,796.5,25.3,38.1,75.0,5.5,8.23,true,5,203,,
gajar_ka_halwa_traditional_carrot_halwa,Gajar Ka Halwa (Traditional Carrot Halwa,16,890.4,27.9,55.0,64.9,18.8,8.72,true,9,309,,
suji_ka_halwa,Suji Ka Halwa,7,831.8,26.6,44.4,70.6,6.5,8.46,true,9,194,,
motichur_laddu,Motichur Laddu,2,550.1,26.9,87.6,9.1,15.2,13.07,false,6,264,,
kesari,Kesari,2,567.0,18.8,73.5,59.3,12.3,5.95,true,10,455,,
coconut_burfi,Coconut Burfi,7,845.3,25.0,45.4,64.5,9.6,8.0,true,9,206,,
rabdi,Rabdi,5,743.9,24.7,138.7,8.3,25.2,8.94,true,7,279,,
seviyan_kheer,Seviyan Kheer,4,841.4,27.1,163.6,9.8,27.7,9.62,true,10,359,,
wheat_halwa,Wheat Halwa,1,433.4,13.0,79.0,108.5,3.3,2.56,true,5,405,,
boondi_laddu,Boondi Laddu,2,427.6,23.4,65.9,13.1,15.6,8.94,true,10,389,,
gajar_ki_barfi,Gajar Ki Barfi,6,826.6,35.1,29.8,67.1,18.4,6.93,true,6,312,,
atta_laddu,Atta Laddu,1,367.5,11.1,75.1,1.5,12.0,4.92,true,3,185,,
panjiri,Panjiri,15,858.8,21.1,94.9,43.1,8.0,12.26,false,5,237,,
rasmalai,Rasmalai,16,928.4,32.6,56.9,63.0,19.8,7.43,true,9,293,,rasgulla
shahi_tukda,Shahi Tukda,16,925.8,32.6,46.1,69.3,21.6,8.04,true,12,233,,
pineapple_kesari,Pineapple Kesari,8,856.6,27.4,40.7,71.3,6.9,8.84,true,9,239,,
milk_peda,Milk Peda,4,691.2,32.1,27.6,50.4,8.0,5.41,true,5,227,,
karanji,Karanji,14,861.5,22.7,57.5,60.3,12.5,8.47,true,11,215,,
fried_modak,Fried Modak,3,674.5,8.8,67.8,49.3,12.5,5.89,true,8,179,,
shakarpara,Shakarpara,1,656.9,21.6,132.0,28.5,22.9,8.1,true,5,420,,
gond_ke_laddu,Gond Ke Laddu,2,694.5,26.5,84.6,26.9,16.1,7.92,false,9,348,,
dry_fruit_barfi,Dry Fruit Barfi,2,866.3,16.4,112.4,40.1,20.0,7.63,true,11,272,,
mango_shrikhand_amrakhand,Mango Shrikhand (Amrakhand),5,203.4,6.3,38.3,2.0,18.2,6.44,true,5,437,,
patoli,Patoli,7,865.7,14.5,133.5,29.0,30.2,55.78,true,8,282,,
kada_prashad,Kada Prashad,1,326.4,10.8,65.5,205.6,11.6,4.18,true,4,510,,
dry_jamun,Dry Jamun,2,523.2,27.8,38.1,28.8,0.6,3.24,true,10,357,,
peanut_laddu_shengdana_ladoo,Peanut Laddu (Shengdana Ladoo),1,150.4,0.8,36.1,0.1,0.0,1.97,true,2,200,,
7_cups_sweet,7 Cups Sweet,1,512.4,8.6,14.7,149.1,10.6,2.34,true,5,505,,
meethi_seviyan,Meethi Seviyan,12,867.1,23.8,80.5,50.5,12.8,10.38,true,10,266,,
aval_laddu,Aval Laddu,6,777.8,24.3,40.3,72.7,5.0,8.07,true,6,181,,
paal_payasam_rice_payasam,Paal Payasam (Rice Payasam),4,718.1,23.2,144.9,6.4,24.2,8.86,true,4,280,,
makhane_ki_kheer,Makhane Ki Kheer,2,897.0,28.0,185.4,13.7,23.2,8.37,true,6,391,,
dry_fruit_laddu,Dry Fruit Laddu,2,721.4,15.2,109.2,23.0,27.9,9.46,true,7,385,,
sweet_potato_halwa_shakarkandi_ka_halwa,Sweet Potato Halwa (Shakarkandi Ka Halwa),8,800.9,26.0,51.7,78.0,13.9,10.19,true,6,247,,
balushahi,Balushahi,2,517.4,15.8,80.3,35.4,5.6,3.08,true,13,381,,
kaddu_ki_kheer_pumpkin_payasam,Kaddu Ki Kheer (Pumpkin Payasam),7,809.2,27.7,70.3,46.4,18.3,8.07,true,9,227,,
chocolate_modak,Chocolate Modak,3,737.3,30.7,31.7,58.6,10.6,5.46,true,7,199,,
papaya_halwa_papaya_sweet,Papaya Halwa (Papaya Sweet),9,821.9,26.4,44.0,67.0,10.9,9.69,true,6,210,,
banana_halwa,Banana Halwa,11,825.8,18.5,91.9,47.7,17.7,10.74,true,9,280,,rava - finer textured
gulgule,Gulgule,1,417.8,12.5,85.0,2.0,13.3,4.74,true,8,291,,
ragi_halwa,Ragi Halwa,8,840.9,30.2,19.5,82.7,17.1,6.62,true,7,218,,
rava_modak_stuffed_semolina_modak,Rava Modak (Stuffed Semolina Modak),4,731.6,13.4,98.5,33.0,15.4,6.1,true,7,208,,
nevri,Nevri,12,832.9,15.6,119.5,32.9,11.0,9.98,true,9,256,,
narkel_naru_coconut_ladoo_with_jaggery,Narkel Naru (Coconut Ladoo With Jaggery),3,683.2,7.1,43.3,58.1,13.6,4.66,true,4,156,,
pori_urundai,Pori Urundai,1,228.4,1.3,54.6,0.1,0.2,3.04,true,3,76,,
maladu,Maladu,8,791.6,27.5,47.7,60.7,11.2,9.55,true,7,198,,
aamras,Aamras,1,193.0,2.0,39.7,2.0,7.4,1.66,true,5,429,,
suji_ki_kheer,Suji Ki Kheer,4,700.8,22.6,130.1,8.2,28.3,10.5,true,8,288,,
carrot_kheer,Carrot Kheer,4,712.7,12.2,80.1,53.3,27.8,10.54,true,9,284,,
bobbatlu,Bobbatlu,2,835.5,29.1,162.7,63.0,19.3,10.96,true,10,358,,
qubani_ka_meetha,Qubani Ka Meetha,9,802.2,8.3,184.0,1.9,8.7,6.38,true,3,364,,
barfi,Barfi,16,913.4,33.7,24.7,75.8,21.3,8.38,true,8,212,,
paruppu_payasam,Paruppu Payasam,10,898.4,24.0,40.8,73.8,9.4,8.32,true,9,196,,
karachi_halwa,Karachi Halwa,2,163.5,6.1,15.3,33.4,10.2,2.55,true,10,459,,
aval_payasam,Aval Payasam,6,752.3,24.0,87.1,37.6,18.4,9.57,true,9,393,,
mutton_fry,Mutton Fry,3,622.4,36.2,62.7,24.9,45.3,15.29,false,21,344,,
soya_chunks_manchurian,Soya Chunks Manchurian,1,440.8,38.2,23.5,32.8,27.8,10.31,true,18,325,,
how_to_cook_millet_lemon_millet,How To Cook Millet (Lemon Millet),1,281.3,9.3,43.5,24.5,11.6,5.69,true,13,227,,
keema,Keema,2,527.4,39.4,56.3,27.4,31.5,15.28,false,15,476,,
bread_halwa,Bread Halwa,9,846.4,26.5,22.9,80.9,11.2,7.06,true,8,236,,
sambar_powder,Sambar Powder,3,702.2,37.9,87.4,18.8,90.9,19.02,true,8,348,,
carrot_juice,Carrot Juice,1,96.8,3.3,15.8,1.3,12.1,1.89,true,4,402,,
fruit_custard,Fruit Custard,2,363.2,10.5,41.0,17.2,3.1,0.79,true,7,490,,
wheatgrass_juice,Wheatgrass Juice,1,188.9,3.0,39.4,1.1,15.3,1.58,true,4,575,,
grape_juice,Grape Juice,3,174.0,2.2,37.7,0.9,4.0,0.68,true,7,335,,
veg_manchurian,Veg Manchurian,2,235.2,7.6,45.2,1.7,10.6,2.81,true,21,341,,
beetroot_thoran,Beetroot Thoran,1,320.5,9.1,21.1,66.2,16.9,5.11,true,11,426,,
carrot_poriyal_carrot_fry,Carrot Poriyal (Carrot Fry),1,496.3,17.8,43.8,45.5,33.6,7.8,true,13,437,,
chilli_prawns_shrimp_manchurian,Chilli Prawns (Shrimp Manchurian),1,387.0,48.7,31.3,23.6,8.5,4.57,false,17,581,,
amla_pickle,Amla Pickle,2,86.5,1.9,10.8,27.8,17.4,3.54,true,9,336,,
brussels_sprouts_curry_indian_sabzi,Brussels Sprouts Curry (Indian Sabzi),3,140.9,11.9,17.9,10.0,13.9,5.55,true,15,370,,
jowar_pops,Jowar Pops,1,720.3,21.7,145.3,16.7,22.9,9.08,true,4,270,,
white_sauce_pasta_bechamel_sauce_pasta,White Sauce Pasta (Bechamel Sauce Pasta),2,455.0,16.3,70.9,11.6,2.8,0.98,true,13,363,,
tirupati_vada,Tirupati Vada,1,834.4,57.4,129.1,57.4,32.1,14.19,true,6,362,,
cabbage_pakoda_cabbage_pakora,Cabbage Pakoda (Cabbage Pakora),2,187.3,11.4,28.8,2.1,12.3,5.49,true,10,371,,
kakarakaya_fry,Kakarakaya Fry,1,366.3,11.0,64.7,50.5,15.3,7.22,true,13,522,,copra
pakodi,Pakodi,2,206.0,16.3,25.9,9.2,21.2,22.83,true,14,418,,
cabbage_sabzi_cabbage_potato,Cabbage Sabzi ( Cabbage Potato,1,217.9,8.9,39.7,27.1,11.8,4.51,true,11,591,,
veg_biryani,Veg Biryani,4,874.4,27.6,77.4,60.8,16.1,12.62,true,23,334,,
pudina_rice_mint_rice_pulao,Pudina Rice (Mint Rice Pulao),2,824.9,22.1,127.0,45.5,39.6,23.16,true,17,476,,
veg_dum_biryani_vegetable_dum_biryani,Veg Dum Biryani (Vegetable Dum Biryani),6,361.8,13.6,60.4,14.5,21.3,11.27,true,27,378,,
curry_leaves_powder_karivepaku_podi,Curry Leaves Powder (Karivepaku Podi),3,636.8,26.9,100.9,12.8,47.4,16.41,true,14,330,,
beetroot_rice_pulao,Beetroot Rice Pulao,3,330.8,10.3,65.7,8.3,13.8,7.27,true,18,357,,
rice_payasam_paramannam,Rice Payasam (Paramannam,12,827.7,24.8,88.0,43.3,11.4,9.15,true,8,220,,
potato_rice_aloo_rice,Potato Rice (Aloo Rice),4,355.8,13.7,60.3,11.4,20.9,18.93,true,17,355,,
aloo_biryani_dum_potato_biryani,Aloo Biryani (Dum Potato Biryani),3,256.2,8.6,43.6,17.1,13.1,6.45,true,19,420,,basmathi
pineapple_rice,Pineapple Rice,7,790.1,24.0,60.5,49.9,6.9,8.74,true,10,220,,
mutton_biryani,Mutton Biryani,4,559.2,33.2,78.0,14.6,13.8,10.81,false,23,393,,
egg_biryani,Egg Biryani,4,588.9,25.5,86.1,24.2,18.0,13.49,false,19,394,,
fish_biryani,Fish Biryani,4,458.7,32.6,65.6,23.5,14.0,10.03,false,24,395,,
fish_rice,Fish Rice,4,881.3,29.9,177.3,12.9,20.0,14.64,false,16,424,,
prawn_pulao_shrimp_pulao,Prawn Pulao (Shrimp Pulao),2,825.0,33.5,102.7,28.8,31.8,18.91,false,18,451,,
hyderabadi_egg_dum_biryani,Hyderabadi Egg Dum Biryani,4,448.8,23.0,72.5,19.1,15.6,11.38,false,24,352,,
egg_pulao,Egg Pulao,6,449.9,19.2,70.9,15.2,16.6,9.26,false,18,421,,
mirchi_bajji_mirapakaya_bajji,Mirchi Bajji (Mirapakaya Bajji),5,267.7,16.1,37.1,9.4,20.0,7.08,true,15,389,,
spring_roll,Spring Roll,3,434.3,14.4,85.3,6.6,3.9,0.85,true,10,355,,
corn_pakoda_indian_corn_pakoras,Corn Pakoda (Indian Corn Pakoras),1,623.8,27.1,106.4,7.6,31.9,14.02,true,12,518,,
tandoori_aloo_tikka,Tandoori Aloo Tikka,1,261.4,12.7,39.8,17.3,18.0,5.25,true,13,400,,
veg_seekh_kabab_soya_kabab,Veg Seekh Kabab (Soya Kabab),2,550.2,42.0,46.3,39.4,28.2,10.46,true,11,378,,
egg_bonda_egg_pakora,Egg Bonda (Egg Pakora),2,308.1,43.2,24.0,3.8,7.0,5.01,false,14,349,,
bajji,Bajji,1,469.6,27.0,72.5,6.4,24.4,10.59,true,12,348,,
chana_dosa_chickpea_crepes,Chana Dosa (Chickpea Crepes),2,488.8,19.2,89.3,11.0,22.7,9.38,true,9,266,,
peanut_masala_spicy_roasted_peanuts,Peanut Masala (Spicy Roasted Peanuts),1,182.9,8.0,32.5,14.6,6.1,3.36,true,11,242,,
eggless_chocolate_banana_cake,Eggless Chocolate Banana Cake,2,528.7,19.7,116.4,32.3,4.2,2.06,true,9,399,,
kudumulu,Kudumulu,1,845.9,19.8,135.6,27.9,15.0,10.0,true,7,260,,
sprouts_salad,Sprouts Salad,2,304.5,20.2,36.0,7.4,21.0,15.02,true,13,406,,cornflake
ragi_cookies_ragi_biscuits,Ragi Cookies (Ragi Biscuits),1,461.9,11.9,93.1,182.1,10.4,4.66,true,7,469,,
sweet_corn_soup,Sweet Corn Soup,1,225.2,9.2,35.9,16.3,20.0,4.88,true,14,456,,
gobi_masala,Gobi Masala,3,882.4,31.1,43.1,94.5,11.4,11.71,true,17,417,,
shorba_biryani_gravy,Shorba (Biryani Gravy),2,450.9,11.7,45.3,36.5,29.9,14.84,true,19,379,,
raw_banana_fry_aratikaya_vepudu,Raw Banana Fry (Aratikaya Vepudu),1,374.5,8.9,75.8,27.8,15.1,5.68,true,11,516,,
beetroot_curry_beetroot_sabzi,Beetroot Curry (Beetroot Sabzi),1,424.7,14.5,34.8,43.3,29.5,7.0,true,12,448,,
aloo_mushroom_curry_potato_mushroom_gravy,Aloo Mushroom Curry (Potato Mushroom Gravy),7,788.5,28.2,54.6,59.4,11.0,9.56,true,15,347,,
green_banana,Green Banana,1,680.4,49.0,103.9,5.0,27.5,14.14,true,14,422,,
stuffed_brinjal_fry,Stuffed Brinjal Fry,2,169.0,5.8,10.2,20.6,14.4,4.23,true,12,380,,
broccoli_stir_fry_curry_indian_style,Broccoli Stir Fry Curry (Indian Style),1,218.5,12.5,41.8,47.1,4.8,1.95,true,13,594,,
beans_curry,Beans Curry,2,403.7,28.6,63.9,15.1,16.2,6.97,true,13,322,,
baby_corn_fry,Baby Corn Fry,1,173.9,7.7,26.0,22.4,16.7,5.97,true,11,388,,
beerakaya_fry,Beerakaya Fry,1,429.5,14.0,27.5,41.3,26.6,6.59,true,14,415,,
beerakaya_pappu,Beerakaya Pappu,2,170.9,10.4,24.6,21.7,14.3,4.34,true,18,304,,
sorakaya_curry,Sorakaya Curry,2,346.0,9.5,17.7,38.8,15.6,4.75,true,13,333,,
bottle_gourd_curry,Bottle Gourd Curry,3,371.3,16.8,38.7,19.4,38.7,7.93,true,14,375,,
dondakaya_fry_tindora_fry,Dondakaya Fry (Tindora Fry),1,304.2,15.0,32.8,36.7,27.6,6.1,true,18,436,,
yam_fry_suran_fry,Yam Fry (Suran Fry),1,30.6,1.8,2.8,33.1,3.7,1.65,true,9,67,,
dondakaya_curry,Dondakaya Curry,2,266.5,6.6,10.8,34.3,15.8,5.68,true,13,340,,
brinjal_fry_vankaya_fry,Brinjal Fry (Vankaya Fry),1,99.8,5.4,11.8,47.1,13.0,2.69,true,12,406,,
drumstick_curry_drumstick_vegetable,Drumstick Curry (Drumstick Vegetable,2,126.8,10.4,13.1,34.5,16.2,8.73,true,14,362,,
drumstick_leaves_stir_fry,Drumstick Leaves Stir Fry,2,304.5,16.9,44.4,27.4,24.0,9.93,true,14,440,,
dry_chana,Dry Chana,1,761.4,49.3,103.3,27.2,67.0,18.79,true,11,342,,
chammanthi_podi,Chammanthi Podi,3,619.9,11.7,19.3,55.3,21.2,4.51,true,5,139,,
biryani_gravy,Biryani Gravy,1,438.3,13.4,48.9,28.4,31.6,14.71,true,19,414,,
thondekai_palya,Thondekai Palya,2,596.5,15.6,26.6,53.8,20.4,6.6,true,12,362,,
aloo_shimla_mirch_ki_sabji,Aloo Shimla Mirch Ki Sabji,2,266.2,8.9,27.8,14.5,17.5,6.25,true,22,364,,
paruppu_rasam,Paruppu Rasam,2,638.5,41.6,101.3,11.6,27.7,11.18,true,17,356,,
gobhi_ki_sabji,Gobhi Ki Sabji,2,101.1,9.3,11.9,13.8,10.5,6.36,true,13,325,,
methi_bhaji,Methi Bhaji,2,292.1,11.1,10.9,34.7,17.7,13.87,true,8,349,,
kaddu_ki_sabji,Kaddu Ki Sabji,2,137.9,11.9,15.9,11.0,7.7,15.92,true,16,350,,
vada_curry,Vada Curry,2,606.5,22.7,44.3,49.7,24.1,9.08,true,18,288,,
green_chili_sauce,Green Chili Sauce,1,114.4,5.6,15.3,14.3,9.9,2.71,true,11,329,,
avial,Avial,4,339.7,9.0,22.8,24.1,20.0,4.35,true,19,386,,
potato_curry_for_masala_dosa,Potato Curry For Masala Dosa,2,222.8,8.8,38.1,7.0,13.7,7.25,true,15,374,,
raw_banana_fry,Raw Banana Fry,1,458.4,7.7,94.2,29.7,13.4,6.53,true,13,462,,
mushroom_ki_sabji,Mushroom Ki Sabji,2,108.2,10.7,10.2,10.5,11.4,3.86,true,15,393,,
moong_dal_carrot_salad,Moong Dal Carrot Salad,1,265.9,4.9,12.3,25.8,9.8,2.08,true,10,270,,
cabbage_poriyal,Cabbage Poriyal,1,401.1,12.0,23.8,41.0,19.6,6.49,true,12,405,,
batata_nu_shaak,Batata Nu Shaak,2,204.1,6.4,38.2,14.8,8.6,3.72,true,18,319,,
mini_idli_sambar,Mini Idli Sambar,1,154.1,9.1,19.5,15.6,10.8,4.23,true,12,410,,
punarpuli_saaru,Punarpuli Saaru,2,254.5,19.7,25.2,8.6,37.0,19.57,true,7,376,,sun kokum
cabbage_sabzi,Cabbage Sabzi,3,90.0,6.1,13.8,4.9,7.8,2.93,true,14,347,,jeea
roasted_cashew_nuts,Roasted Cashew Nuts,2,461.7,15.7,32.5,36.1,5.1,5.63,true,10,118,,
bitter_gourd_stir_fry,Bitter Gourd Stir Fry,1,514.2,17.8,65.8,19.0,31.5,11.07,true,13,390,,
tomato_tambli,Tomato Tambli,1,62.2,3.1,5.5,11.3,4.5,2.46,true,7,270,,
curry_leaves_powder,Curry Leaves Powder,1,463.1,21.0,44.0,30.1,25.5,7.25,true,9,161,,
bhindi_tambuli,Bhindi Tambuli,1,94.8,6.2,11.0,32.0,12.3,3.04,true,8,540,,
veg_momos,Veg Momos,2,422.3,14.7,85.1,7.7,10.0,3.94,true,11,384,,
veg_chowmein,Veg Chowmein,2,215.7,9.0,40.1,5.5,7.7,2.7,true,16,321,,
masala_milk,Masala Milk,1,848.4,28.3,75.0,47.3,38.2,15.76,true,8,259,,
pinwheel_pizza,Pinwheel Pizza,1,193.8,0.6,3.2,19.8,0.0,0.0,true,5,410,,
atta_noodles,Atta Noodles,2,439.6,18.1,84.5,14.3,16.5,4.41,true,16,450,,
poori_paratha,Poori Paratha,2,538.6,15.9,113.6,13.9,4.2,2.71,true,5,198,,
soya_chunks_65,Soya Chunks 65,2,549.0,47.7,28.0,25.8,29.7,12.18,true,11,263,,
medhu_pakoda,Medhu Pakoda,1,411.3,19.7,69.2,43.0,19.0,12.7,true,14,362,,
dal_tikki,Dal Tikki,2,542.8,27.9,67.8,18.8,15.0,7.42,true,21,429,,
desi_chinese_noodles,Desi Chinese Noodles,2,149.9,9.4,23.6,13.8,13.6,2.63,true,18,328,,pack hakka noodle
aloo_puff,Aloo Puff,3,478.1,14.0,98.9,10.1,8.3,4.23,true,13,383,,
bread_dahi_vada,Bread Dahi Vada,3,92.3,2.7,17.7,0.7,4.6,1.98,true,11,386,,
laccha_paratha_veg_frankie,Laccha Paratha Veg Frankie,3,475.7,13.5,97.8,4.2,6.9,3.86,true,15,375,,
potato_toffee_samosa,Potato Toffee Samosa,2,527.3,15.5,109.1,8.1,10.1,5.57,true,13,452,,
ulta_vada_pav,Ulta Vada Pav,2,479.4,25.9,75.0,11.1,19.3,8.73,true,16,301,,
aloo_laccha_pakora,Aloo Laccha Pakora,2,258.4,7.1,53.0,1.1,6.7,2.96,true,10,326,,
macaroni_kurkure,Macaroni Kurkure,2,515.2,18.3,103.5,6.8,2.6,1.05,true,11,211,,
cooker_pav_bhaji,Cooker Pav Bhaji,3,145.1,9.7,21.4,10.0,11.5,6.33,true,19,447,,
onion_samosa,Onion Samosa,2,677.7,19.2,140.9,2.4,11.9,9.07,true,11,354,,
railway_cutlet,Railway Cutlet,3,199.1,9.6,35.7,9.4,12.7,3.26,true,20,420,,
pani_wale_pakode,Pani Wale Pakode,2,431.4,30.3,57.8,6.8,29.0,15.35,true,17,363,,
cabbage_pakoda,Cabbage Pakoda,1,420.5,17.5,72.5,5.6,13.1,7.43,true,13,468,,
maggi_puff,Maggi Puff,2,230.3,7.6,43.9,2.0,4.8,1.76,true,17,375,,pack tastemaker
bread_samosa,Bread Samosa,3,611.3,19.6,57.3,36.0,9.0,7.57,true,25,415,,
capsicum_bajji,Capsicum Bajji,3,342.0,19.1,53.0,4.8,16.9,6.7,true,16,425,,
onion_bonda,Onion Bonda,2,572.9,34.1,81.1,22.5,41.5,15.34,true,16,424,,
lemon_rasam,Lemon Rasam,1,660.7,41.0,101.4,36.8,26.6,12.08,true,16,450,,
dal_bhat_chokha,Dal Bhat Chokha,2,447.7,17.9,84.2,8.1,14.9,7.49,true,17,438,,
pesara_pappu_charu,Pesara Pappu Charu,1,173.4,10.6,21.9,7.9,17.5,7.94,true,16,531,,
instant_dal_premix,Instant Dal Premix,2,556.4,36.7,85.2,18.7,23.6,12.61,true,18,377,,
maa_ki_dal,Maa Ki Dal,1,465.5,32.6,69.9,8.1,24.4,12.1,true,16,468,,
langar_dal,Langar Dal,1,427.7,29.3,63.4,34.0,23.6,11.37,true,16,429,,
keerai_kootu,Keerai Kootu,2,317.7,9.4,15.3,30.3,16.3,11.93,true,15,353,,
dal_dhokli,Dal Dhokli,1,681.6,30.9,124.3,13.3,14.5,8.45,true,21,400,,
lasooni_dal_tadka,Lasooni Dal Tadka,1,456.4,29.4,73.1,20.5,17.2,8.13,true,15,240,,
dali_toyi,Dali Toyi,1,337.3,21.3,50.6,21.3,15.0,6.25,true,10,188,,
mix_dal,Mix Dal,1,818.8,43.6,134.3,25.9,57.4,24.21,true,18,582,,
,गुजराती दाल रेसिपी,2,353.9,14.8,40.0,56.4,19.8,15.04,true,22,334,,
matar_ki_dal,Matar Ki Dal,1,292.6,23.7,38.2,16.2,25.5,9.94,true,12,560,,
basale_soppu_koddel,Basale Soppu Koddel,2,423.7,15.7,31.0,31.6,25.5,15.15,true,15,392,,
hesaru_bele_tove,Hesaru Bele Tove,1,185.0,30.8,5.7,28.1,5.1,2.86,false,13,425,,
huruli_saaru,Huruli Saaru,1,736.9,22.9,47.5,53.8,49.8,14.71,true,14,366,,
solkadhi,Solkadhi,1,825.9,11.3,13.0,81.7,23.8,6.5,true,6,210,,
tomato_charu,Tomato Charu,1,504.8,28.6,64.8,20.7,50.0,15.72,true,18,566,,
majjiga_pulusu,Majjiga Pulusu,2,62.1,3.9,7.6,14.1,7.6,3.63,true,17,389,,
coconut_milk_rasam,Coconut Milk Rasam,2,776.1,16.0,26.6,71.6,30.2,8.46,true,15,316,,
nellikai_rasam,Nellikai Rasam,2,498.2,30.1,79.8,17.2,25.4,9.26,true,15,405,,
raw_mango_rasam,Raw Mango Rasam,1,144.0,7.0,19.9,28.8,9.6,5.13,true,14,285,,
tamarind_rasam,Tamarind Rasam,1,250.9,15.7,30.7,31.6,29.2,10.44,true,15,360,,
lauki_ki_kheer,Lauki Ki Kheer,9,809.2,26.1,38.4,62.8,5.1,7.8,true,10,251,,
payesh,Payesh,4,817.5,25.0,161.0,6.2,26.0,9.91,true,7,292,,
besan_ki_barfi,Besan Ki Barfi,5,810.4,31.6,56.3,50.3,25.3,11.61,false,8,266,,magaz -
dry_fruit_modak,Dry Fruit Modak,4,704.6,14.3,108.9,32.1,15.7,11.21,true,16,331,,
ragi_kheer,Ragi Kheer,7,793.6,27.0,28.3,65.6,10.1,6.94,true,9,212,,
badam_halwa,Badam Halwa,1,429.0,13.0,9.8,105.6,9.8,3.37,true,6,470,,
mishti_doi,Mishti Doi,4,704.1,23.0,141.5,3.2,25.7,8.46,true,4,347,,
sattu_ke_laddu,Sattu Ke Laddu,1,606.5,21.3,113.8,43.7,0.1,2.99,true,4,241,,
badam_kheer,Badam Kheer,1,754.9,24.0,92.1,30.9,43.4,15.81,true,6,452,,
kesari_bath,Kesari Bath,7,823.2,26.6,43.0,61.4,6.7,8.43,true,9,201,,
sweet_kozhukattai,Sweet Kozhukattai,2,555.3,14.4,86.3,16.2,11.1,6.81,true,7,169,,
kulkul,Kulkul,1,790.8,23.6,157.2,57.0,5.6,3.72,true,7,430,,
mango_kesari,Mango Kesari,8,883.8,28.4,50.6,67.7,10.2,9.91,true,9,212,,
oats_kheer,Oats Kheer,9,814.7,27.9,28.6,67.0,10.3,6.83,true,10,249,,
jackfruit_payasam,Jackfruit Payasam,13,889.0,18.1,80.8,55.5,11.1,10.74,true,11,223,,
elaneer_payasam,Elaneer Payasam,6,843.2,22.8,32.0,69.7,9.8,7.45,true,6,211,,
poornam_boorelu,Poornam Boorelu,4,540.2,18.5,94.8,11.6,12.5,7.28,true,12,417,,
mango_modak,Mango Modak,1,436.8,21.4,28.3,30.6,2.2,3.3,true,6,269,,
bread_gulab_jamun,Bread Gulab Jamun,7,787.8,33.4,31.5,58.5,18.4,7.56,true,7,241,,
chocolate_barfi,Chocolate Barfi,2,503.9,24.7,27.2,39.3,6.8,11.93,false,8,254,,
mango_halwa,Mango Halwa,2,858.8,27.5,144.2,29.7,43.6,16.19,true,11,495,,
gajar_ka_murabba,Gajar Ka Murabba,2,73.6,2.3,12.4,1.0,9.0,1.32,true,5,376,,
chocolate_sandesh_with_cocoa_powder,Chocolate Sandesh (With Cocoa Powder),2,332.3,9.7,44.3,12.4,0.1,0.02,true,3,400,,chenna
gulab_jamun_with_milk_powder,Gulab Jamun With Milk Powder,2,567.7,18.6,90.1,15.5,35.4,13.07,true,12,455,,
manchurian,Manchurian,1,463.0,19.5,84.4,35.2,21.6,7.33,true,23,539,,
kurkuri_bhindi_indian_fried_okra,Kurkuri Bhindi (Indian Fried Okra),2,157.5,10.7,21.5,66.1,14.2,4.52,true,9,369,,
karela_sabji_bitter_gourd,Karela Sabji (Bitter Gourd,1,94.9,6.7,12.3,26.5,17.3,8.21,true,6,491,,
kaddu_ki_sabji_easy_pumpkin,Kaddu Ki Sabji (Easy Pumpkin,1,155.8,9.4,18.2,29.7,18.4,8.46,true,12,181,,
vendakkai_poriyal,Vendakkai Poriyal,3,194.9,21.2,15.3,3.3,46.8,23.47,true,9,415,,
bharli_bhendi,Bharli Bhendi,1,303.0,9.0,16.3,21.9,16.0,4.3,true,12,331,,
mushroom_fry_goan_style,Mushroom Fry (Goan Style,2,80.1,7.8,8.0,14.0,11.6,5.66,true,9,324,,
french_beans,French Beans,2,136.6,5.1,26.4,19.8,7.6,2.7,true,6,332,,
patta_gobhi_matar,Patta Gobhi Matar,2,379.8,25.8,59.7,25.1,24.3,8.2,true,10,358,,
begun_bhaja,Begun Bhaja,1,515.2,11.3,110.6,167.6,7.1,7.41,true,7,425,,
arbi_sabji,Arbi Sabji,1,109.6,8.6,9.9,3.3,14.3,8.84,true,6,288,,
shimla_mirch_ki_sabji_aloo_capsicum,Shimla Mirch Ki Sabji (Aloo Capsicum),3,105.8,3.8,19.3,13.7,6.0,1.87,true,6,373,,
aloo_gajar_matar,Aloo Gajar Matar,2,190.8,8.0,34.5,14.1,11.1,3.78,true,10,384,,
karela_fry,Karela Fry,1,82.8,4.3,12.0,26.8,11.3,5.77,true,9,321,,
tawa_mushroom,Tawa Mushroom,1,602.5,40.1,98.7,2.9,26.8,13.09,true,15,500,,
palak_ki_sabji,Palak Ki Sabji,2,273.2,7.2,29.3,26.2,11.4,6.08,true,12,398,,
patta_gobhi,Patta Gobhi,2,149.1,5.6,27.8,23.3,8.0,3.6,true,13,408,,
undhiyu,Undhiyu,4,326.6,15.1,33.7,15.2,19.0,6.88,true,28,359,,
potato_roast,Potato Roast,4,208.1,18.7,22.4,9.3,40.9,21.14,true,8,375,,
beans_poriyal,Beans Poriyal,2,363.9,13.6,21.9,36.9,28.0,6.85,true,10,346,,
mooli_ki_sabji,Mooli Ki Sabji,1,218.1,9.0,39.1,21.1,8.0,16.71,true,5,405,,
bhindi_ki_sabji_punjabi_style_bhindi_sabzi,Bhindi Ki Sabji (Punjabi Style Bhindi Sabzi),2,97.7,6.8,12.9,13.9,13.7,7.43,true,11,434,,
cabbage_thoran,Cabbage Thoran,3,357.0,26.2,17.8,26.3,58.4,29.7,true,11,458,,
vazhakkai_poriyal,Vazhakkai Poriyal,3,384.9,23.6,39.2,16.7,52.2,24.52,true,12,453,,
turai_ki_sabji,Turai Ki Sabji,2,160.8,5.3,10.1,10.6,9.1,3.08,true,11,343,,
baby_corn_jalfrezi,Baby Corn Jalfrezi,3,194.9,9.5,27.0,12.7,21.1,6.35,true,14,362,,
tomato_sabji,Tomato Sabji,3,243.0,14.7,22.2,9.2,31.1,15.71,true,11,415,,
gajar_matar_ki_sabji_carrots_amp_green_peas,Gajar Matar Ki Sabji (Carrots &Amp; Green Peas),3,118.4,6.1,18.1,10.0,13.2,3.1,true,9,336,,
noodle_soup,Noodle Soup,1,305.9,14.2,55.5,14.8,10.5,5.01,true,14,450,,
tambdi_bhaji,Tambdi Bhaji,2,561.2,19.8,73.5,32.7,15.3,12.43,true,7,328,,
besan_bhindi_besan_wali_bhindi,Besan Bhindi (Besan Wali Bhindi),2,143.0,9.9,19.7,24.2,12.4,3.9,true,13,303,,
parwal_ki_sabji,Parwal Ki Sabji,1,219.3,8.1,40.5,40.0,12.2,5.19,true,11,598,,
mogri_ki_sabji,Mogri Ki Sabji,1,145.7,6.9,24.2,65.4,7.3,10.81,true,6,458,,
arbi_fry,Arbi Fry,1,114.0,8.5,10.6,3.6,13.8,8.67,true,10,291,,
kovakkai_fry,Kovakkai Fry,1,61.1,3.2,8.8,26.5,9.8,4.38,true,10,324,,
veg_keeema,Veg Keeema,7,122.4,12.8,12.9,5.2,11.9,4.95,false,16,393,,
potato_fry,Potato Fry,1,145.9,3.4,29.9,26.4,4.3,2.18,true,8,267,,
banana_fry,Banana Fry,3,218.2,15.1,30.1,11.0,33.5,16.83,true,9,334,,
ash_gourd,Ash Gourd,4,299.7,23.2,16.3,21.5,53.2,26.35,true,9,432,,
broccoli_stir_fry,Broccoli Stir Fry,1,189.8,14.1,29.9,4.7,5.5,3.84,true,12,584,,
beetroot_sabzi_beetroot_curry,Beetroot Sabzi (Beetroot Curry,4,291.0,22.8,22.8,14.6,52.2,23.25,true,13,371,,
aloo_chokha,Aloo Chokha,1,164.8,5.0,32.6,2.9,6.9,3.65,true,7,325,,
capsicum_fry,Capsicum Fry,2,228.8,22.3,21.4,3.7,48.9,25.04,true,9,456,,
kundru_ki_sabji,Kundru Ki Sabji,1,155.6,5.5,25.5,28.3,13.3,4.93,true,13,438,,
lauki_sabji,Lauki Sabji,2,104.1,11.8,8.6,14.3,8.7,3.98,false,13,443,,
yam_chips_jimikand,Yam Chips (Jimikand,1,88.6,2.3,1.8,1.8,2.2,3.24,true,5,278,,
cabbage_bhaji,Cabbage Bhaji,5,208.6,19.4,13.6,13.1,42.1,20.87,true,8,414,,
coleslaw_sandwich,Coleslaw Sandwich,1,279.1,3.3,9.6,24.9,6.0,1.99,true,13,581,,
easy_pumpkin_soup,Easy Pumpkin Soup,2,119.9,9.4,12.6,3.2,6.1,11.56,true,12,320,,
baked_cauliflower,Baked Cauliflower,1,119.9,2.9,5.8,10.2,2.3,1.36,true,5,130,,
carrot_poriyal,Carrot Poriyal,3,284.6,20.4,18.0,12.5,46.9,22.29,true,10,417,,
baby_corn_fry_baby_corn_pepper_fry,Baby Corn Fry (Baby Corn Pepper Fry),1,251.7,10.0,38.2,5.6,25.1,8.43,true,5,282,,
bendakaya_fry,Bendakaya Fry,4,200.4,18.8,18.1,10.3,42.6,19.51,true,12,352,,
mullangi_curry_radish_stir_fry,Mullangi Curry (Radish Stir Fry),1,293.7,11.7,17.9,57.2,14.1,12.41,true,18,506,,
potato_fry_aloo_fry,Potato Fry (Aloo Fry),1,255.6,10.3,41.8,23.2,19.0,5.04,true,12,288,,
gummadikaya_pulusu_pumpkin_pulusu,Gummadikaya Pulusu (Pumpkin Pulusu),3,243.0,17.2,35.4,15.3,13.6,15.88,true,17,407,,
snake_gourd,Snake Gourd,1,131.4,9.1,17.5,27.7,10.6,3.13,true,13,423,,
sorakaya_perugu_pachadi,Sorakaya Perugu Pachadi,3,57.6,3.1,7.4,5.6,7.5,1.66,true,15,362,,
sorakaya_pulusu,Sorakaya Pulusu,2,139.8,5.9,23.3,14.5,11.9,6.12,true,16,380,,
sweet_potato_curry,Sweet Potato Curry,2,332.2,10.3,28.9,31.6,14.8,4.95,true,15,366,,
vendakkai_poriyal_fry,Vendakkai Poriyal (Fry),1,286.1,14.6,29.1,55.5,27.7,6.78,true,15,413,,
aloo_capsicum,Aloo Capsicum,1,195.8,6.7,36.5,8.0,11.6,5.12,true,12,445,,
kaddu_ki_sabzi_pumpkin_sabzi,Kaddu Ki Sabzi (Pumpkin Sabzi),3,122.9,10.9,13.4,10.6,8.9,14.24,true,12,376,,
indian_drumstick_vegetable,Indian Drumstick Vegetable,2,174.4,9.8,25.5,12.1,15.3,8.32,true,13,432,,
gutti_vankaya_curry,Gutti Vankaya Curry,4,432.6,20.9,53.2,28.8,48.3,11.54,true,21,401,,
ragi_cake,Ragi Cake,2,435.5,13.5,81.6,8.2,7.6,3.52,true,12,388,,
garlic_mushrooms,Garlic Mushrooms,2,319.6,19.9,38.4,26.8,41.6,10.23,true,12,386,,
tomato_pickle,Tomato Pickle,2,155.5,8.9,19.9,9.9,16.9,4.27,true,12,334,,
cauliflower_pickle,Cauliflower Pickle,3,205.2,11.5,16.4,5.8,15.0,6.17,true,9,464,,
steamed_cabbage,Steamed Cabbage,1,163.2,9.9,19.3,17.1,19.4,5.05,true,11,333,,
cabbage_stir_fry,Cabbage Stir Fry,2,88.3,5.5,12.7,13.9,8.8,1.83,true,11,424,,hoisin sauce
broccoli_corn_carrot_stir_fry,Broccoli Corn Carrot Stir Fry,1,135.2,7.0,22.6,14.9,8.0,1.91,true,9,344,,
tomato_chutney_restaurant_style,Tomato Chutney (Restaurant Style,3,537.0,29.3,68.0,20.0,66.9,14.69,true,14,402,,
beetroot_chutney_beetroot_pachadi,Beetroot Chutney (Beetroot Pachadi),2,342.3,18.7,45.8,13.9,40.6,8.71,true,10,348,,
mint_raita,Mint Raita,1,81.6,7.6,7.4,1.6,11.8,11.98,true,10,581,,
tomato_pachadi,Tomato Pachadi,2,424.2,23.2,54.4,12.6,50.7,10.89,true,13,350,,
beerakaya_pachadi,Beerakaya Pachadi,2,186.5,11.1,25.2,13.0,20.1,5.12,true,16,494,,
capsicum_chutney_bell_pepper_chutney,Capsicum Chutney (Bell Pepper Chutney),2,516.8,20.1,42.7,28.0,44.0,10.05,true,15,293,,
sorakaya_pachadi_bottle_gourd_chutney,Sorakaya Pachadi (Bottle Gourd Chutney),2,213.8,12.1,29.8,8.3,21.6,4.98,true,17,360,,
dondakaya_pachadi,Dondakaya Pachadi,1,433.1,17.9,55.8,52.3,21.3,7.52,true,14,551,,dondakaya
dosakaya_pachadi,Dosakaya Pachadi,1,159.9,8.8,18.9,16.2,13.9,4.95,true,15,240,,
gongura_pachadi_gongura_pickle,Gongura Pachadi (Gongura Pickle),3,320.7,16.0,38.6,18.6,14.6,5.95,true,12,389,,majjiga mirapakayalu
kandi_pachadi,Kandi Pachadi,1,463.7,26.5,63.1,13.9,45.5,10.55,true,10,226,,
red_pepper_chutney_red_capsicum_chutney,Red Pepper Chutney (Red Capsicum Chutney),2,430.5,23.7,56.4,12.0,52.5,13.02,true,17,328,,
vankaya_pachadi_brinjal_chutney,Vankaya Pachadi (Brinjal Chutney),1,216.1,12.2,28.7,17.2,26.9,5.7,true,15,450,,
idli_chutney_dosa_chutney,Idli Chutney (Dosa Chutney,1,702.2,16.9,30.8,69.4,25.2,7.49,true,9,262,,
dosakaya_pappu,Dosakaya Pappu,3,832.5,30.3,161.1,18.6,11.0,3.95,true,15,368,,dosakaya
palakura_pappu,Palakura Pappu,2,227.7,14.5,33.4,12.5,15.9,6.42,true,17,399,,
beetroot_salad,Beetroot Salad,2,363.7,7.0,12.5,31.0,13.9,4.72,true,11,341,,
mung_bean_sprouts_how_to_sprout_mung_beans,"Mung Bean Sprouts, How To Sprout Mung Beans",1,187.4,14.4,29.4,0.7,10.9,3.12,true,2,75,,
idli_podi,Idli Podi,4,734.6,38.3,87.0,22.6,85.2,18.25,true,10,354,,
baby_dal_khichdi_lentils_for_baby,Baby Dal Khichdi (Lentils For Baby),1,51.2,1.2,10.8,128.3,1.1,0.81,true,11,238,,
moong_dal_payasam_paruppu_payasam,Moong Dal Payasam (Paruppu Payasam),8,802.3,14.8,71.8,53.6,10.7,9.01,true,11,213,,
pappu_charu,Pappu Charu,1,270.7,13.5,34.0,7.6,23.9,7.94,true,17,365,,kandi pappu
chutney_powder_pappula_podi,Chutney Powder (Pappula Podi),3,629.0,33.8,77.8,18.5,81.9,17.23,true,6,370,,
poornam_kudumulu_sihi_kadubu,Poornam Kudumulu (Sihi Kadubu),2,553.3,13.6,89.8,16.8,10.3,6.91,true,6,172,,
sorakaya_pappu,Sorakaya Pappu,2,157.3,9.3,22.4,21.8,14.0,3.6,true,15,305,,
poornam_boorelu_poornalu_burelu,"Poornam Boorelu (Poornalu, Burelu",3,811.6,27.1,149.8,9.7,16.3,11.18,true,9,270,,
red_sauce_pasta,Red Sauce Pasta,2,289.4,9.9,37.8,10.6,14.3,4.73,true,11,353,,fusilli
allam_pachadi_ginger_pickle,Allam Pachadi (Ginger Pickle),2,497.5,18.4,84.1,45.9,39.4,12.08,true,12,392,,
almond_jaggery_burfi_sweet,Almond Jaggery Burfi Sweet,2,878.3,19.5,70.7,57.3,12.8,8.19,true,6,212,,
7_cup_burfi,7 Cup Burfi,1,680.1,19.6,38.5,151.8,18.3,5.44,true,6,528,,
apple_tea,Apple Tea,1,643.4,25.2,108.8,10.3,13.6,17.01,true,8,290,,
atta_ladoo,Atta Ladoo,1,623.3,18.6,78.1,76.7,8.9,3.93,true,5,308,,
almond_milk_powder_badam_milk_powder,Almond Milk Powder (Badam Milk Powder),1,776.5,23.5,3.9,74.6,16.7,5.85,true,2,150,,
beetroot_halwa,Beetroot Halwa,8,827.4,27.0,39.1,65.8,6.2,8.23,true,6,254,,
carrot_pickle,Carrot Pickle,1,113.2,4.3,10.1,43.0,8.5,2.91,true,9,206,,
date_syrup,Date Syrup,1,408.0,3.1,95.5,0.4,11.4,4.08,true,2,150,,
mango_kesari_mango_halwa_mango_sheera,"Mango Kesari (Mango Halwa, Mango Sheera)",2,526.3,16.5,104.5,28.4,30.2,9.81,true,7,391,,
soya_chunks_dry_fry,Soya Chunks Dry (Fry),2,460.1,41.9,18.8,35.4,28.6,11.37,true,11,300,,
foxtail_millet_pulao_korralu_pulao,Foxtail Millet Pulao (Korralu Pulao),1,675.0,20.1,106.3,48.6,37.0,21.09,true,11,505,,
millet_khichdi_foxtail_millet_khichdi,Millet Khichdi (Foxtail Millet Khichdi),1,322.2,12.3,54.5,49.5,12.0,7.15,true,12,499,,
pasta_soup,Pasta Soup,2,299.3,11.6,58.2,1.6,2.1,0.59,true,9,324,,
pumpkin_halwa,Pumpkin Halwa,1,167.4,12.6,16.5,43.5,5.8,14.33,true,5,443,,
banana_curry,Banana Curry,1,650.6,47.0,99.8,30.2,28.8,14.12,true,15,557,,
vegetable_salad,Vegetable Salad,3,134.6,13.7,11.1,2.7,18.8,23.18,true,14,466,,
badam_milk,Badam Milk,14,846.1,25.7,6.6,80.1,17.4,6.18,true,5,194,,
badam_ladoo_almond_flour_laddu,Badam Ladoo (Almond Flour Laddu),5,843.3,15.7,78.6,56.5,18.0,7.23,true,13,237,,
sweet_potato_baby_food,Sweet Potato Baby Food,1,389.3,8.7,82.0,4.2,5.2,4.19,true,7,230,,
apple_milkshake_apple_shake,Apple Milkshake (Apple Shake),4,680.6,21.9,32.7,51.4,4.4,6.43,true,7,201,,
apple_orange_smoothie,Apple Orange Smoothie,7,827.8,25.0,6.7,78.3,18.5,6.32,true,5,208,,
bellam_undrallu,Bellam Undrallu,2,635.0,10.9,117.8,14.3,15.1,9.65,true,7,214,,
ragi_laddu,Ragi Laddu,3,723.6,15.8,100.0,36.4,24.8,10.91,true,7,251,,
ragi_porridge_for_babies,Ragi Porridge For Babies,1,75.0,1.7,15.6,0.4,2.6,1.08,true,2,28,,
tomato_rasam,Tomato Rasam,2,267.7,13.1,34.6,16.7,27.6,8.75,true,18,392,,
anjeer_barfi,Anjeer Barfi,2,510.6,11.5,65.0,24.1,8.9,5.6,true,8,187,,
aval_laddu_poha_ladoo,Aval Laddu (Poha Ladoo),10,831.1,18.8,98.8,44.4,9.5,11.81,true,7,233,,
egg_butter_masala,Egg Butter Masala,4,755.1,36.6,39.9,49.6,11.3,9.61,false,12,338,,
boiled_egg_fry,Boiled Egg Fry,1,192.0,16.7,8.3,54.3,8.9,6.07,false,14,422,,
egg_keema,Egg Keema,2,300.1,21.6,27.9,23.3,17.0,9.73,false,15,347,,
egg_masala_gravy,Egg Masala Gravy,2,254.5,16.4,26.4,21.2,17.4,9.29,false,16,362,,
egg_roast_spicy_roasted_eggs,Egg Roast (Spicy Roasted Eggs),2,197.9,17.0,8.8,22.6,9.5,7.09,false,15,336,,
south_indian_rasam,South Indian Rasam,1,258.8,16.5,30.9,32.0,28.5,11.99,true,15,391,,
thili_saaru,Thili Saaru,1,537.8,33.3,76.5,13.1,41.2,15.87,true,16,429,,
kalyana_rasam,Kalyana Rasam,1,315.0,18.8,39.5,11.9,32.0,12.56,true,16,352,,
soppu_saaru,Soppu Saaru,2,541.2,23.7,55.4,26.0,20.4,7.49,true,18,241,,
pepper_garlic_rasam,Pepper Garlic Rasam,2,797.6,33.3,131.8,26.4,18.0,22.05,true,10,326,,
beetroot_rasam,Beetroot Rasam,1,399.2,19.0,36.0,23.1,33.3,10.5,true,13,438,,
udupi_saaru,Udupi Saaru,3,668.3,37.6,91.2,23.1,44.3,13.52,true,19,336,,
instant_rasam,Instant Rasam,1,222.0,14.3,29.6,20.8,23.8,9.99,true,14,478,,
tomato,Tomato,2,207.1,20.5,17.3,14.7,43.4,23.47,true,12,461,,
kootu,Kootu,3,561.3,29.2,66.8,32.2,28.5,9.26,true,29,463,,
tiffin_sambar,Tiffin Sambar,4,313.7,19.1,34.0,10.9,26.8,10.45,true,24,419,,
sambar_premix,Sambar Premix,2,551.2,30.3,78.3,13.0,32.9,13.01,true,13,345,,
arachuvitta_sambar,Arachuvitta Sambar,3,456.5,24.2,60.6,11.5,24.2,10.01,true,20,405,,
temple_style_sambar,Temple Style Sambar,5,356.0,17.5,42.6,13.4,21.1,5.36,true,21,392,,
vendakkai_mor_kulambu,Vendakkai Mor Kulambu,2,290.7,7.6,14.4,35.0,13.4,3.74,true,17,328,,
bendekai_gojju,Bendekai Gojju,3,317.5,12.6,29.2,20.1,24.0,6.23,true,15,393,,
onion_sambar,Onion Sambar,7,275.3,17.8,37.5,8.5,28.1,12.42,true,21,405,,
gulla_bolu_koddel,Gulla Bolu Koddel,1,251.6,6.8,38.6,7.2,6.4,13.91,true,5,340,,mattu gulla
beans_koddel,Beans Koddel,2,750.2,23.2,55.2,49.8,27.5,7.29,true,11,398,,byadgi
hotel_sambar,Hotel Sambar,3,475.9,29.4,62.6,13.0,31.0,10.22,true,22,389,,
mullangi_sambar,Mullangi Sambar,2,529.7,23.9,49.9,29.1,26.4,11.98,true,16,345,,
ash_gourd_sambar,Ash Gourd Sambar,2,384.8,23.9,61.9,7.4,23.6,10.36,true,10,451,,
bendekai_huli,Bendekai Huli,3,369.5,25.2,57.6,5.6,21.9,7.22,true,14,365,,
cauliflower_sambar,Cauliflower Sambar,3,378.6,21.4,33.0,16.8,22.7,10.98,true,13,433,,
udupi_sambar,Udupi Sambar,2,638.4,29.7,71.9,28.6,31.9,10.77,true,15,389,,
raita,Raita,1,139.0,6.7,15.2,5.0,14.7,8.38,true,13,478,,
cream_cheese_spread,Cream Cheese Spread,5,365.4,12.5,28.6,22.4,0.0,0.54,true,4,409,,
eggless_mayonnaise,Eggless Mayonnaise,1,158.9,8.0,13.4,160.6,6.0,6.7,true,20,475,,
strawberry_jam,Strawberry Jam,2,314.1,16.0,54.3,4.4,9.7,3.88,true,3,458,,
tomato_sauce,Tomato Sauce,1,98.7,4.8,13.9,1.2,7.3,1.85,true,4,572,,
salsa,Salsa,1,155.3,8.3,19.5,3.7,14.1,4.99,true,10,466,,
hummus,Hummus,1,479.1,26.2,56.9,14.9,34.4,9.33,true,9,316,,
rava_kajjikayalu,Rava Kajjikayalu,3,642.1,14.6,62.7,45.2,11.4,3.89,true,10,222,,
chum_chum,Chum Chum,7,356.8,12.2,27.9,21.9,0.0,0.53,true,6,428,,
til_ladoo,Til Ladoo,1,456.8,2.5,109.2,25.8,0.5,6.08,true,5,482,,
rava_ladoo,Rava Ladoo,3,692.7,16.9,83.7,48.6,17.8,5.6,true,8,302,,
mawa_modak,Mawa Modak,2,393.4,13.0,22.9,30.1,2.4,1.79,true,8,334,,
kalakand_sweet,Kalakand Sweet,8,360.7,12.3,27.6,22.4,0.2,0.71,true,5,397,,
badam_ladoo,Badam Ladoo,5,893.8,23.0,44.4,74.6,10.9,8.28,true,7,195,,
milk_cake_sweet,Milk Cake Sweet,8,342.9,11.8,26.9,27.4,0.1,0.54,true,5,405,,
energy_bar,Energy Bar,4,736.2,18.4,37.7,56.9,12.8,6.24,true,13,221,,
dry_gulab_jamun,Dry Gulab Jamun,3,214.7,7.2,20.9,12.7,0.4,0.48,true,9,341,,
holige,Holige,2,847.6,28.8,167.4,20.0,15.1,9.87,true,9,307,,
moong_dal_payasam,Moong Dal Payasam,3,705.2,8.2,50.8,60.9,13.0,5.51,true,10,232,,
bombay_karachi_halwa,Bombay Karachi Halwa,2,111.6,3.8,9.2,57.4,3.6,1.5,true,5,322,,
aate_ki_barfi,Aate Ki Barfi,2,661.9,29.1,109.4,112.6,16.3,7.42,true,8,451,,
til_barfi,Til Barfi,2,427.3,3.6,57.2,26.7,5.3,4.04,true,8,421,,
badam_peda,Badam Peda,2,628.3,20.2,29.1,50.3,6.7,2.83,true,7,472,,
sattu_ladoo,Sattu Ladoo,3,668.0,20.6,106.5,67.4,5.5,5.9,true,12,271,,
malai_roll,Malai Roll,2,406.6,11.4,46.1,26.6,0.2,0.58,true,7,436,,
garmiyon_ke_laddu,Garmiyon Ke Laddu,4,690.1,16.6,42.8,76.0,13.2,4.38,true,12,226,,
7_cup_barfi,7 Cup Barfi,3,699.4,21.0,36.2,120.4,13.7,6.09,true,8,401,,
oats_laddu,Oats Laddu,4,749.5,14.5,87.6,38.0,16.2,7.58,true,14,325,,
badam_pak,Badam Pak,3,604.8,14.9,44.4,57.7,10.3,5.69,true,12,212,,
makhandi_halwa,Makhandi Halwa,3,372.0,12.6,49.8,81.2,5.6,2.34,true,6,362,,
gond_halwa,Gond Halwa,3,724.5,14.6,112.1,31.8,10.4,7.15,true,14,223,,
aate_ki_pinni,Aate Ki Pinni,3,808.5,18.0,111.2,40.0,12.0,8.14,true,13,249,,
anjeer_roll,Anjeer Roll,4,790.6,16.3,92.6,51.3,15.8,6.98,true,13,281,,
makhane_ki_barfi,Makhane Ki Barfi,3,735.1,20.1,87.1,35.8,4.4,2.26,true,8,390,,
white_burfi,White Burfi,2,327.9,15.9,61.8,52.1,6.6,2.81,true,7,371,,
besan_barfi,Besan Barfi,2,539.7,32.5,58.7,120.6,15.7,7.77,true,7,429,,
milk_powder_burfi,Milk Powder Burfi,2,287.0,10.5,19.1,120.8,1.4,0.9,true,5,488,,
rice_laddu,Rice Laddu,2,766.5,15.8,73.8,45.1,13.3,7.44,true,6,248,,
sukhdi,Sukhdi,2,699.7,11.9,99.1,129.9,7.3,5.89,true,7,312,,
poha_halwa,Poha Halwa,10,830.9,10.6,49.3,66.1,17.4,5.65,true,6,183,,
mock_motichoor_ladoo,Mock Motichoor Ladoo,2,563.8,17.7,93.9,63.1,5.5,3.53,true,9,358,,
besan_halwa,Besan Halwa,2,601.9,28.4,66.2,75.2,13.4,6.18,true,8,473,,
peda_sweet,Peda Sweet,5,461.3,15.5,31.0,33.2,1.0,2.0,true,9,381,,
mohanthal,Mohanthal,2,537.4,34.4,74.5,35.4,24.3,9.51,true,8,391,,
milk_barfi,Milk Barfi,3,323.4,11.7,22.0,38.1,1.4,0.95,true,5,352,,
mewa_paag,Mewa Paag,4,758.8,19.3,59.8,61.7,15.2,6.07,true,16,302,,
papaya_halwa,Papaya Halwa,4,175.9,5.1,21.2,20.1,5.7,0.66,true,5,432,,
churma_ladoo,Churma Ladoo,3,888.7,19.0,162.0,67.8,7.9,8.87,true,8,336,,
potato_podimas,Potato Podimas,4,236.2,19.2,19.4,15.1,42.1,21.61,true,12,367,,
beetroot_poriyal,Beetroot Poriyal,3,397.8,25.9,17.5,31.2,57.6,28.24,true,8,418,,
gawar_ki_sabji,Gawar Ki Sabji,1,132.2,11.2,15.8,14.2,17.4,13.45,true,8,461,,
papdi_bhaji,Papdi Bhaji,2,825.8,50.5,117.6,21.4,24.0,10.1,true,8,421,,
aloo_gajar,Aloo Gajar,3,142.0,4.3,26.4,7.7,9.3,3.03,true,9,337,,
vangyachi_bhaji,Vangyachi Bhaji,1,470.9,12.5,56.6,46.5,5.6,4.49,true,12,459,,vangi - or -sized
brinjal_fry_maharashtrian_style_baingan_fry,Brinjal Fry (Maharashtrian Style Baingan Fry),2,451.8,16.9,79.5,70.2,8.8,13.73,true,5,229,,
kantola_sabji,Kantola Sabji,1,42.4,1.8,7.1,26.0,6.3,1.98,true,4,235,,
cream_cheese_sandwich_with_mix_veggies,Cream Cheese Sandwich (With Mix Veggies),3,53.8,2.7,8.4,0.7,3.9,1.36,true,9,452,,
dudhi_bhopla_bhaji,Dudhi Bhopla Bhaji,1,299.6,5.4,7.8,46.5,12.1,3.81,true,6,598,,
yam_fry,Yam Fry,1,306.4,10.3,62.1,39.1,9.1,3.65,true,5,165,,
beans_thoran,Beans Thoran,7,195.4,14.6,13.2,9.6,32.9,16.83,true,11,392,,
aloo_bhaja,Aloo Bhaja,1,509.3,10.9,109.4,65.5,8.1,6.49,true,5,500,,
ladies_finger_fry,Ladies Finger Fry,1,97.6,7.6,12.2,26.5,15.3,6.66,true,9,434,,
ennegayi,Ennegayi,3,438.7,24.1,34.4,23.5,56.1,19.69,true,19,410,,
saut_ed_broccoli,Sautéed Broccoli,3,170.1,10.3,32.9,2.8,1.3,0.47,true,8,460,,
potol,Potol,2,236.9,8.1,43.1,23.9,17.1,6.3,true,18,409,,
kovakkai_poriyal,Kovakkai Poriyal,2,228.1,22.2,20.2,17.1,47.6,22.36,true,11,432,,
sem_ki_sabji,Sem Ki Sabji,2,557.1,10.9,58.7,43.4,7.6,2.88,true,19,297,,
potato_salad,Potato Salad,4,463.6,5.3,38.7,32.9,4.6,1.85,true,14,449,,
rishi_panchami_bhaji,Rishi Panchami Bhaji,5,371.4,11.4,36.7,19.3,11.0,5.86,true,18,362,,
tinda,Tinda,3,60.2,4.1,8.0,30.6,7.2,3.45,true,13,352,,
baby_corn_sabji,Baby Corn Sabji,2,179.1,7.1,27.6,16.2,15.7,4.75,true,9,338,,
chinese_pakoda,Chinese Pakoda,1,341.3,18.4,54.7,4.2,17.3,6.31,true,11,424,,
barbati_ki_sabji,Barbati Ki Sabji,3,432.0,22.7,19.1,34.1,47.4,22.82,true,13,453,,
bhogichi_bhaji,Bhogichi Bhaji,7,284.5,15.7,35.0,11.4,23.8,9.65,true,28,428,,bor
vazhakkai_fry,Vazhakkai Fry,2,208.9,22.2,16.0,16.8,50.7,25.92,true,12,421,,
bhendi_chi_bhaji_bhindi_bhaji,Bhendi Chi Bhaji (Bhindi Bhaji),2,177.3,7.3,11.3,33.2,14.4,4.43,true,8,373,,
cauliflower_poriyal_south_indian_cauliflower_stir_fry,Cauliflower Poriyal (South Indian Cauliflower Stir Fry),4,246.9,22.7,15.6,17.9,45.2,23.9,true,13,440,,
kappa_puzhukku,Kappa Puzhukku,2,362.4,26.4,22.0,22.7,60.1,29.5,true,11,457,,
whole_wheat_bread,Whole Wheat Bread,1,22.7,0.8,1.8,26.9,0.0,0.03,true,6,70,,
butter_cookies,Butter Cookies,2,852.7,27.5,160.2,8.8,55.7,20.04,true,8,493,,
cheese_sandwich_grilled_amp_on_skillet,Cheese Sandwich (Grilled &Amp; On Skillet),2,27.3,1.3,3.6,0.8,2.0,1.08,true,14,382,,
chura_matar,Chura Matar,8,799.2,25.2,54.1,55.0,6.7,8.89,true,12,198,,
onion_fritters,Onion Fritters,1,146.1,5.9,26.4,1.2,8.7,5.72,true,9,194,,
onion_samosa_patti_samosa_irani_style,Onion Samosa (Patti Samosa Irani Style),4,761.1,13.8,89.4,36.7,3.2,2.72,true,15,331,,
mushroom_pasta,Mushroom Pasta,4,697.3,33.9,129.7,2.9,21.4,8.78,true,12,315,,
white_sauce_pasta,White Sauce Pasta,2,672.6,20.9,121.6,10.3,14.8,4.85,true,13,266,,
fettuccine_alfredo_pasta,Fettuccine Alfredo Pasta,1,443.4,10.4,44.8,24.4,5.8,1.81,true,9,490,,fettuccine
spaghetti_bolognese,Spaghetti Bolognese,6,217.6,11.6,34.1,2.6,7.8,1.45,true,17,414,,
pesto_pasta_vegetarian,Pesto Pasta (Vegetarian),4,850.7,37.5,134.0,17.1,17.6,13.23,true,10,306,,
penne_pasta,Penne Pasta,6,378.3,13.1,56.5,11.3,5.7,1.78,true,12,418,,
arrabbiata_pasta,Arrabbiata Pasta,2,500.6,18.2,96.2,4.3,2.8,0.89,true,12,369,,
pasta_salad,Pasta Salad,3,530.6,5.0,17.6,50.9,2.6,1.28,true,17,389,,ziti
garlic_pasta,Garlic Pasta,1,842.6,31.5,163.1,6.1,4.3,2.85,true,12,402,,
tomato_pasta_bake,Tomato Pasta Bake,7,466.2,18.0,84.9,4.9,16.3,5.05,true,15,392,,or ziti; basil chiffonade
naan,Naan,1,721.4,21.4,151.9,27.1,6.3,4.0,true,9,350,,
pav,Pav,3,821.5,24.2,171.5,11.1,6.3,4.08,true,8,313,,
garlic_naan,Garlic Naan,1,695.9,22.1,142.9,27.8,15.0,6.63,true,10,350,,
roti,Roti,2,661.7,16.2,99.0,21.4,17.2,6.07,true,4,202,,oil -
pudina_paratha,Pudina Paratha,1,801.7,30.9,148.3,15.5,41.3,17.28,true,10,398,,
jowar_roti,Jowar Roti,1,340.7,10.2,69.0,1.8,10.4,4.03,true,3,120,,
bajra_roti,Bajra Roti,2,798.7,25.2,141.8,14.6,26.4,14.73,true,4,272,,
butter_naan_healthy_amp_whole_wheat,Butter Naan (+Healthy &Amp; Whole Wheat),2,492.7,16.2,99.0,2.2,17.2,6.07,true,7,255,,
malabar_paratha,Malabar Paratha,1,20.4,0.6,3.9,38.4,0.7,0.22,true,4,175,,
rice_puri,Rice Puri,1,554.8,11.9,119.0,6.5,6.5,8.37,true,7,193,,
makki_ki_roti_makki_di_roti,Makki Ki Roti (Makki Di Roti),1,0.0,0.0,0.0,140.2,0.0,0.0,true,3,170,,
beetroot_poori,Beetroot Poori,1,805.9,27.8,160.4,7.8,30.7,10.26,true,9,465,,
cheese_naan,Cheese Naan,2,508.0,16.1,103.9,21.0,12.9,4.95,true,11,280,,
roomali_roti,Roomali Roti,1,836.4,26.9,169.9,3.4,24.3,9.0,true,4,300,,
sheermal,Sheermal,2,516.5,15.9,94.3,69.2,3.3,2.24,true,9,331,,
khasta_roti,Khasta Roti,1,669.8,22.2,133.0,42.0,24.2,8.97,true,7,290,,
palak_puri,Palak Puri,3,267.4,9.0,52.7,1.5,9.9,4.4,true,9,359,,
cheese_garlic_naan,Cheese Garlic Naan,2,565.9,19.3,114.1,21.1,15.3,5.44,true,12,335,,
pineapple_raita,Pineapple Raita,1,74.8,3.0,12.0,1.3,6.8,3.31,true,7,450,,
beetroot_raita,Beetroot Raita,2,43.2,2.4,5.7,0.8,5.9,2.32,true,6,408,,
burani_raita,Burani Raita,1,11.0,0.6,1.5,0.3,0.9,0.33,true,4,248,,
makhana_raita,Makhana Raita,1,311.8,9.6,66.7,0.7,2.2,1.86,true,6,374,,
aloo_raita,Aloo Raita,1,158.1,4.3,31.6,1.0,5.4,2.89,true,7,510,,
veg_raita,Veg Raita,1,89.4,5.3,11.8,1.5,11.8,6.08,true,9,599,,
lauki_ka_raita,Lauki Ka Raita,1,33.7,1.6,4.6,0.7,5.7,1.09,true,6,512,,
carrot_raita,Carrot Raita,1,54.9,1.8,8.5,3.2,6.7,1.36,true,7,415,,
vellarikka_pachadi,Vellarikka Pachadi,2,312.5,21.7,19.4,17.7,49.5,22.49,true,10,414,,
mango_raita,Mango Raita,2,139.6,6.9,17.8,10.1,16.0,4.16,true,8,388,,
fruit_raita,Fruit Raita,1,147.3,1.9,31.9,0.8,4.5,0.8,true,8,398,,
masala_raita,Masala Raita,1,29.2,2.2,2.9,0.7,4.1,3.2,true,8,328,,
pineapple_pachadi,Pineapple Pachadi,3,280.6,19.0,23.8,12.5,44.1,20.35,true,12,394,,
palak_raita,Palak Raita,2,95.0,10.7,7.0,12.6,13.5,18.9,true,13,438,,
sabudana_pakoda,Sabudana Pakoda,1,166.3,4.9,32.8,1.2,6.0,2.38,true,8,284,,
veg_noodles_stir_fried_vegetable_noodles,Veg Noodles (Stir Fried Vegetable Noodles),4,217.8,11.3,38.8,1.9,10.6,3.06,true,16,394,,
bandar_laddu_thokkudu_ladoo,Bandar Laddu (Thokkudu Ladoo),3,664.0,22.6,115.6,79.1,13.5,9.98,true,8,322,,
majjiga_charu_majjiga_pulusu,Majjiga Charu (Majjiga Pulusu),1,72.8,5.1,8.4,14.3,9.1,6.01,true,15,434,,
barley_water,Barley Water,1,133.7,4.4,24.1,0.7,6.1,0.64,true,4,81,,
egg_curry,Egg Curry,3,288.1,22.8,16.9,23.8,10.5,7.21,false,18,356,,
egg_kurma_egg_korma,Egg Kurma (Egg Korma),4,831.0,36.3,38.7,65.1,15.0,13.57,false,20,389,,
tandoori_fish_tikka,Tandoori Fish Tikka,2,305.8,52.7,13.3,10.0,9.4,5.51,false,15,400,,
fish_pulusu_chepala_pulusu,Fish Pulusu (Chepala Pulusu),6,608.4,48.4,24.9,53.6,9.9,9.75,false,17,401,,
lemon_pepper_fish,Lemon Pepper Fish,1,99.3,11.7,6.1,27.0,3.0,2.23,false,11,187,,
prawn_curry_prawn_masala,Prawn Curry (Prawn Masala),2,241.5,24.7,7.0,40.0,8.5,4.55,false,18,328,,
andhra_fish_fry,Andhra Fish Fry,1,231.4,47.8,2.0,15.6,2.3,1.88,false,8,295,,
baked_fish_oven_grilled_fish,Baked Fish (Oven Grilled Fish),1,317.0,58.3,9.7,16.3,2.7,2.57,false,10,424,,
prawns_fry,Prawns Fry,1,333.9,40.8,28.1,9.8,20.5,10.02,false,14,451,,
fish_fry,Fish Fry,2,281.1,49.9,12.5,15.8,2.6,2.52,false,12,302,,
fried_onions,Fried Onions,1,25.2,1.9,3.0,255.3,4.7,2.69,true,3,405,,
mutton_curry,Mutton Curry,3,372.0,36.2,23.8,22.4,14.2,8.41,false,16,360,,
apollo_fish,Apollo Fish,3,261.1,39.5,16.8,7.5,6.3,4.6,false,16,336,,
egg_pulusu,Egg Pulusu,1,269.7,45.0,11.6,29.5,12.0,8.79,false,15,531,,
royyala_iguru,Royyala Iguru,1,259.2,45.7,6.8,21.2,11.2,8.53,false,12,522,,
lauki_ki_barfi,Lauki Ki Barfi,5,393.9,13.0,25.1,31.9,7.2,2.23,true,9,427,,
peanut_katli,Peanut Katli,1,30.0,1.0,2.6,6.0,0.2,0.13,true,6,486,,
thandai_barfi,Thandai Barfi,4,452.9,15.5,26.4,82.8,4.5,2.5,true,12,448,,
makhana_ladoo,Makhana Ladoo,4,687.1,12.9,69.8,52.3,8.8,5.66,true,11,194,,
carrot_malpua,Carrot Malpua,2,486.7,15.3,90.2,5.9,21.0,7.34,true,10,308,,
rasa_vada_sweet,Rasa Vada Sweet,2,168.0,5.6,31.1,1.7,15.7,5.43,true,6,355,,
murmura_chikki,Murmura Chikki,2,734.3,8.2,153.9,10.5,2.9,9.78,true,7,248,,
peanut_burfi,Peanut Burfi,2,665.8,9.3,118.7,29.1,1.4,7.88,true,7,383,,
icecream_barfi,Icecream Barfi,3,291.0,10.0,22.8,85.9,0.0,0.44,true,6,428,,
rava_modak,Rava Modak,2,482.2,16.5,71.2,39.5,7.8,2.71,true,5,419,,
wheat_sweet,Wheat Sweet,2,541.0,16.8,95.8,15.3,16.8,6.83,true,7,442,,
tutti_frutti_burfi,Tutti Frutti Burfi,3,250.2,7.5,25.4,47.4,0.0,0.33,true,6,342,,
pancharatna_sweet,Pancharatna Sweet,3,818.2,12.0,92.7,45.3,14.4,8.17,true,11,218,,
appalu,Appalu,1,527.9,18.0,108.1,7.6,15.5,4.77,true,5,344,,
crushed_peanut_chikki,Crushed Peanut Chikki,2,451.3,2.4,108.2,2.3,0.0,5.9,true,4,302,,
rice_flour_sweet,Rice Flour Sweet,3,696.0,8.3,67.8,52.0,12.1,5.64,true,6,180,,
halkova,Halkova,2,521.6,15.7,106.2,104.4,17.5,7.12,true,4,428,,
besan_peda,Besan Peda,2,503.1,18.0,37.1,56.8,12.8,4.3,true,6,334,,
energy_balls,Energy Balls,3,624.2,9.9,84.4,26.8,10.4,6.49,true,12,257,,
aloo_ka_halwa,Aloo Ka Halwa,2,370.8,9.0,50.9,64.9,7.1,3.71,true,8,481,,
carrot_delight,Carrot Delight,2,79.4,2.4,13.3,13.9,9.7,1.46,true,5,318,,
mini_rasgulla,Mini Rasgulla,6,341.7,11.6,30.5,19.1,3.3,1.64,true,5,395,,
coconut_peda,Coconut Peda,2,869.5,16.3,29.1,77.3,15.2,3.4,true,4,488,,
besan_milk_cake,Besan Milk Cake,3,395.0,20.7,39.2,84.7,12.4,5.05,true,8,335,,
dora_cake,Dora Cake,1,783.5,20.4,114.7,26.1,2.8,2.13,true,7,510,,
fruit_and_nut_cake,Fruit And Nut Cake,5,576.5,11.8,104.2,31.9,9.1,4.2,true,24,429,,
banana_upside_down_cake,Banana Upside Down Cake,2,443.7,10.8,80.9,58.6,4.9,1.63,true,10,448,,
tawa_cake,Tawa Cake,2,332.7,12.8,57.5,35.2,1.4,1.07,true,10,310,,
5_mins_tea_time_cake_in_sandwich_maker,5 Mins Tea Time Cake In Sandwich Maker,2,427.3,15.7,75.9,60.7,3.5,1.96,true,10,404,,
mini_choco_lava_cake_in_appam_pan,Mini Choco Lava Cake In Appam Pan,8,790.9,9.7,94.2,55.2,0.4,0.27,true,11,232,,
oreo_chocolate_cake,Oreo Chocolate Cake,3,771.1,9.8,96.4,37.9,0.1,0.14,true,4,268,,oreo biscuit
christmas_cake,Christmas Cake,5,683.9,17.9,121.2,21.7,10.9,8.04,true,23,402,,
mirror_glaze_cake,Mirror Glaze Cake,4,456.2,13.3,83.1,66.0,1.4,0.9,true,12,410,,
chocolate_cup_cake,Chocolate Cup Cake,2,406.7,16.6,74.4,62.6,1.8,1.29,true,10,351,,
choco_lava_cup_cake,Choco Lava Cup Cake,2,538.8,9.6,59.0,29.3,0.0,0.16,true,6,302,,parle-g
no_bake_swiss_roll,No Bake Swiss Roll,3,622.3,10.9,76.1,32.9,0.0,0.19,true,7,279,,parle-g biscuit
moist_chocolate_cake,Moist Chocolate Cake,2,431.7,16.8,94.2,81.6,2.8,1.81,true,12,476,,
pineapple_upside_down_cake,Pineapple Upside Down Cake,3,437.1,13.0,80.2,40.2,6.2,2.69,true,13,452,,
chocolate_swiss_roll,Chocolate Swiss Roll,1,452.0,17.9,83.9,62.7,2.1,1.52,true,11,418,,
chocolate_banana_cake,Chocolate Banana Cake,2,635.5,18.4,110.2,71.1,4.8,2.21,true,13,388,,
bread_cake,Bread Cake,2,296.4,4.8,44.3,10.5,4.5,0.77,true,7,364,,
marble_cake,Marble Cake,1,431.7,16.8,94.2,56.1,2.8,1.81,true,10,412,,
cupcakes,Cupcakes,2,453.9,11.7,77.8,35.5,1.8,1.13,true,11,401,,cupcake liner
chocolate_mug_cake,Chocolate Mug Cake,1,283.9,8.7,45.3,7.1,5.1,9.63,true,7,202,,
atta_cake,Atta Cake,6,819.7,19.4,97.3,38.9,8.2,7.64,true,14,259,,
custard_cake,Custard Cake,2,410.4,12.2,71.9,7.5,3.7,1.65,true,9,362,,
vanilla_cake,Vanilla Cake,2,587.0,18.6,87.7,17.5,2.5,1.99,true,8,468,,
ice_cream_cake,Ice Cream Cake,1,538.6,15.9,113.6,1.2,4.2,2.71,true,3,180,,
oreo_cake,Oreo Cake,1,122.0,6.3,27.9,4.2,0.0,0.03,true,8,418,,
,नारियल केक,1,890.8,19.3,74.2,57.0,14.2,3.83,true,11,375,,cream
,हनी केक रेसिपी,1,351.5,10.5,68.3,35.4,2.3,1.57,true,11,312,,
red_velvet_cake,Red Velvet Cake,3,259.5,7.7,24.4,15.6,0.0,0.27,true,13,357,,
black_forest_cake,Black Forest Cake,2,454.6,12.3,81.8,9.2,2.4,1.41,true,12,434,,
carrot_cake,Carrot Cake,2,534.2,14.1,89.8,12.5,7.6,3.64,true,13,318,,
sponge_cake,Sponge Cake,3,504.6,15.6,87.2,9.7,2.8,2.02,true,8,392,,
chocolate_lava_cake,Chocolate Lava Cake,4,830.7,12.2,100.6,56.6,0.4,0.29,true,11,303,,cup
dilpasand,Dilpasand,7,784.2,22.3,42.7,62.0,10.1,6.14,true,13,210,,tutti-frutti
steam_cake,Steam Cake,2,455.8,21.7,82.5,7.1,9.5,4.27,true,11,345,,
aval_payasam_aval_kheer_traditional_south_indian_delight,Aval Payasam: Aval Kheer Traditional South Indian Delight,4,577.2,13.2,82.0,27.8,3.0,4.63,true,9,388,,
chocolate_mousse,Chocolate Mousse,2,666.6,7.2,84.6,34.0,0.0,0.08,true,3,285,,
bhapa_doi,Bhapa Doi,3,95.4,2.9,10.5,4.5,1.4,0.34,true,5,371,,
custard,Custard,3,376.1,12.7,31.0,22.5,0.7,0.65,true,4,438,,
makhana_kheer,Makhana Kheer,3,493.9,15.5,48.0,28.2,1.9,1.97,true,8,390,,
pottukadalai_halwa,Pottukadalai Halwa,2,682.9,21.5,129.7,21.8,0.7,5.27,true,7,236,,pottukadalai
mango_sago,Mango Sago,4,275.1,9.1,25.2,15.3,1.4,0.72,true,7,355,,
coconut_jelly,Coconut Jelly,3,869.0,10.2,15.2,86.3,21.6,4.34,true,5,332,,
undralla_payasam,Undralla Payasam,2,572.4,14.3,78.3,24.0,7.0,5.92,true,11,259,,
sitafal_rabdi,Sitafal Rabdi,4,404.6,13.8,31.1,25.2,0.2,0.91,true,4,410,,sitafal
mango_kheer,Mango Kheer,3,443.8,14.2,48.7,22.5,3.9,1.16,true,6,465,,
pazha_payasam,Pazha Payasam,4,533.1,16.9,51.6,28.7,2.8,2.27,true,9,445,,
coconut_ice_cream,Coconut Ice Cream,2,501.7,12.7,26.6,38.6,5.3,1.53,true,5,369,,
protein_bites,Protein Bites,3,739.1,19.5,75.9,38.9,22.9,8.12,true,10,281,,
marie_biscuit_pudding,Marie Biscuit Pudding,2,497.1,12.6,55.8,27.6,0.7,0.38,true,8,355,,pack marie biscuit
rabdi_kheer,Rabdi Kheer,6,393.4,12.9,36.5,21.8,0.7,1.35,true,7,387,,
kaddu_ki_kheer,Kaddu Ki Kheer,5,387.4,17.2,34.8,20.7,2.8,2.11,true,9,370,,
food_after_delivery_for_mother,Food After Delivery For Mother,7,774.1,16.8,65.9,52.4,16.0,7.39,true,14,235,,
pal_payasam,Pal Payasam,5,801.5,25.7,52.0,55.5,3.8,6.16,true,7,412,,
fruit_cream,Fruit Cream,4,329.9,9.0,35.7,16.6,4.6,1.66,true,13,373,,
paal_kozhukattai,Paal Kozhukattai,2,860.0,15.1,73.9,58.1,15.0,6.06,true,9,360,,
dahi_bhalla,Dahi Bhalla,13,843.4,15.4,101.5,42.4,3.4,2.1,true,25,288,,
koraishutir_kochuri,Koraishutir Kochuri,2,730.8,30.0,140.5,37.6,21.7,8.3,true,11,317,,
litti_chokha,Litti Chokha,3,379.6,17.2,66.2,27.7,23.8,6.97,true,22,412,,
chilli_garlic_noodles,Chilli Garlic Noodles,2,511.2,23.1,81.9,8.2,37.6,8.65,true,12,314,,
mushroom_noodles,Mushroom Noodles,3,269.6,14.9,47.1,21.0,8.1,1.7,true,12,376,,
american_chop_suey,American Chop Suey,1,591.8,20.7,116.4,3.6,12.0,3.63,true,17,551,,
aloo_chana_chaat,Aloo Chana Chaat,1,381.9,19.9,61.5,4.6,28.1,11.78,true,9,570,,
pazham_pori,Pazham Pori,1,273.8,8.2,55.9,1.2,5.9,2.15,true,7,390,,
cutting_chai,Cutting Chai,2,127.3,4.3,15.0,5.4,1.6,0.65,true,5,371,,
fafda,Fafda,5,733.4,31.7,121.8,16.9,16.3,18.79,true,9,250,,
singara,Singara,2,511.7,19.9,101.1,8.0,12.4,6.12,true,16,445,,
singapore_noodles_singapore_mei_fun,Singapore Noodles (Singapore Mei Fun),7,128.1,4.7,24.3,4.5,4.9,2.13,true,16,391,,
radhaballavi,Radhaballavi,2,859.2,32.5,138.2,29.8,42.3,22.39,true,13,341,,
fried_noodles,Fried Noodles,1,316.1,10.0,64.2,2.7,1.6,0.37,true,5,131,,
coriander_chutney_indian_cilantro_chutney,Coriander Chutney (Indian Cilantro Chutney),1,13.9,0.6,1.4,0.5,1.3,0.63,true,7,24,,
red_coconut_chutney_kerala_style,Red Coconut Chutney (Kerala Style),3,474.9,30.0,35.5,25.3,69.0,27.51,true,9,442,,
cilantro_mint_chutney_6_ingredients,Cilantro Mint Chutney (6 Ingredients),1,104.1,11.2,6.9,2.5,15.1,18.64,true,7,318,,
raw_mango_chutney,Raw Mango Chutney,1,333.4,5.2,16.7,27.2,11.2,2.11,true,5,195,,
dal_chutney,Dal Chutney,2,349.0,25.8,28.0,16.0,47.4,23.02,true,8,359,,
red_chilli_chutney,Red Chilli Chutney,1,615.8,17.7,33.3,58.3,23.0,7.08,true,12,195,,
cabbage_chutney_south_indian_cabbage_pachadi,Cabbage Chutney (South Indian Cabbage Pachadi),4,203.1,20.8,17.3,3.6,45.1,21.56,true,11,399,,
mango_chutney_indian_bengali_style,Mango Chutney (Indian Bengali Style),1,138.8,1.4,31.7,0.2,3.2,1.75,true,7,154,,
sesame_chutney,Sesame Chutney,2,627.8,17.9,37.1,44.7,33.5,7.22,true,7,208,,
spicy_kara_chutney,Spicy Kara Chutney,4,376.5,25.3,39.9,10.4,57.4,20.18,true,10,383,,
gongura_pachadi,Gongura Pachadi,3,192.4,21.1,13.9,21.1,22.9,11.73,true,9,376,,
beetroot_pachadi,Beetroot Pachadi,2,357.0,24.7,21.1,17.1,53.3,25.63,true,10,454,,
carrot_chutney_south_indian_style,Carrot Chutney (South Indian Style),2,297.5,17.6,16.5,22.8,39.2,18.07,true,12,344,,
green_coconut_chutney,Green Coconut Chutney,3,477.7,25.7,20.5,34.9,53.3,26.4,true,13,424,,
pudina_pachadi,Pudina Pachadi,3,357.4,23.7,17.7,23.7,48.4,26.0,true,10,391,,
bengali_tomato_chutney_tomato_khejur_chutney,Bengali Tomato Chutney (Tomato Khejur Chutney),1,210.0,5.6,40.8,27.3,11.9,3.73,true,9,400,,
allam_pachadi_ginger_chutney,Allam Pachadi (Ginger Chutney),2,204.9,17.7,22.6,9.4,38.6,20.01,true,12,328,,
papaya_chutney,Papaya Chutney,3,159.4,16.5,13.0,4.9,37.8,18.96,true,9,334,,
vada_pav_chutney,Vada Pav Chutney,1,433.4,6.9,11.2,44.7,11.5,2.5,true,6,113,,
pudina_thogayal,Pudina Thogayal,1,189.1,13.9,21.3,4.3,22.8,14.51,true,10,230,,
mushroom_soup,Mushroom Soup,2,415.4,19.5,75.7,2.7,19.7,6.0,true,12,429,,
how_to_make_butter_white_butter,How To Make Butter (White Butter),1,0.0,0.0,0.0,0.0,0.0,0.0,true,1,0,,
bread_pudding,Bread Pudding,2,500.8,16.2,101.0,2.3,17.2,6.07,true,6,252,,
garlic_cheese_bread,Garlic Cheese Bread,1,43.2,2.3,7.5,0.2,2.0,0.48,true,7,348,,
chocolate_fudge,Chocolate Fudge,2,738.5,10.6,69.9,46.4,0.9,0.65,true,5,246,,
spring_roll_sheets,Spring Roll Sheets,1,504.8,10.7,110.6,13.6,2.8,1.81,true,5,180,,
eggless_apple_muffins,Eggless Apple Muffins,1,411.6,11.3,73.1,7.6,12.6,4.16,true,9,224,,
pull_apart_garlic_bread,Pull Apart Garlic Bread,1,601.5,19.9,121.3,15.2,18.8,6.74,true,14,286,,
apple_pie,Apple Pie,1,662.3,17.7,119.1,24.8,15.2,5.23,true,13,414,,
calzone,Calzone,2,592.4,20.2,113.5,4.8,24.9,9.59,true,15,363,,
roasted_tomato_soup_5_ingredients,Roasted Tomato Soup (5 Ingredients),3,85.6,3.9,11.6,2.3,5.2,1.5,true,6,374,,
mango_mousse,Mango Mousse,2,293.7,12.2,25.1,15.4,12.2,14.1,true,6,315,,
lauki_soup,Lauki Soup,2,60.5,2.8,7.9,1.6,8.6,2.11,true,8,434,,
mango_panna_cotta,Mango Panna Cotta,1,698.5,22.2,141.0,3.1,25.5,8.44,true,6,415,,
orange_squash,Orange Squash,15,56.2,2.7,8.1,0.7,6.6,1.22,true,6,390,,potassium metabisulphite
fruit_bread,Fruit Bread,2,643.6,18.7,132.1,28.4,19.2,6.17,true,11,471,,
trifle,Trifle,3,249.6,18.4,23.0,8.8,17.9,1.31,true,7,403,,eggless sponge cake
strawberry_ice_cream_4_ingredient_amp_without_ice_cream_maker,Strawberry Ice Cream (4 Ingredient &Amp; Without Ice Cream Maker),1,697.7,22.5,141.8,3.4,22.9,8.1,true,3,510,,
eggless_donut,Eggless Donut,1,620.8,15.3,32.8,54.0,10.2,2.25,true,10,415,,
sandwich_bread_classic_and_homemade,Sandwich Bread (Classic And Homemade),1,497.4,16.3,99.0,27.8,17.2,6.09,true,7,240,,
tomato_carrot_soup,Tomato Carrot Soup,3,132.3,8.6,14.8,3.7,13.9,6.38,true,12,451,,
chocolate_avocado_mousse_eggless_amp_vegan,Chocolate Avocado Mousse (Eggless &Amp; Vegan),2,454.4,9.1,50.0,32.0,3.2,1.13,true,11,388,,
thai_curry,Thai Curry,7,618.0,30.3,71.1,21.8,30.6,8.61,true,25,391,,thai basil chiffonade
lemon_squash,Lemon Squash,5,408.2,12.2,69.3,4.5,33.4,12.18,true,8,401,,
cream_of_broccoli_soup,Cream Of Broccoli Soup,2,620.5,23.7,125.1,3.2,18.6,6.87,true,11,460,,
alfalfa_sprouts,Alfalfa Sprouts,1,320.3,16.0,30.2,15.1,1.8,2.38,true,5,180,,cheesecloth; jar; string or rubber band to tie
bread_and_butter_pudding_without_eggs,Bread And Butter Pudding (Without Eggs),3,730.4,22.4,148.3,3.3,23.6,8.81,true,10,440,,
6,6,2,522.8,16.4,99.7,5.2,17.2,6.08,true,7,211,,
peri_peri_sauce,Peri Peri Sauce,3,828.2,43.2,101.7,23.6,103.0,20.62,true,6,435,,
strawberry_mousse,Strawberry Mousse,1,68.0,1.5,16.4,0.6,0.0,0.0,true,2,310,,
almond_milk,Almond Milk,1,776.5,23.5,3.9,74.6,16.7,5.85,true,2,150,,
mawa_barfi,Mawa Barfi,2,599.1,29.2,31.3,39.9,0.6,4.51,true,6,282,,
halwa,Halwa,7,780.3,24.0,21.0,81.5,16.9,6.09,true,8,221,,
badam_kheer_almond_payasam,Badam Kheer (Almond Payasam),2,610.1,19.8,52.7,35.2,18.5,7.04,true,6,461,,
semiya_kesari,Semiya Kesari,5,840.8,20.6,100.2,43.9,9.0,11.37,true,8,274,,
junnu_or_kharvas,Junnu Or Kharvas,6,895.8,24.0,183.3,5.3,23.0,10.81,true,5,347,,
coconut_ladoo_with_condensed_milk,Coconut Ladoo With Condensed Milk,4,724.7,10.1,13.2,70.9,16.7,3.69,true,5,174,,
papaya_halwa_papaya_dessert,Papaya Halwa (Papaya Dessert),4,397.1,11.5,60.5,26.7,30.0,9.86,true,7,365,,
saggubiyyam_payasam,Saggubiyyam Payasam,3,614.4,14.8,69.6,34.5,4.4,7.84,true,7,231,,
chalimidi,Chalimidi,2,620.6,6.8,143.6,0.9,2.2,8.01,true,3,206,,
fish_curry,Fish Curry,1,317.6,19.2,16.6,31.2,19.1,8.64,false,16,523,,
flaxseed_podi_spiced_alsi_seeds_powder,Flaxseed Podi (Spiced Alsi Seeds Powder),3,705.0,38.2,79.9,22.7,78.2,17.39,true,8,327,,
tamarind_rasam_without_tomato,Tamarind Rasam Without Tomato,1,313.3,7.8,56.7,17.7,14.1,9.07,true,15,236,,
bhindi_ki_sabji_ladies_finger,Bhindi Ki Sabji (Ladies Finger,1,146.9,10.6,19.2,27.3,19.8,7.7,true,11,576,,
potlakaya_perugu_pachadi,Potlakaya Perugu Pachadi,1,168.5,9.7,19.4,17.6,22.4,5.03,true,11,599,,
chinese_chilli_mushroom,Chinese Chilli Mushroom,1,154.3,9.1,16.3,6.0,8.6,2.32,true,12,436,,
aloo_anday,Aloo Anday,4,348.1,15.0,54.8,12.9,19.1,8.46,false,12,431,,
amritsari_fish_fry_tawa_fish_fry,Amritsari Fish Fry (Tawa Fish Fry),1,403.3,65.6,20.9,5.5,8.7,4.79,false,11,405,,
rice_rava_how_to_make_rice_rava,"Rice Rava, How To Make Rice Rava",1,556.7,11.7,120.7,1.8,5.4,7.01,true,2,185,,
tamarind_paste,Tamarind Paste,1,150.9,12.4,21.3,1.0,22.7,6.04,true,2,250,,
korma_masala,Korma Masala,7,853.4,32.2,101.3,32.3,82.8,28.95,true,15,364,,
sabudana_vermicelli_kheer,Sabudana Vermicelli Kheer,4,383.3,12.3,38.9,21.4,2.0,1.57,true,8,373,,
mango_mastani,Mango Mastani,1,259.9,8.1,26.1,13.5,2.6,0.67,true,2,340,,
popsicle,Popsicle,1,173.7,3.1,37.5,0.8,5.4,0.84,true,5,570,,kiwi
mango_delight,Mango Delight,2,99.7,2.3,19.4,26.3,6.9,1.25,true,5,315,,
cut_kulfi_ice_cream,Cut Kulfi Ice Cream,3,310.3,10.7,24.9,18.8,0.6,0.61,true,4,394,,
vermicelli_pudding,Vermicelli Pudding,5,493.3,16.1,58.4,21.3,7.6,2.27,true,10,387,,
caramel_toffee,Caramel Toffee,1,0.0,0.0,0.0,0.0,0.0,0.0,true,2,345,,
fried_milk,Fried Milk,3,315.9,10.0,37.2,13.9,2.6,0.88,true,6,382,,
pineapple_halwa,Pineapple Halwa,2,167.9,4.5,21.5,44.9,8.2,1.91,true,8,422,,
bounty_chocolate,Bounty Chocolate,4,817.5,10.6,49.8,64.5,10.1,2.12,true,4,268,,
deep_fried_icecream,Deep Fried Icecream,1,198.1,6.0,40.9,0.7,3.0,1.27,true,5,440,,
coconut_pudding,Coconut Pudding,3,654.3,10.2,29.6,55.2,24.6,6.51,true,6,200,,
orange_kulfi,Orange Kulfi,4,403.0,14.1,26.5,26.8,3.1,1.62,true,8,414,,
dry_fruit_kheer,Dry Fruit Kheer,5,754.1,25.8,57.4,48.2,14.0,6.22,true,12,276,,charoli
bread_kulfi,Bread Kulfi,3,448.1,15.2,34.8,27.4,4.7,1.65,true,8,465,,
oreo_ice_cream,Oreo Ice Cream,2,450.9,9.0,53.1,22.4,0.0,0.27,true,3,264,,
malai_kulfi,Malai Kulfi,6,414.0,14.3,28.7,27.1,1.3,1.18,true,8,401,,
paal_cake,Paal Cake,2,488.1,15.2,85.9,21.2,12.1,5.1,true,8,388,,
gasagase_payasa,Gasagase Payasa,8,798.1,15.3,27.4,72.5,15.3,5.75,true,13,184,,gasagase
biscuit_pudding,Biscuit Pudding,3,792.2,14.6,95.6,40.7,0.5,0.37,true,8,423,,parleg biscuit
white_chocolate,White Chocolate,1,199.9,14.4,41.2,114.1,0.0,0.08,true,5,330,,
3_ingredient_choco_bar,3 Ingredient Choco Bar,3,600.7,5.7,68.0,34.0,0.0,0.0,true,5,203,,
caramel_kheer,Caramel Kheer,3,509.0,16.0,61.1,23.4,4.7,2.41,true,7,417,,
sabudana_falooda,Sabudana Falooda,2,546.3,15.3,57.3,29.0,1.2,1.7,true,9,498,,
caramel_bread_pudding,Caramel Bread Pudding,2,234.1,7.8,20.4,13.5,0.8,0.39,true,4,308,,
vermicelli_custard,Vermicelli Custard,4,383.5,11.1,46.8,17.2,3.5,1.27,true,14,389,,
pranhara,Pranhara,5,388.1,13.3,30.3,23.8,0.0,0.6,true,6,439,,
butterscotch_icecream,Butterscotch Icecream,1,616.8,15.2,80.2,25.6,3.8,5.68,true,7,500,,
banana_ice_cream,Banana Ice Cream,1,283.0,3.2,63.6,0.8,5.6,1.02,true,3,345,,
chocolate_kulfi,Chocolate Kulfi,2,417.6,12.4,36.8,24.8,0.0,0.51,true,5,412,,
mango_jelly,Mango Jelly,2,192.3,2.9,20.3,48.8,8.7,1.51,true,7,326,,
lapsi,Lapsi,2,496.9,13.4,74.9,34.1,16.3,8.1,true,11,189,,
chana_dal_payasam,Chana Dal Payasam,5,799.0,21.9,45.9,59.5,10.7,7.91,true,8,184,,
ashoka_halwa,Ashoka Halwa,1,319.2,8.2,44.1,16.1,2.9,3.79,true,9,301,,
apple_kheer,Apple Kheer,2,372.5,12.6,31.3,24.1,1.7,0.67,true,7,433,,
chocolate_custard,Chocolate Custard,4,306.8,11.2,29.3,18.0,0.8,0.47,true,4,356,,
bread_malai_roll,Bread Malai Roll,4,707.2,22.1,24.1,58.2,10.0,5.85,true,10,258,,
fruit_cocktail,Fruit Cocktail,2,105.2,1.4,23.3,0.4,3.7,0.43,true,13,302,,
mango_popsicles,Mango Popsicles,2,638.2,7.6,41.0,49.1,16.9,3.12,true,5,422,,
gadbad_ice_cream,Gadbad Ice Cream,1,238.4,5.8,27.2,11.9,2.8,1.78,true,7,155,,
mango_custard,Mango Custard,3,382.9,11.4,34.5,21.8,5.6,1.94,true,11,375,,
caramel_custard,Caramel Custard,1,230.9,7.7,19.7,13.5,0.7,0.38,true,6,412,,
mango_pudding,Mango Pudding,2,171.6,4.6,22.1,6.8,3.8,0.67,true,7,308,,
banana_rasayana,Banana Rasayana,3,688.1,10.1,94.4,28.9,22.8,6.0,true,5,453,,
chocolate_pudding,Chocolate Pudding,1,710.2,19.6,83.6,39.3,1.6,0.86,true,7,532,,
strawberry_panna_cotta,Strawberry Panna Cotta,2,149.9,4.6,18.4,7.1,0.0,0.16,true,7,308,,
easy_gulab_jamun,Easy Gulab Jamun,1,436.5,12.9,77.7,6.7,35.0,11.49,true,6,575,,
oreo_milkshake,Oreo Milkshake,2,510.0,5.3,66.9,23.4,0.0,0.0,true,1,125,,oreo biscuit
kids_lunch_box,Kids Lunch Box,2,367.3,9.3,24.3,29.2,14.0,2.72,true,18,461,,
banana_leaf_thali,Banana Leaf Thali,1,0.0,0.0,0.0,0.0,0.0,0.0,true,14,0,,
north_indian_thali,North Indian Thali,1,0.0,0.0,0.0,0.0,0.0,0.0,true,7,0,,
fada_ni_khichdi,Fada Ni Khichdi,1,236.4,9.8,32.1,32.2,12.5,5.25,true,17,459,,fada
jolada_rotti,Jolada Rotti,1,340.7,10.2,69.0,1.8,10.4,4.03,true,2,120,,
menthe_tambli,Menthe Tambli,1,467.3,8.5,12.3,47.0,17.6,4.06,true,8,350,,
daliya,Daliya,1,336.9,12.4,63.8,10.9,13.3,5.92,true,13,345,,
pomegranate_peel_tambli,Pomegranate Peel Tambli,1,526.3,9.1,21.4,53.6,14.2,3.49,true,10,192,,yoghurt
suji_ka_paratha,Suji Ka Paratha,1,723.8,24.6,147.1,6.4,19.0,7.52,true,11,298,,
mango_rasayana,Mango Rasayana,3,732.8,10.2,26.1,65.7,23.6,5.67,true,5,197,,cup jaggary
vangibhath_masala_powder,Vangibhath Masala Powder,1,491.6,17.2,74.2,16.6,42.7,14.07,true,10,215,,
milk_roti,Milk Roti,1,745.4,22.1,153.7,3.2,5.6,3.65,true,4,285,,
matar_ki_poori,Matar Ki Poori,2,527.7,22.5,102.7,14.3,14.0,5.06,true,11,334,,
plain_paratha,Plain Paratha,1,897.6,26.4,189.4,1.9,7.0,4.51,true,2,300,,
soft_bread,Soft Bread,2,538.6,15.9,113.6,13.9,4.2,2.71,true,6,285,,
mooli_roti,Mooli Roti,2,319.8,13.0,57.1,3.2,15.8,11.3,true,14,364,,
healthy_weight,Healthy Weight,1,656.8,22.7,123.6,5.7,32.3,13.91,true,16,535,,
dhebra,Dhebra,2,527.2,17.4,96.0,6.7,17.1,12.35,true,14,407,,
sooji_roti,Sooji Roti,1,787.8,26.8,161.4,6.0,22.9,7.03,true,4,282,,
suji_ki_puri,Suji Ki Puri,2,525.2,17.9,107.6,13.9,15.3,4.69,true,3,200,,
saravana_bhavana_style_poori_kurma,Saravana Bhavana Style Poori Kurma,5,455.0,15.9,58.8,21.5,19.1,6.4,true,28,362,,
poha_paratha,Poha Paratha,2,877.4,22.5,185.1,7.3,12.6,9.93,true,15,489,,
green_papaya_roti,Green Papaya Roti,3,748.8,23.8,94.8,32.2,18.7,10.02,true,16,300,,
avalakki_rotti,Avalakki Rotti,2,485.1,11.5,102.2,2.1,8.5,8.35,true,8,232,,
onion_kulcha,Onion Kulcha,2,556.8,17.3,115.4,14.3,7.4,4.92,true,11,324,,
roti_tacos,Roti Tacos,2,594.9,26.8,87.3,13.6,17.0,5.35,true,17,462,,
ukkarisida_akki_rotti,Ukkarisida Akki Rotti,1,722.2,15.2,156.6,6.6,7.1,9.1,true,4,245,,
applesauce,Applesauce,1,84.0,0.4,17.0,1.2,3.4,0.36,true,5,152,,
eggless_chocolate_mousse,Eggless Chocolate Mousse,2,552.9,10.6,70.1,26.0,6.3,9.1,true,9,445,,
oatmeal_cookies,Oatmeal Cookies,1,321.8,8.9,57.0,5.9,6.9,3.23,true,8,374,,
fig_jam,Fig Jam,3,351.8,8.0,71.3,1.4,17.7,3.13,true,5,465,,
spring_onion_soup,Spring Onion Soup,4,102.6,6.4,12.8,1.8,15.1,8.85,true,9,370,,
easy_no_yeast_pizza_dough,Easy No Yeast Pizza Dough,2,569.6,16.3,116.1,3.2,4.6,2.83,true,8,264,,
banana_mousse_easy_4_ingredient,Banana Mousse (Easy 4 Ingredient,2,254.7,2.9,42.4,1.9,3.8,0.89,true,3,425,,
rough_puff_pastry_easy_foolproof,Rough Puff Pastry (Easy Foolproof,2,566.1,16.7,119.4,1.3,4.6,2.88,true,4,342,,
vegetable_corn_soup,Vegetable Corn Soup,2,280.8,10.4,31.1,12.1,10.8,3.08,true,12,442,,
strawberry_milkshake,Strawberry Milkshake,5,722.1,22.1,13.2,65.2,13.3,4.81,true,5,287,,
tiramisu,Tiramisu,4,327.9,10.1,50.3,9.8,1.2,1.47,true,12,354,,sponge cake
virgin_pina_colada,Virgin Pina Colada,3,438.6,5.2,30.4,32.7,17.8,2.38,true,5,414,,
vanilla_extract,Vanilla Extract,1,225.7,18.1,23.4,4.9,33.0,3.6,true,2,562,,vodka
tawa_pizza,Tawa Pizza,2,636.5,19.8,126.6,4.1,14.5,6.87,true,17,405,,
russian_salad,Russian Salad,2,838.6,5.1,14.9,84.1,5.4,1.49,true,9,312,,
hot_coffee,Hot Coffee,1,218.3,7.5,17.1,13.4,0.0,0.33,true,4,262,,
guacamole,Guacamole,1,119.1,4.2,6.8,7.8,8.5,3.7,true,9,186,,
guava_juice,Guava Juice,1,54.4,2.4,8.7,0.5,14.6,0.54,true,3,245,,
virgin_mojito,Virgin Mojito,1,47.2,0.5,0.0,1.0,0.0,0.15,true,7,195,,
eggplant_parmesan,Eggplant Parmesan,1,109.6,5.5,13.6,53.7,9.4,3.58,true,11,465,,
strawberry_cream,Strawberry Cream,1,68.0,1.5,16.4,0.6,0.0,0.0,true,3,265,,
carrot_ginger_soup,Carrot Ginger Soup,1,137.4,4.3,19.8,3.6,15.5,3.59,true,7,434,,
dulce_de_leche,Dulce De Leche,1,363.8,12.5,28.5,22.4,0.0,0.54,true,2,400,,
herbal_tea,Herbal Tea,3,382.2,21.6,49.0,9.5,31.2,19.11,true,8,452,,
margherita_pizza,Margherita Pizza,7,350.6,26.7,43.8,5.4,28.4,13.65,true,13,421,,
muhammara,Muhammara,1,494.7,15.5,35.5,32.4,20.9,8.37,true,12,242,,
mango_tea_mango_iced_tea,Mango Tea (Mango Iced Tea),1,206.6,16.4,23.8,2.9,21.0,27.03,true,6,495,,
mushroom_rice,Mushroom Rice,4,600.5,27.2,111.1,3.2,20.5,12.42,true,9,378,,
fresh_and_creamy_avocado_salad,Fresh And Creamy Avocado Salad,1,367.3,12.2,34.9,17.3,13.2,7.07,true,11,425,,
coffee_milkshake_with_ice_cream,Coffee Milkshake (With Ice Cream),2,821.1,27.0,165.0,3.7,28.6,10.12,true,5,330,,
iced_tea,Iced Tea,1,104.9,3.9,15.3,1.8,1.8,2.43,true,6,150,,
chocolate_covered_strawberries_3_ingredients,Chocolate Covered Strawberries (3 Ingredients),2,706.6,7.7,56.4,50.9,7.1,1.4,true,4,269,,
mashed_potatoes,Mashed Potatoes,2,314.3,8.7,64.9,1.2,9.4,3.25,true,8,326,,
dukkah,Dukkah,2,578.4,22.3,26.2,42.2,21.9,9.8,true,7,148,,
chocolate_chip_banana_bread,Chocolate Chip Banana Bread,2,454.9,12.5,63.2,41.6,12.4,4.04,true,10,281,,
best_thin_crust_pizza,Best Thin Crust Pizza,2,657.0,20.8,125.9,6.1,21.9,8.7,true,14,496,,
carrot_soup,Carrot Soup,2,144.5,6.1,24.0,8.0,8.7,2.75,true,13,454,,
garlic_butter_mushrooms,Garlic Butter Mushrooms,1,698.1,46.1,117.4,2.6,25.5,11.0,true,5,292,,
ice_cream,Ice Cream,1,499.0,13.8,43.8,30.0,0.0,0.54,true,3,430,,
classic_strawberry_shortcake,Classic Strawberry Shortcake,3,307.4,8.5,66.9,1.2,1.9,1.2,true,7,359,,
vanilla_milkshake,Vanilla Milkshake,1,656.9,21.6,132.0,3.0,22.9,8.1,true,3,265,,
muskmelon_juice_cantaloupe_juice,Muskmelon Juice (Cantaloupe Juice),1,38.2,7.9,0.0,0.3,0.0,0.15,false,2,125,,
litchi_juice_lychee_juice,Litchi Juice (Lychee Juice),4,349.0,10.1,45.9,13.0,0.0,0.02,true,7,371,,lychee
green_tea,Green Tea,1,27.7,2.0,4.5,0.1,0.8,0.33,true,3,30,,
how_to_make_rice_flour,How To Make Rice Flour,1,835.0,17.5,181.0,2.7,8.2,10.52,true,1,278,,
chickpea_salad,Chickpea Salad,2,582.3,20.2,50.9,34.0,31.7,10.98,true,20,494,,
eggless_pumpkin_bread,Eggless Pumpkin Bread,1,740.9,27.6,113.6,68.8,21.5,15.14,true,14,523,,
garlic_breadsticks,Garlic Breadsticks,1,335.5,11.2,67.1,14.4,11.9,4.19,true,16,292,,
avocado_shake,Avocado Shake,2,808.6,20.4,35.9,65.9,14.7,4.85,true,6,208,,moringa
apple_crumble,Apple Crumble,2,174.4,2.0,36.2,1.7,7.0,1.07,true,11,388,,
pesto,Pesto,2,832.5,31.5,117.4,25.5,15.7,18.62,true,6,289,,
tomato_puree,Tomato Puree,2,89.2,4.8,13.5,1.1,6.9,1.78,true,3,500,,
peach_cobbler,Peach Cobbler,2,359.5,11.0,58.3,8.3,10.3,2.94,true,9,487,,
homemade_white_sauce,Homemade White Sauce,1,460.3,11.7,37.8,29.2,6.6,1.92,true,5,336,,
quesadilla,Quesadilla,2,347.7,9.7,50.7,56.3,3.6,1.95,true,15,322,,
vanilla_custard,Vanilla Custard,3,697.4,21.6,141.7,3.0,22.9,8.1,true,4,292,,
lemon_coriander_soup_healthy_and_flavorful,Lemon Coriander Soup (Healthy And Flavorful),2,535.3,33.0,81.7,3.0,21.5,9.93,true,14,446,,
som_tam,Som Tam,2,80.7,4.2,11.4,1.1,8.0,1.87,true,12,472,,
fruit_punch,Fruit Punch,2,87.0,2.6,15.7,0.7,8.5,1.21,true,5,368,,
celery_soup,Celery Soup,2,149.4,5.9,27.4,1.0,2.8,1.61,true,9,412,,
pineapple_smoothie_healthy_3_ingredient,Pineapple Smoothie (Healthy 3 Ingredient,3,673.0,7.9,16.2,64.7,19.1,3.43,true,4,235,,
burrito,Burrito,5,305.3,15.0,41.7,8.0,10.4,1.69,true,19,405,,
watermelon_agua_fresca,Watermelon Agua Fresca,6,53.0,1.8,9.3,0.5,2.4,0.5,true,7,369,,
pistachio_ice_cream_pista_ice_cream,Pistachio Ice Cream (Pista Ice Cream),1,672.1,25.7,76.1,28.6,18.2,6.92,true,3,270,,
green_smoothie,Green Smoothie,4,782.8,22.9,20.8,67.8,17.6,8.0,true,10,260,,flax meal
vegetable_stock,Vegetable Stock,3,111.4,8.3,13.1,6.3,13.3,5.66,true,14,367,,
tutti_frutti_ice_cream,Tutti Frutti Ice Cream,2,436.9,6.4,80.6,11.4,0.0,0.27,true,4,300,,
cabbage_coleslaw,Cabbage Coleslaw,1,306.8,6.0,13.1,24.8,11.2,2.62,true,7,508,,
cherry_tomato_salad,Cherry Tomato Salad,1,127.6,2.9,21.6,2.8,3.8,0.83,true,8,230,,
fruit_salad,Fruit Salad,4,347.7,13.6,41.6,13.0,14.2,11.79,true,12,426,,chikoo - sized
all_butter_pie_crust,All Butter Pie Crust,1,748.0,22.0,157.8,1.6,5.9,3.76,true,4,375,,
oats_smoothie,Oats Smoothie,2,215.9,5.4,28.7,8.5,5.7,0.65,true,7,313,,
pumpkin_pie,Pumpkin Pie,2,425.9,14.5,56.4,15.2,1.9,3.88,true,11,464,,pie crust - 9 to 10 oz for a 8 to 9 inch pie
pad_thai,Pad Thai,4,613.9,36.3,106.4,12.4,20.8,8.78,true,20,376,,
marinara_sauce,Marinara Sauce,3,109.9,4.8,13.1,2.9,7.3,2.63,true,12,424,,
minestrone_soup,Minestrone Soup,6,239.9,10.6,42.1,2.5,4.9,1.82,true,21,395,,
strawberry_smoothie,Strawberry Smoothie,1,781.8,9.6,41.6,65.3,18.1,3.53,true,3,408,,
cumin_powder,Cumin Powder,1,193.8,8.9,14.4,10.6,19.3,13.12,true,1,75,,
dalgona_coffee,Dalgona Coffee,1,334.9,11.6,27.3,20.3,0.2,0.55,true,6,436,,
apple_smoothie,Apple Smoothie,1,689.2,7.7,19.3,65.1,18.4,3.41,true,3,220,,
instant_pot_rice_pudding,Instant Pot Rice Pudding,8,865.2,26.2,60.7,57.1,21.3,7.9,true,9,215,,
tom_kha_soup_vegan_thai_coconut_soup,Tom Kha Soup (Vegan Thai Coconut Soup),5,336.3,7.9,15.4,31.9,13.9,3.03,true,21,428,,
karuppu_kondakadalai_kuruma,Karuppu Kondakadalai Kuruma,6,886.1,28.0,38.9,73.0,8.1,9.6,true,19,224,,
muttai_kuruma,Muttai Kuruma,4,772.7,31.4,38.1,55.8,10.4,8.46,false,18,294,,
nilgiri_kai_kari_kurma,Nilgiri Kai Kari Kurma,6,761.8,25.7,42.8,58.1,12.7,9.69,true,22,258,,
paalkatti_mundhiri_masala_gravy,Paalkatti Mundhiri Masala Gravy,7,860.2,30.7,50.5,60.4,10.5,9.95,true,26,327,,
kaalan_paal_kari,Kaalan Paal Kari,2,323.2,10.6,16.3,23.5,17.3,5.05,true,20,332,,
baby_potato_egg_stew,Baby Potato Egg Stew,7,847.0,26.2,42.5,67.7,16.5,9.44,false,15,283,,
madurai_butter_beans_kuruma,Madurai Butter Beans Kuruma,1,27.0,1.3,0.8,1.9,1.7,0.65,true,2,8,,
thakkali_vellai_kuruma,Thakkali Vellai Kuruma,5,880.3,27.6,48.5,66.4,12.1,10.15,true,18,294,,
kalan_pattani_kurma,Kalan Pattani Kurma,5,850.0,29.4,40.7,63.1,12.2,10.28,true,25,376,,
mushroom_peas_masala,Mushroom Peas Masala,3,386.7,16.4,39.2,17.3,23.4,8.27,true,25,429,,
urulai_pattani_kurma,Urulai Pattani Kurma,5,832.5,28.5,46.6,60.0,12.7,10.88,true,22,310,,
muttai_mass_and_salna,Muttai Mass And Salna,2,385.4,19.1,18.8,25.7,8.0,5.31,false,21,319,,salna
kollu_kurma_sprouted_horsegram_curry,"Kollu Kurma, Sprouted Horsegram Curry",6,773.7,23.1,24.6,64.8,14.1,7.92,true,14,216,,
urulai_kurma_for_idli_and_dosa_potato_kurma,"Urulai Kurma For Idli And Dosa, Potato Kurma",2,360.0,8.6,32.2,21.3,14.7,5.34,true,16,390,,
mushroom_stew,Mushroom Stew,4,763.8,25.3,38.3,59.5,12.5,8.92,true,14,263,,
chettinad_mushroom_masala,Chettinad Mushroom Masala,2,387.2,13.8,29.6,23.1,18.3,7.43,true,20,383,,piece kalpasi
sorakkai_verkadalai_masala_sorakaya_peanut_curry,"Sorakkai Verkadalai Masala, Sorakaya Peanut Curry",1,239.5,17.1,32.8,3.0,13.8,5.4,false,17,571,,
vegetable_moilee,Vegetable Moilee,4,742.3,11.7,21.6,74.3,20.2,5.03,true,14,370,,
knol_khol_kurma_easy_noolkol_kurma,"Knol Khol Kurma, Easy Noolkol Kurma",3,634.4,19.9,10.3,57.0,19.0,6.59,true,12,338,,
mushroom_salna_madurai_style_mushroom_salna_for_parotta_and_chapati,"Mushroom Salna, Madurai Style Mushroom Salna For Parotta And Chapati",4,761.7,24.7,37.8,58.6,13.6,10.0,true,18,312,,
fresh_green_karamani_kurma_pachai_karamani_black,"Fresh Green Karamani Kurma, Pachai Karamani Black",3,753.2,25.4,53.9,49.3,12.4,11.68,true,14,318,,
veg_paya,Veg Paya,1,547.0,16.1,43.3,58.6,30.7,10.83,true,17,558,,
double_beans_and_potato_serva,Double Beans And Potato Serva,1,317.0,13.7,55.5,11.3,25.2,10.96,true,17,556,,
mulai_kattiya_kollu_kuzhambu,Mulai Kattiya Kollu Kuzhambu,1,416.6,13.3,36.2,23.2,25.1,8.08,true,14,376,,
bombay_chutney_kadala_maavu_chutney,"Bombay Chutney, Kadala Maavu Chutney",1,192.9,11.9,25.5,3.7,18.3,7.72,true,13,297,,
mutton_kuruma_easy_mutton_kurma,"Mutton Kuruma, Easy Mutton Kurma",4,809.0,35.7,31.3,59.9,11.3,13.32,false,14,328,,
vadacurry,Vadacurry,4,287.1,19.8,38.9,8.6,24.8,18.65,true,15,394,,
kerala_kadala_curry,Kerala Kadala Curry,2,390.8,13.1,43.3,19.6,20.5,10.09,true,16,312,,
sodhi,Sodhi,4,478.9,22.6,29.3,30.4,15.3,6.14,false,20,400,,
pasi_paruppu_dal_moong_dal_for_chapathi_chapati_dal,"Pasi Paruppu Dal, Moong Dal For Chapathi, Chapati Dal",2,86.2,4.5,13.8,3.0,4.2,2.2,true,13,301,,
kerala_chicken_stew_how_to_make_chicken_stew_chicken_ishtu,"Kerala Chicken Stew, How To Make Chicken Stew, Chicken Ishtu",4,646.5,14.1,34.5,51.1,25.2,6.98,true,15,417,,stick
10_minute_veg_kurma,10 Minute Veg Kurma,4,603.4,20.0,40.4,47.1,16.9,9.06,true,24,389,,
hotel_saravana_bhavan_vegetable_kurma,Hotel Saravana Bhavan Vegetable Kurma,4,596.4,19.6,39.1,47.1,16.6,8.78,true,24,401,,
vegetable_stew_for_appam,Vegetable Stew For Appam,2,417.7,16.8,54.9,25.7,25.2,9.38,true,14,408,,
chettinad_chow_chow_masala_kootu,Chettinad Chow Chow Masala Kootu,2,378.2,9.8,30.6,27.7,17.5,7.11,true,16,354,,sized chow chow
pondicherry_egg_curry,Pondicherry Egg Curry,3,161.1,6.6,25.8,11.1,10.5,5.56,true,14,359,,
south_indian_mixed_vegetable_kurma,South Indian Mixed Vegetable Kurma,6,761.2,24.1,45.3,57.3,22.5,10.76,true,23,392,,
rajma_masala,Rajma Masala,2,231.3,15.2,35.0,6.3,19.1,9.2,true,18,419,,
restaurant_style_chana_masala,Restaurant Style Chana Masala,3,317.9,16.5,47.8,5.5,26.9,11.46,true,22,377,,
dhaba_style_rajma_masala,Dhaba Style Rajma Masala,2,146.5,15.1,13.0,9.4,10.2,9.44,false,19,458,,
soya_keema_pav,Soya Keema Pav,3,447.0,39.0,28.5,18.0,28.5,12.24,true,24,406,,
aloo_gobhi_matar_dry,Aloo Gobhi Matar Dry,2,190.6,10.8,32.6,1.1,7.9,3.45,false,13,433,,
baingan_bharta_brinjal_bharta,"Baingan Bharta, Brinjal Bharta",1,152.5,9.3,22.9,9.8,16.2,7.05,true,12,504,,
easy_chana_masala,Easy Chana Masala,2,356.1,23.2,49.1,18.6,33.9,12.51,true,12,372,,
itc_style_dal_bukhara,Itc Style Dal Bukhara,3,239.5,16.0,35.9,10.8,13.7,6.49,true,11,410,,
matar_mushroom_masala,Matar Mushroom Masala,3,151.4,10.8,17.8,16.2,12.2,5.36,true,12,387,,
moong_dal_puri,Moong Dal Puri,1,813.4,24.5,170.0,2.2,9.1,5.42,true,9,374,,
rumali_roti,Rumali Roti,2,513.1,15.6,93.8,20.3,3.2,2.19,true,5,270,,
how_to_make_roti,How To Make Roti,2,538.6,15.9,113.6,1.2,4.2,2.71,true,2,180,,
aloo_roti,Aloo Roti,1,890.2,26.3,184.0,7.4,12.8,7.57,true,13,550,,
kulcha_naan,Kulcha Naan,1,788.5,24.7,162.3,11.2,8.3,6.89,true,11,402,,
pathiri,Pathiri,1,361.1,7.6,78.3,5.4,3.5,4.55,true,4,125,,
namak_mirch_paratha,Namak Mirch Paratha,1,7.1,0.4,1.0,0.1,0.8,0.2,true,1,20,,
onion_paratha,Onion Paratha,1,898.0,33.5,173.5,13.5,24.2,15.84,true,16,585,,
cabbage_paratha,Cabbage Paratha,2,439.7,16.3,86.0,6.5,9.1,4.77,true,13,343,,
jowar_paratha,Jowar Paratha,2,461.0,14.7,91.7,2.5,14.1,8.1,true,13,390,,
onion_lachha_paratha_crisp_soft,Onion Lachha Paratha Crisp & Soft,2,482.9,15.9,98.4,5.8,9.4,6.43,true,12,289,,
tomato_onion_paratha,Tomato Onion Paratha,2,695.3,26.0,134.9,16.5,16.9,9.42,true,16,494,,
bun_parotta,Bun Parotta,2,538.6,15.9,113.6,26.7,4.2,2.71,true,5,218,,
achari_paratha,Achari Paratha,2,650.6,20.8,124.0,10.6,15.8,7.48,true,14,239,,
chutney_paratha,Chutney Paratha,2,410.9,15.2,80.0,14.6,9.0,8.52,true,16,302,,
masala_lachha_paratha,Masala Lachha Paratha,2,506.7,15.7,87.7,22.3,3.9,3.07,true,10,300,,
parotta,Parotta,2,581.1,17.3,122.4,14.0,5.5,3.09,true,5,218,,
dahi_paratha,Dahi Paratha,1,745.4,23.7,153.8,27.7,9.3,8.18,true,12,586,,
sweet_potato_paratha,Sweet Potato Paratha,2,491.8,16.6,97.7,2.7,8.1,3.61,true,10,296,,
bread_paratha,Bread Paratha,2,205.9,9.6,37.5,1.0,14.3,3.64,true,14,322,,
garlic_paratha,Garlic Paratha,2,548.7,16.6,114.8,14.1,5.3,3.51,true,8,245,,
tomato_paratha,Tomato Paratha,1,628.8,21.6,124.7,15.7,14.9,9.15,true,13,588,,
pizza_paratha,Pizza Paratha,3,393.3,10.1,60.4,16.0,6.0,2.38,true,11,381,,
drumstick_soup,Drumstick Soup,1,311.1,24.0,39.2,4.8,25.3,15.98,true,16,438,,
cream_of_mushroom_soup,Cream Of Mushroom Soup,2,140.3,14.0,16.5,1.6,12.6,2.34,true,11,444,,
almond_soup,Almond Soup,1,364.4,20.1,22.7,20.0,32.2,5.55,true,14,570,,
ragi_soup,Ragi Soup,2,222.3,10.8,37.7,5.7,19.6,4.86,true,16,330,,
sabudana_soup,Sabudana Soup,1,76.3,4.6,9.5,5.9,9.8,3.71,true,14,448,,
home_remedy_for_flu,Home Remedy For Flu,2,526.3,18.5,68.1,22.7,28.7,11.78,true,20,497,,
weight_loss_soup,Weight Loss Soup,2,253.2,9.8,46.8,2.0,2.5,1.28,true,13,344,,
ginger_garlic_soup,Ginger Garlic Soup,2,243.4,6.9,47.8,7.7,5.9,2.04,true,14,428,,
cabbage_soup,Cabbage Soup,2,86.1,4.9,9.4,2.7,8.2,3.66,true,14,314,,
hot_and_sour_soup,Hot And Sour Soup,2,81.5,7.1,9.3,13.5,13.7,2.22,true,17,305,,
lemon_coriander_soup,Lemon Coriander Soup,1,108.9,6.9,13.0,10.1,13.0,6.24,true,15,328,,
bonda_soup,Bonda Soup,2,456.2,22.2,46.0,21.2,16.7,6.85,true,18,286,,
beetroot_soup,Beetroot Soup,1,182.0,8.0,32.4,1.2,12.2,3.16,true,11,510,,
,टमाटर शोरबा रेसिपी,2,367.3,18.1,54.4,70.8,27.3,15.84,true,16,450,,
momos_soup,Momos Soup,3,436.1,19.9,65.8,11.9,10.9,4.89,true,22,403,,
high_protein_salad,High Protein Salad,4,307.4,16.7,38.3,9.3,19.0,5.15,true,14,362,,
pineapple_salsa,Pineapple Salsa,1,88.1,5.1,10.7,1.3,10.2,5.98,true,12,365,,
laccha_salad,Laccha Salad,1,82.7,5.6,9.5,1.1,13.2,7.23,true,10,376,,
sprout_salad,Sprout Salad,1,63.3,4.3,7.2,1.2,8.1,5.44,true,16,426,,
corn_salad,Corn Salad,1,114.3,4.8,17.3,2.1,9.6,3.48,true,5,202,,
tambli,Tambli,1,287.0,7.0,11.2,27.9,13.8,4.63,true,14,427,,
onion_tomato_raita,Onion Tomato Raita,1,0.0,0.0,0.0,0.0,0.0,0.0,true,1,240,,
pudina_raita,Pudina Raita,1,6.5,0.3,0.5,0.4,0.6,0.44,true,3,245,,
coriander_leaves_tambli,Coriander Leaves Tambli,1,348.1,5.0,6.1,38.3,10.0,2.67,true,7,121,,
spring_onion_tambuli,Spring Onion Tambuli,1,326.8,8.4,12.0,31.0,19.2,8.14,true,8,508,,
udnittu,Udnittu,1,154.4,10.5,22.9,10.2,6.0,2.45,true,7,318,,
palak_tambli,Palak Tambli,1,94.4,6.0,9.5,7.3,9.7,12.94,true,9,562,,
bellulli_tambli,Bellulli Tambli,1,89.2,4.6,11.4,6.6,7.6,2.05,true,9,300,,
inji_puli,Inji Puli,1,326.2,9.7,59.6,42.6,18.6,8.47,true,13,349,,
vegetable_pickle,Vegetable Pickle,2,158.3,7.5,20.5,105.9,11.9,7.67,true,19,480,,
hari_mirch_adrak_lahsun_ka_achar,Hari Mirch Adrak Lahsun Ka Achar,2,252.7,11.6,32.8,56.5,15.0,5.89,true,16,412,,
lal_mirch_ka_achar,Lal Mirch Ka Achar,2,332.3,15.6,34.7,115.0,32.1,10.18,true,12,306,,
nimbu_ka_achar,Nimbu Ka Achar,2,92.2,2.8,14.2,27.7,6.0,1.13,true,8,359,,
gajar_mooli_ka_achar,Gajar Mooli Ka Achar,2,119.6,5.5,12.4,29.9,9.3,6.64,true,19,321,,
sirka_pyaz,Sirka Pyaz,5,90.6,6.6,10.3,0.9,16.3,9.61,true,9,400,,
garlic_pickle,Garlic Pickle,1,496.7,16.7,82.7,60.0,37.0,12.25,true,12,326,,
chilli_pickle,Chilli Pickle,1,144.4,5.6,10.8,57.1,10.0,5.91,true,12,284,,
urad_dal_ladoo,Urad Dal Ladoo,1,847.7,55.2,139.5,55.1,29.6,12.93,true,5,445,,
dates_halwa,Dates Halwa,4,828.8,21.7,75.7,73.8,10.3,8.48,true,7,238,,
horlicks_mysore_pak,Horlicks Mysore Pak,1,289.9,17.6,40.8,209.5,11.6,4.65,true,5,518,,horlick
sama_chawal_idli,Sama Chawal Idli,1,441.1,12.9,83.6,5.0,9.8,1.61,true,4,225,,
avarakkai_poriyal,Avarakkai Poriyal,3,245.9,19.4,13.8,19.3,43.2,19.59,true,9,387,,
oven_roasted_potatoes,Oven Roasted Potatoes,1,332.9,7.7,66.2,3.2,7.9,3.32,true,7,532,,
pumpkin_puree,Pumpkin Puree,2,140.2,13.4,15.1,2.4,7.2,17.79,true,2,375,,
baked_potato,Baked Potato,1,322.6,6.5,61.7,4.8,7.0,2.33,true,3,510,,
edamame_recipes,Edamame Recipes,1,368.1,17.9,46.8,35.7,20.4,2.46,true,11,572,,edamame
vegetable_au_gratin,Vegetable Au Gratin,4,214.6,10.5,28.3,6.1,8.1,3.29,true,19,383,,
green_salad,Green Salad,3,127.6,6.4,13.1,4.9,7.7,9.01,true,12,458,,
homemade_refried_beans,Homemade Refried Beans,1,282.5,17.5,40.3,4.8,17.7,8.72,true,11,201,,
banoffee_pie,Banoffee Pie,5,732.4,20.0,106.1,23.6,12.2,4.47,true,7,303,,or 12 to 14 digestive biscuit
hot_chocolate,Hot Chocolate,3,730.7,17.2,121.2,18.6,15.3,5.4,true,4,235,,
korean_banana_milk,Korean Banana Milk,1,359.8,9.1,48.9,13.8,2.8,0.84,true,5,428,,
pico_de_gallo,Pico De Gallo,1,514.1,31.3,71.8,9.6,26.2,11.0,true,7,294,,cilantro -
chocolate_chip_ice_cream,Chocolate Chip Ice Cream,1,541.6,19.6,80.1,24.5,3.2,3.63,true,5,298,,
mushroom_barley_soup,Mushroom Barley Soup,2,822.4,52.0,115.1,14.8,40.3,15.9,true,15,482,,
fruit_salad_with_ice_cream,Fruit Salad With Ice Cream,6,207.8,4.6,34.8,6.4,7.8,1.08,true,7,404,,
fresh_pomegranate_juice_anar_juice,Fresh Pomegranate Juice (Anar Juice),1,46.8,1.1,9.8,0.1,2.4,0.26,true,2,100,,
bruschetta,Bruschetta,1,157.2,4.8,20.2,6.1,1.3,0.41,true,6,211,,of a baguette
banana_smoothie,Banana Smoothie,2,571.3,8.9,40.8,41.3,11.7,3.24,true,4,233,,
creamed_spinach,Creamed Spinach,4,173.4,9.6,26.9,2.3,10.9,9.76,true,8,384,,
cream_of_tomato_soup,Cream Of Tomato Soup,4,717.5,26.7,38.8,50.1,12.1,10.0,true,10,346,,
cherry_cobbler,Cherry Cobbler,2,353.4,16.6,47.5,10.0,10.4,3.72,true,8,411,,
lentil_soup,Lentil Soup,2,225.0,10.6,23.1,5.5,10.1,4.86,true,15,391,,
pesto_pizza_whole_wheat,Pesto Pizza (Whole Wheat),4,529.0,11.4,61.0,27.8,11.2,4.09,true,17,396,,pesto sauce
pomegranate_smoothie,Pomegranate Smoothie,2,733.4,21.5,26.7,60.0,19.1,5.31,true,3,382,,
tomato_pie,Tomato Pie,3,341.4,6.7,26.2,22.8,3.1,1.01,true,17,420,,pie dough
roasted_brussels_sprouts,Roasted Brussels Sprouts,1,157.4,11.4,15.2,5.4,11.1,4.08,true,8,334,,sage
caesar_salad,Caesar Salad,2,384.2,3.0,9.1,38.2,1.7,1.99,true,15,435,,
waldorf_salad,Waldorf Salad,2,534.2,5.4,38.7,39.1,7.8,2.16,true,9,447,,
cherry_smoothie,Cherry Smoothie,1,772.9,21.3,35.7,60.4,17.2,5.37,true,4,332,,
zucchini_bread,Zucchini Bread,2,477.4,16.1,54.7,50.3,11.5,4.15,true,15,279,,
french_onion_soup,French Onion Soup,3,143.9,7.1,22.8,1.0,8.2,4.71,true,12,405,,
homemade_tahini,Homemade Tahini,1,408.0,27.1,68.6,103.5,14.9,6.43,true,3,270,,
strawberry_milk,Strawberry Milk,5,757.4,22.8,6.6,71.7,16.0,5.62,true,5,196,,
greek_salad,Greek Salad,3,349.2,7.9,20.8,27.8,4.2,1.77,true,10,365,,
baba_ganoush,Baba Ganoush,2,466.8,43.3,9.0,27.8,0.8,0.48,true,12,359,,or 2 eggplant; tahini
apple_salad,Apple Salad,2,501.3,6.3,40.0,34.4,9.4,2.54,true,10,419,,
chimichanga,Chimichanga,4,552.2,24.7,88.0,10.6,11.4,5.04,true,18,409,,
fig_smoothie_banana_fig_smoothie,Fig Smoothie (Banana Fig Smoothie),2,591.9,9.8,59.7,33.4,21.9,3.67,true,4,435,,
pita_bread,Pita Bread,2,511.1,16.3,99.5,4.2,17.2,6.07,true,6,195,,
patatas_bravas,Patatas Bravas,2,292.9,4.4,34.4,65.8,5.3,1.66,true,17,380,,
panna_cotta,Panna Cotta,2,656.9,21.6,132.0,3.0,22.9,8.1,true,5,278,,
tom_yum_soup,Tom Yum Soup,3,341.3,20.7,54.7,10.3,14.7,5.9,true,15,390,,
tomato_ketchup,Tomato Ketchup,9,272.9,10.4,45.0,4.3,21.9,5.7,true,9,384,,sodium benzoate
lemon_muffins_eggless_whole_wheat,"Lemon Muffins (Eggless, Whole Wheat)",1,433.1,11.7,68.0,9.9,11.5,4.15,true,7,352,,
gingerbread_cookies,Gingerbread Cookies,1,744.3,24.2,143.5,6.3,23.5,8.3,true,10,404,,molasse
fruit_biscuits,Fruit Biscuits,2,472.0,12.5,94.6,4.5,11.5,4.12,true,6,281,,
mango_falooda,Mango Falooda,5,329.7,8.1,44.1,13.3,3.2,0.79,true,11,365,,
mango_kulfi_quick_no_cook,"Mango Kulfi (Quick, No Cook",1,395.3,12.3,40.2,20.3,4.3,1.18,true,4,512,,
kulfi_falooda,Kulfi Falooda,1,748.5,23.1,69.0,41.8,7.1,4.7,true,6,378,,kulfi
cr_me_br_l_e,Crème Brûlée,1,391.0,8.9,66.9,8.9,2.9,3.23,true,5,300,,
apple_halwa,Apple Halwa,7,799.0,22.9,33.2,69.2,13.4,6.72,true,8,304,,
besan_ka_halwa,Besan Ka Halwa,6,842.8,32.2,24.3,77.1,17.7,6.92,true,7,249,,
kashi_halwa,Kashi Halwa,8,844.8,27.3,38.1,72.9,6.7,8.75,true,8,247,,
ragi_ladoo,Ragi Ladoo,1,835.1,12.9,184.4,71.1,17.6,11.67,true,4,375,,
moong_dal_laddu,Moong Dal Laddu,1,541.9,17.2,101.5,52.3,49.1,17.7,true,4,580,,
badam_laddu,Badam Laddu,1,543.0,20.1,98.9,5.7,36.9,14.94,true,3,230,,
coconut_cookies,Coconut Cookies,1,801.6,15.9,132.5,72.9,18.3,8.58,true,9,311,,
bread,Bread,1,40.9,1.4,3.2,15.3,0.0,0.06,true,6,75,,
brown_bread,Brown Bread,2,527.1,15.9,110.0,14.2,7.5,3.55,true,7,202,,
mushroom_stir_fry,Mushroom Stir Fry,2,646.4,43.4,106.4,25.1,28.4,13.78,true,9,384,,
mushroom_do_pyaza,Mushroom Do Pyaza,2,74.8,6.8,7.9,20.3,10.1,4.83,true,12,366,,
saut_ed_mushrooms,Sautéed Mushrooms,2,118.1,9.9,8.9,4.2,8.1,2.21,true,7,315,,
instant_pot_aloo_gobi_curry,Instant Pot Aloo Gobi (Curry),3,129.3,9.0,18.9,13.9,10.4,6.51,true,14,395,,
aloo_chole,Aloo Chole,10,313.7,11.5,59.1,5.1,13.1,4.92,true,17,398,,
palak_chole,Palak Chole,5,227.6,13.9,31.6,21.9,19.0,12.16,true,20,426,,
khamang_kakdi_maharashtrian_kakdi_koshimbir,Khamang Kakdi (Maharashtrian Kakdi Koshimbir),3,225.9,17.5,13.8,13.7,39.7,19.5,true,10,392,,
kosambari,Kosambari,2,298.3,20.1,15.9,19.5,45.2,22.14,true,10,457,,
mango_salad,Mango Salad,1,89.1,3.2,15.7,0.8,7.9,3.96,true,6,248,,
garlic_rasam_poondu_rasam,Garlic Rasam (Poondu Rasam),3,298.7,26.4,30.2,5.4,55.6,25.82,true,15,429,,
tomato_shorba,Tomato Shorba,1,77.5,4.7,10.2,7.8,6.8,3.94,true,11,362,,
milagu_rasam_pepper_rasam,Milagu Rasam (Pepper Rasam),1,353.0,19.3,46.2,8.3,36.1,11.22,true,15,398,,
majjige_saaru,Majjige Saaru,6,466.2,48.0,28.1,12.7,93.6,24.28,true,12,382,,
moong_dal_pitha,Moong Dal Pitha,2,291.0,7.6,48.0,11.6,1.9,2.48,true,8,344,,
chashni_wali_gujiya,Chashni Wali Gujiya,2,783.8,24.3,103.6,55.0,7.0,4.88,true,13,431,,
pista_badam_barfi,Pista Badam Barfi,2,519.5,24.0,29.7,35.7,11.7,4.63,true,8,218,,
ash_gourd_halwa,Ash Gourd Halwa,5,756.9,24.6,34.7,67.9,7.5,7.96,true,6,282,,
coconut_barfi,Coconut Barfi,3,696.4,15.5,27.6,60.1,16.2,3.91,true,6,215,,
til_chikki,Til Chikki,1,451.3,2.4,108.2,4.5,0.0,5.9,true,3,305,,
hayagreeva,Hayagreeva,5,774.6,24.2,60.3,53.3,10.2,8.68,true,8,190,,
carrot_burfi,Carrot Burfi,2,272.3,8.6,23.4,28.1,12.4,2.32,true,6,488,,
paan_kulfi,Paan Kulfi,1,693.6,32.5,79.0,26.6,14.1,6.34,true,9,451,,
kaju_pista_roll,Kaju Pista Roll,2,850.8,38.8,59.1,52.6,14.1,8.68,true,8,238,,
,सेब का हलवा रेसिपी,3,695.9,21.4,36.3,79.9,5.8,6.89,true,7,242,,
shahi_tukda_or_shahi_tukra,Shahi Tukda Or Shahi Tukra,3,314.1,10.8,24.8,32.0,0.2,0.53,true,7,412,,
suji_gulab_jamun,Suji Gulab Jamun,3,403.3,13.8,53.9,15.8,5.2,1.93,true,9,414,,
bread_rasmalai,Bread Rasmalai,1,267.6,9.9,22.5,15.4,5.4,0.74,true,5,448,,
lauki_ka_halwa,Lauki Ka Halwa,4,708.0,21.8,24.1,71.2,9.3,6.14,true,9,386,,
,घेवर रेसिपी,1,367.9,10.7,70.0,24.0,4.8,2.48,true,7,272,,
instant_jalebi,Instant Jalebi,1,187.3,5.5,39.2,13.2,2.0,1.3,true,11,239,,
ghee_mysore_pak,Ghee Mysore Pak,1,335.6,22.0,47.7,209.4,15.5,6.2,true,4,510,,
instant_malpua,Instant Malpua,2,387.8,12.4,59.8,10.6,2.8,1.57,true,8,332,,
,खाजा रेसिपी,1,195.6,5.5,36.6,86.0,3.6,1.7,true,6,298,,
aate_ka_halwa,Aate Ka Halwa,1,361.7,10.7,76.3,204.8,3.1,1.89,true,5,511,,
rava_kheer,Rava Kheer,2,396.9,12.4,42.8,25.8,3.0,2.57,true,7,319,,
gajar_ka_halwa,Gajar Ka Halwa,4,789.0,24.7,41.4,61.1,22.5,9.72,true,7,295,,
paal_poli,Paal Poli,3,538.7,17.1,73.9,19.0,3.9,2.2,true,7,353,,
mango_phirni,Mango Phirni,3,353.7,11.5,33.4,19.3,1.0,0.96,true,6,391,,
custard_powder_halwa,Custard Powder Halwa,2,652.3,20.5,33.8,61.0,5.8,6.47,true,6,260,,
vermicelli_cutlet,Vermicelli Cutlet,1,484.9,14.2,99.2,10.4,14.4,5.33,true,15,511,,
sabudana_thalipeeth,Sabudana Thalipeeth,1,271.4,8.5,52.1,2.2,10.2,5.12,true,11,528,,
bombay_mixture_namkeen,Bombay Mixture Namkeen,2,648.3,36.5,92.5,26.0,21.3,11.55,true,12,258,,
peanut_sundal,Peanut Sundal,1,316.8,6.8,11.3,39.9,12.7,3.11,true,10,320,,
nuchinunde,Nuchinunde,2,487.1,21.8,45.0,23.6,18.0,7.01,true,10,182,,
suji_snacks,Suji Snacks,1,793.9,27.2,162.3,27.3,23.8,7.52,true,8,320,,
hariyali_sabudana_khichdi,Hariyali Sabudana Khichdi,1,65.6,2.6,9.9,7.5,4.0,2.71,true,12,320,,
bread_balls,Bread Balls,1,241.5,6.7,48.4,1.4,8.5,5.6,true,10,571,,
bonda,Bonda,1,690.0,39.6,84.9,19.2,24.8,9.87,true,7,262,,
ratlami_sev,Ratlami Sev,2,547.3,31.7,82.5,21.2,30.2,12.22,true,17,230,,
dudhi_na_muthiya,Dudhi Na Muthiya,2,498.8,15.4,83.3,17.0,9.8,5.56,true,21,351,,
gathiya,Gathiya,1,678.7,44.3,96.6,113.0,31.1,12.6,true,8,365,,
aam_panna,Aam Panna,1,51.5,2.8,7.7,0.7,5.4,4.31,true,8,140,,
aloo_ke_kabab,Aloo Ke Kabab,2,185.4,5.9,36.3,1.1,7.3,4.37,true,18,371,,
avalakki_bisi_bele_bath,Avalakki Bisi Bele Bath,4,881.6,32.2,74.6,52.8,16.2,10.59,true,15,346,,
mukhwas,Mukhwas,1,710.2,31.7,68.4,32.6,22.5,15.02,true,12,300,,
sabji_masala,Sabji Masala,1,511.2,16.8,33.8,41.0,47.3,25.43,true,13,502,,
ragi_porridge,Ragi Porridge,1,391.6,8.6,82.7,2.0,10.2,5.39,true,3,185,,
homemade_ubtan_face_mask,Homemade Ubtan Face Mask,4,775.7,25.6,25.8,63.4,19.0,11.5,true,11,200,,
homemade_horlicks,Homemade Horlicks,2,654.0,21.1,98.6,19.8,23.9,9.21,true,7,329,,
home_remedies_for_back_pain,Home Remedies For Back Pain,5,852.9,22.1,122.1,39.8,20.1,9.18,true,20,307,,
flaxseed_hair_gel,Flaxseed Hair Gel,1,342.2,11.5,37.7,40.9,18.9,16.01,true,8,210,,
beetroot_face_pack,Beetroot Face Pack,1,114.6,3.1,23.8,0.5,3.0,2.5,true,9,158,,
tan_removal_home_remedies_10_ways,Tan Removal Home Remedies 10 Ways,1,285.2,11.1,45.2,13.5,12.8,14.83,true,19,446,,
mehandi_hair_pack,Mehandi Hair Pack,2,160.6,4.5,24.3,208.3,5.9,11.93,true,9,392,,henna
homemade_body_scrub,Homemade Body Scrub,1,130.2,4.8,24.5,13.8,3.8,2.21,true,14,221,,
onion_hair_oil,Onion Hair Oil,2,65.3,4.7,4.7,130.1,10.4,6.12,true,6,318,,
nuts_powder,Nuts Powder,4,727.3,18.8,83.3,34.6,19.0,8.14,true,13,279,,
curry_leaves_hair_oil,Curry Leaves Hair Oil,2,85.9,9.9,6.0,129.0,22.1,11.78,true,4,375,,
ghee,Ghee,4,341.1,11.7,26.7,21.0,0.0,0.51,true,2,376,,
homemade_bread_crumbs,Homemade Bread Crumbs,1,547.8,17.0,86.3,13.8,7.8,1.85,true,4,580,,rusk
how_to_freeze_vegetables_at_home,How To Freeze Vegetables At Home,1,0.0,0.0,0.0,0.0,0.0,0.0,true,3,5,,
protein_powder,Protein Powder,3,642.8,20.4,17.1,55.1,10.1,5.58,true,10,211,,
onion_powder,Onion Powder,4,897.0,35.5,155.0,12.5,23.7,19.15,true,3,425,,
custard_powder,Custard Powder,8,829.1,27.5,49.3,57.9,13.2,6.55,true,12,326,,
instant_breakfast_mix,Instant Breakfast Mix,6,776.7,26.0,91.3,37.5,13.9,7.66,true,11,221,,
homemade_cerelac,Homemade Cerelac,3,874.3,27.1,58.4,58.9,16.9,8.04,true,6,218,,
milkmaid,Milkmaid,2,329.0,11.3,25.9,20.2,0.1,0.52,true,5,438,,
cheese,Cheese,1,13.4,0.0,0.6,0.0,0.0,0.0,true,2,75,,
badam_powder,Badam Powder,1,718.3,22.5,51.9,46.3,28.2,10.67,true,5,299,,
aam_papad,Aam Papad,1,127.7,1.8,27.5,2.4,7.9,1.11,true,4,334,,
tutti_frutti,Tutti Frutti,2,51.0,1.1,9.4,0.5,4.8,0.43,true,5,400,,
,दही कैसे बनाएं,1,454.8,15.6,35.7,28.0,0.0,0.68,true,3,525,,
chai_tea_mix,Chai Tea Mix,1,425.8,13.5,53.6,16.9,15.3,30.39,true,10,415,,
green_chilli_pickle,Green Chilli Pickle,4,189.2,6.5,8.9,60.4,7.1,4.29,true,6,352,,
pickled_onions_vinegar_onion,Pickled Onions (Vinegar Onion),9,86.0,6.8,9.9,0.9,17.2,10.21,true,4,389,,
chunda,Chunda,1,53.1,1.2,10.1,0.6,3.9,0.91,true,5,330,,
aam_ka_murabba,Aam Ka Murabba,2,508.5,15.8,95.8,5.0,45.5,16.1,true,4,388,,
avakaya,Avakaya,5,305.7,10.5,30.5,14.7,14.9,9.54,true,8,437,,
star_gooseberry_pickle,Star Gooseberry Pickle,2,182.3,6.9,31.4,3.6,11.7,3.43,true,8,305,,
amla_ka_achar,Amla Ka Achar,1,372.5,14.1,47.9,13.7,18.0,8.11,true,11,511,,
kadumanga_achar,Kadumanga Achar,3,226.6,20.5,21.8,4.1,46.9,23.6,true,9,432,,
turmeric_pickle_haldi_ka_achar,Turmeric Pickle (Haldi Ka Achar),1,653.7,16.9,104.6,11.8,45.4,98.1,true,3,430,,
red_chili_pickle_lal_mirch_ka_achar,Red Chili Pickle (Lal Mirch Ka Achar),2,664.8,32.8,76.5,79.7,58.8,22.57,true,9,368,,
bitter_gourd_pickle,Bitter Gourd Pickle,2,118.5,6.2,15.1,27.2,9.8,2.7,true,8,334,,
naranga_achar_kerala_lemon_pickle,Naranga Achar (Kerala Lemon Pickle),5,164.5,12.8,9.0,3.1,26.9,14.1,true,15,374,,
no_oil_sweet_mango_pickle_aam_ka_meetha_achar,No Oil Sweet Mango Pickle (Aam Ka Meetha Achar),2,700.7,8.2,157.6,2.0,14.6,9.52,true,6,499,,
milk_masala_powder_masala_dudh_powder,Milk Masala Powder (Masala Dudh Powder),4,847.5,28.0,111.3,30.4,54.4,21.32,true,12,350,,
goda_masala,Goda Masala,7,568.2,22.4,75.1,19.2,46.1,16.55,true,19,420,,
chai_masala_powder_masala_tea_powder,Chai Masala Powder (Masala Tea Powder),2,385.9,10.7,45.0,15.9,14.5,5.93,true,10,308,,dry holy basil -
garam_masala,Garam Masala,7,655.3,38.7,99.2,9.9,21.4,13.03,true,14,379,,
bisi_bele_bath_powder,Bisi Bele Bath Powder,6,507.6,30.8,53.1,16.2,71.0,26.27,true,16,421,,
coriander_powder,Coriander Powder,1,343.0,13.6,16.5,22.3,57.1,22.49,true,1,150,,
amchur_powder,Amchur Powder,1,62.5,0.9,13.5,0.1,3.8,0.51,true,1,150,,
panch_phoron,Panch Phoron,1,419.1,19.2,42.0,18.1,21.0,14.53,true,5,135,,
chaat_masala,Chaat Masala,1,186.0,7.6,20.5,7.5,15.5,9.23,true,12,104,,
homemade_curry_leaves_powder_karuveppilai_podi,Homemade Curry Leaves Powder (Karuveppilai Podi),8,853.6,33.7,53.9,54.9,27.4,18.7,true,15,313,,
homemade_red_chilli_powder,Homemade Red Chilli Powder,1,100.7,5.4,12.5,2.7,13.2,2.65,true,1,50,,
homemade_sabji_masala,Homemade Sabji Masala,2,616.1,21.4,87.5,18.1,44.7,25.34,true,19,250,,
how_to_make_curd_or_dahi_indian_yogurt,How To Make Curd Or Dahi (Indian Yogurt),2,684.2,22.5,137.5,3.1,23.9,8.44,true,2,258,,
coconut_milk,Coconut Milk,3,663.0,7.7,8.5,67.2,16.9,3.33,true,2,125,,
khus_syrup,Khus Syrup,2,19.3,1.3,2.1,0.4,2.0,3.2,true,3,365,,
how_to_use_sabja_seeds_basil_seeds,How To Use Sabja Seeds (Basil Seeds),1,22.7,0.9,3.8,0.4,0.4,0.59,true,2,8,,
punjabi_wadi,Punjabi Wadi,2,483.3,32.7,69.1,6.9,34.6,11.84,true,6,196,,
chenna,Chenna,4,693.4,22.7,138.7,14.1,23.9,8.44,true,4,279,,saucepan
how_to_clean_banana_flower_vazhaipoo,How To Clean Banana Flower (Vazhaipoo),1,132.6,2.2,28.6,0.6,3.2,0.76,true,4,460,,
sabudana_papad,Sabudana Papad,1,27.4,1.2,1.9,1.4,2.6,1.75,true,5,165,,
how_to_make_ghee_homemade_ghee,How To Make Ghee (Homemade Ghee,1,0.0,0.0,0.0,0.0,0.0,0.0,true,1,500,,
pinwheel_sandwich,Pinwheel Sandwich,4,181.6,2.9,5.8,13.2,3.0,2.4,true,16,436,,
amritsari_chole,Amritsari Chole,2,401.4,21.5,60.1,38.7,30.0,13.18,true,18,415,,
kanji,Kanji,3,142.5,4.9,17.9,4.8,13.4,3.03,true,6,340,,
pindi_chole,Pindi Chole,1,743.0,30.1,126.7,36.3,35.1,21.02,true,14,442,,
samak_rice_pulao_barnyard_millet,Samak Rice Pulao (Barnyard Millet,13,883.9,31.5,45.2,65.6,24.2,14.33,true,17,280,,
methi_chole,Methi Chole,9,859.0,48.8,100.1,27.1,63.7,19.28,false,22,387,,or 4 tablespoon oil
singhare_ki_puri,Singhare Ki Puri,3,638.4,21.0,127.5,6.1,23.1,8.37,true,6,292,,
rajgira_puri,Rajgira Puri,1,797.6,31.3,137.5,11.9,16.1,19.61,true,3,360,,
rajgira_roti,Rajgira Roti,1,439.5,15.6,79.2,5.5,11.5,9.25,true,6,382,,
sattu_drink,Sattu Drink,1,286.8,15.1,45.0,4.0,0.1,0.1,true,4,241,,
kuttu_ki_poori,Kuttu Ki Poori,1,765.3,22.7,159.9,2.2,7.7,4.5,true,5,482,,
kuttu_ka_paratha,Kuttu Ka Paratha,1,746.0,24.6,148.8,3.8,27.5,10.13,true,6,430,,
rose_milkshake,Rose Milkshake,1,538.3,15.1,59.6,26.9,0.1,0.67,true,5,538,,
sama_chawal_khichdi,Sama Chawal Khichdi,1,518.6,15.9,96.4,31.7,14.1,4.52,true,9,305,,
nimbu_pani,Nimbu Pani,2,80.8,7.4,4.5,1.6,9.2,13.07,true,10,349,,
rajgira_kheer,Rajgira Kheer,9,892.8,28.9,57.5,60.5,15.1,11.6,true,7,247,,
vrat_ki_kadhi,Vrat Ki Kadhi,1,159.0,7.5,24.8,28.4,5.6,6.16,true,9,379,,
arbi_curry,Arbi Curry,4,119.7,9.0,11.2,10.0,14.8,8.9,true,11,353,,
gond_ka_sharbat,Gond Ka Sharbat,3,526.5,10.1,81.3,18.0,0.0,0.44,true,5,428,,gond katira
sweet_potato_chaat_shakarkandi_chaat,Sweet Potato Chaat (Shakarkandi Chaat),1,444.2,18.9,74.8,6.2,15.0,2.55,true,5,541,,
wood_apple_juice,Wood Apple Juice,1,649.0,7.1,140.4,5.1,7.4,8.07,true,6,333,,
vermicelli_biryani,Vermicelli Biryani,3,838.2,28.8,163.8,7.1,35.3,13.08,true,20,422,,
fruit_lassi,Fruit Lassi,4,470.9,13.9,92.7,3.4,29.7,10.29,true,8,414,,
vengaya_sambar,Vengaya Sambar,5,362.0,34.2,30.8,12.0,65.4,23.2,true,14,381,,
kerala_sambar,Kerala Sambar,14,300.5,12.1,39.4,11.2,20.8,5.2,true,22,395,,
filter_coffee,Filter Coffee,1,492.7,16.2,99.0,2.2,17.2,6.07,true,4,190,,
brinjal_sambar_kathirikai_sambar,Brinjal Sambar (Kathirikai Sambar),8,280.8,23.5,27.8,17.4,48.1,23.56,false,15,416,,
paruppu_rasam_dal_rasam,Paruppu Rasam (Dal Rasam),6,522.1,51.0,34.5,16.9,101.9,28.34,false,15,420,,
jackfruit_shake,Jackfruit Shake,6,799.5,21.4,37.5,62.9,10.4,7.36,true,6,194,,
black_channa_sundal_kondakadalai_sundal,Black Channa Sundal (Kondakadalai Sundal),5,248.2,18.4,16.9,9.9,38.4,18.01,true,12,366,,
pineapple_rasam,Pineapple Rasam,4,308.4,24.6,32.0,11.6,52.3,21.99,false,14,397,,
sulaimani_tea,Sulaimani Tea,3,167.9,14.2,19.8,2.4,21.6,24.22,true,7,351,,
ugadi_pachadi,Ugadi Pachadi,1,145.8,1.7,33.2,0.3,3.1,1.97,true,7,124,,
nannari_sarbath,Nannari Sarbath,3,225.2,3.7,33.2,8.0,6.2,13.09,true,7,335,,nannari syrup
pumpkin_sambar,Pumpkin Sambar,4,344.4,28.9,37.9,6.1,54.5,30.01,true,12,420,,
jeera_rasam_pepper_cumin_rasam,Jeera Rasam (Pepper Cumin Rasam),3,284.5,25.4,27.1,16.4,54.8,25.69,true,13,416,,
majjiga,Majjiga,2,256.5,22.5,28.5,5.7,48.5,28.11,true,9,494,,
rice_pancake,Rice Pancake,2,455.2,12.1,95.3,1.6,9.9,6.19,true,11,269,,
rice_paddu,Rice Paddu,2,426.7,11.6,88.9,1.5,10.1,6.23,true,9,318,,
suji_ka_nashta,Suji Ka Nashta,2,320.7,14.6,59.7,5.5,20.3,5.0,true,14,384,,
bread_medu_vada,Bread Medu Vada,1,360.7,11.8,70.9,2.1,13.1,8.48,true,10,556,,
pizza_bread,Pizza Bread,1,6.7,0.4,1.0,0.1,0.5,0.13,true,5,105,,
bread_dhokla,Bread Dhokla,1,348.9,11.0,56.8,16.0,11.2,4.46,true,19,422,,
dates_ladoo,Dates Ladoo,2,692.4,15.0,58.4,50.4,14.2,6.11,true,6,179,,
instant_chole_bhature,Instant Chole Bhature,2,783.5,30.3,150.8,11.1,24.1,7.97,true,7,401,,
dhokla_in_microwave,Dhokla In Microwave,1,629.1,29.0,70.4,32.7,25.3,10.21,true,18,266,,
instant_poha,Instant Poha,5,873.3,27.4,58.5,63.7,7.8,10.1,true,15,218,,
ghee_biscuits,Ghee Biscuits,1,565.8,16.8,115.8,104.8,4.2,2.75,true,6,480,,
dal_papdi,Dal Papdi,2,453.8,13.8,91.1,15.3,8.8,7.62,true,11,238,,
lachha_namak_para,Lachha Namak Para,2,545.5,16.4,114.4,14.1,5.1,3.74,true,8,212,,
popcorn,Popcorn,1,79.5,2.3,10.7,28.4,0.2,0.49,true,9,215,,popcorn
steamed_bun,Steamed Bun,3,421.8,12.4,78.0,14.3,6.0,3.36,true,15,364,,
potato_murukku,Potato Murukku,2,608.2,20.5,118.0,4.5,13.8,8.91,true,9,312,,
aloo_papdi,Aloo Papdi,2,470.8,13.9,98.8,20.2,6.0,3.0,true,9,266,,
kaju_namak_para,Kaju Namak Para,1,818.5,24.7,170.3,28.0,9.8,5.37,true,9,314,,
rice_papdi,Rice Papdi,1,876.6,25.5,176.2,43.7,18.5,15.85,true,12,462,,
haldiram_namkeen,Haldiram Namkeen,1,635.6,43.8,90.5,9.0,33.6,12.44,true,13,538,,
rava_shankarpali,Rava Shankarpali,2,506.8,16.9,101.8,27.9,12.4,4.08,true,7,279,,
ulundu_murukku,Ulundu Murukku,2,668.8,27.9,127.3,16.1,14.0,9.61,true,8,246,,
potato_chips,Potato Chips,3,125.8,3.2,25.7,0.7,3.6,1.18,true,4,442,,
chegodilu,Chegodilu,1,364.1,7.7,78.8,5.5,3.8,5.04,true,9,160,,
chocolate_cookies,Chocolate Cookies,2,143.5,6.3,30.0,3.2,0.7,0.49,true,9,302,,
dry_fruit_chikki,Dry Fruit Chikki,2,871.3,22.5,70.6,57.3,9.9,9.32,true,8,221,,
mullu_murukku,Mullu Murukku,2,852.2,19.1,114.9,34.1,15.6,8.47,true,8,271,,
banana_chips,Banana Chips,1,194.7,2.3,43.5,0.7,4.2,1.66,true,4,202,,
tomato_sev,Tomato Sev,1,872.0,48.7,137.7,11.7,34.2,15.94,true,9,420,,
verki_puri,Verki Puri,1,566.6,17.1,117.1,31.9,5.8,3.98,true,8,228,,
lahsun_sev,Lahsun Sev,1,723.9,46.7,104.6,49.3,33.1,13.45,true,9,334,,
aate_ki_chakli,Aate Ki Chakli,1,824.3,23.7,172.6,2.6,8.0,6.11,true,7,281,,
gluten_free_bread,Gluten Free Bread,1,780.9,32.3,142.4,7.0,21.9,11.8,true,10,368,,
raisin_bread,Raisin Bread,2,821.0,22.7,158.8,25.0,5.9,5.37,true,9,418,,
homemade_garlic_bread,Homemade Garlic Bread,1,616.8,19.5,121.2,9.0,6.1,4.28,true,8,325,,
wheat_bread,Wheat Bread,3,641.2,19.2,125.7,14.2,4.5,2.97,true,9,291,,
oat_cookies,Oat Cookies,2,412.0,10.1,83.9,3.0,5.6,5.57,true,11,366,,choc bit
nimki,Nimki,1,724.5,21.4,152.0,27.4,6.3,4.05,true,5,275,,
chocolate_chip_cookies,Chocolate Chip Cookies,1,862.1,16.1,139.7,26.3,3.1,1.93,true,9,395,,
aloo_lachha_namkeen,Aloo Lachha Namkeen,1,629.6,15.8,65.7,32.8,17.8,6.56,true,11,524,,
biscuit,Biscuit,1,402.7,12.1,79.5,3.3,3.1,1.96,true,8,279,,
palak_chakli,Palak Chakli,2,493.7,16.2,96.9,3.4,10.1,7.2,true,8,179,,
pizza_bombs,Pizza Bombs,3,260.4,8.7,47.4,3.3,6.9,2.27,true,16,345,,
ajwain_leaves_benefits_uses,Ajwain Leaves Benefits & Uses,1,17.8,0.8,3.0,0.2,0.4,0.42,true,5,262,,
jal_jeera,Jal Jeera,1,152.5,7.9,16.7,5.4,13.3,12.28,true,11,181,,
mohabbat_ka_sharbat,Mohabbat Ka Sharbat,4,274.9,9.0,28.2,14.0,1.2,1.08,true,5,384,,
ragi_milk,Ragi Milk,2,541.0,11.1,96.8,10.8,16.3,7.22,true,8,236,,
custard_sarbath,Custard Sarbath,3,446.1,13.7,40.4,25.6,3.2,1.93,true,11,435,,
homemade_cappuccino_without_machine_in_mixer_blender,Homemade Cappuccino Without Machine In Mixer Blender,1,179.1,4.9,31.4,3.2,13.6,29.38,true,3,150,,
paan_shots,Paan Shots,2,487.6,23.1,71.2,11.1,24.4,10.17,true,7,274,,
mint_sharbat,Mint Sharbat,1,98.0,7.7,9.1,1.7,10.5,12.07,true,12,390,,
hyderabadi_dum_chai,Hyderabadi Dum Chai,2,585.5,19.1,85.3,17.5,32.4,16.97,true,9,420,,
khus_khus_sharbat,Khus Khus Sharbat,3,523.0,17.9,42.9,30.8,10.8,4.62,true,10,421,,
muskmelon_juice,Muskmelon Juice,3,390.1,12.8,36.2,21.5,3.1,2.32,true,10,334,,muskmelon
gur_ka_sharbat,Gur Ka Sharbat,2,508.9,4.9,117.1,1.4,2.3,8.21,true,8,179,,
vegetable_juice,Vegetable Juice,1,78.3,2.0,12.9,0.8,6.8,1.02,true,6,275,,
high_calcium_drinks,High Calcium Drinks,3,648.3,13.5,113.9,14.2,20.8,7.84,true,11,375,,
shikanji,Shikanji,1,690.8,23.9,115.6,12.4,61.5,26.45,true,6,310,,
milk_sharbat,Milk Sharbat,1,477.1,16.5,15.2,39.0,7.5,3.91,true,6,205,,
roohafza_sharbat,Roohafza Sharbat,2,63.0,3.0,9.8,0.5,3.8,5.48,true,9,410,,
good_night_drinks_4_ways,Good Night Drinks 4 Ways,2,699.0,19.8,76.0,35.5,22.1,8.29,true,14,434,,
3_fat_burning_drink,3 Fat Burning Drink,1,116.7,3.8,9.6,3.5,4.8,3.82,true,8,172,,
custard_milkshake,Custard Milkshake,3,555.0,16.0,50.5,32.2,4.8,2.16,true,9,448,,
chai_masala_powder,Chai Masala Powder,2,729.7,27.2,108.9,19.4,17.8,18.78,true,13,363,,
avocado_smoothie,Avocado Smoothie,1,330.0,9.5,28.9,19.5,4.8,0.88,true,5,400,,
kashaya,Kashaya,2,551.6,17.9,85.0,13.5,49.2,21.07,true,10,261,,
mango_frooti,Mango Frooti,1,156.2,2.2,33.8,0.3,9.6,1.27,true,4,450,,
kokum_juice,Kokum Juice,1,10.2,0.5,1.1,0.4,0.7,0.54,true,5,304,,
chai,Chai,1,893.6,34.0,150.7,15.2,33.6,27.01,true,7,375,,
nimbu_paani,Nimbu Paani,1,216.9,10.8,34.2,1.9,13.4,18.61,true,10,466,,
farali_pattice,Farali Pattice,2,373.9,8.9,39.4,19.5,8.5,6.02,true,12,342,,
kuttu_ki_khichdi,Kuttu Ki Khichdi,1,318.9,9.5,52.7,19.7,6.4,3.77,true,12,500,,buckwheat groat
panchamrut,Panchamrut,1,321.4,26.4,32.3,20.3,26.1,13.73,true,7,500,,
dry_fruit_milkshake,Dry Fruit Milkshake,5,695.8,12.1,121.1,16.7,16.2,6.05,true,8,370,,
mint_juice,Mint Juice,2,461.2,5.5,104.8,1.0,4.4,11.51,true,6,228,,
capsicum_besan,Capsicum Besan,2,498.5,35.7,78.2,3.2,17.4,8.08,true,15,248,,
paper_dosa,Paper Dosa,2,700.6,23.0,141.8,2.7,12.5,8.98,true,8,241,,
mosambi_juice,Mosambi Juice,2,324.8,13.9,54.7,4.7,11.3,2.01,true,5,392,,
chikoo_milkshake,Chikoo Milkshake,5,377.8,12.3,37.2,19.9,0.0,0.36,true,3,399,,chikoo
piyush_drink,Piyush Drink,5,822.2,33.1,49.3,54.4,21.6,8.63,true,8,391,,shrikhand
chocolate_milkshake,Chocolate Milkshake,3,689.1,21.6,130.2,10.6,19.1,6.75,true,6,252,,
homemade_badam_milk_with_saffron_amp_cardamom,Homemade Badam Milk With Saffron &Amp; Cardamom,12,832.0,25.4,13.7,75.4,19.5,6.93,true,6,212,,
jigarthanda,Jigarthanda,1,535.3,16.9,49.6,30.2,0.0,0.73,true,4,560,,
fig_milkshake_anjeer_shake,Fig Milkshake (Anjeer Shake),2,272.0,8.9,27.7,13.7,3.1,0.79,true,4,368,,
panakam,Panakam,1,708.1,15.6,117.6,17.6,0.4,3.19,true,10,561,,tulsi
kashmiri_kahwa,Kashmiri Kahwa,3,853.3,26.1,18.2,75.3,23.3,8.27,true,8,198,,
apple_milkshake,Apple Milkshake,3,845.8,25.1,7.8,79.7,18.5,6.32,true,4,219,,
mint_tea_pudina_tea,Mint Tea (Pudina Tea),1,39.7,2.4,5.7,0.7,2.1,2.98,true,3,40,,
jaljeera,Jaljeera,1,400.2,15.6,53.1,12.8,10.6,11.71,true,13,210,,
sharjah_shake,Sharjah Shake,2,394.6,11.2,42.6,19.7,2.4,1.43,true,5,378,,bournvita/boost/horlick
rooh_afza_sharbat,Rooh Afza Sharbat,1,304.5,0.3,75.6,0.1,0.2,0.03,true,4,142,,
blueberry_smoothie,Blueberry Smoothie,2,672.8,7.9,17.4,64.7,16.2,3.19,true,5,218,,
dates_milkshake,Dates Milkshake,3,671.6,11.0,123.2,13.9,12.7,4.86,true,3,407,,
lauki_juice,Lauki Juice,1,19.5,0.7,2.1,0.6,1.0,0.73,true,7,170,,
masala_soda,Masala Soda,1,107.8,2.8,9.8,3.4,1.8,1.16,true,10,250,,glass cola
spicy_buttermilk,Spicy Buttermilk,2,39.1,2.8,3.5,3.4,4.2,3.02,true,13,311,,
cheese_dabeli,Cheese Dabeli,4,536.4,16.2,88.6,18.2,18.8,7.18,true,25,402,,
bread_kachori,Bread Kachori,1,28.5,1.2,2.8,9.8,3.5,1.87,true,14,292,,
mosaru_kodubale,Mosaru Kodubale,2,328.7,20.4,49.7,5.4,39.0,21.86,true,10,395,,
karela_chips,Karela Chips,1,115.5,5.2,20.7,0.7,8.0,3.3,true,7,158,,
sabudana_tikki,Sabudana Tikki,1,275.3,8.9,25.1,40.6,5.2,4.24,true,9,261,,
bhindi_pakora,Bhindi Pakora,2,236.1,13.9,36.6,2.8,15.7,5.31,true,9,325,,
pinwheel_samosa,Pinwheel Samosa,1,608.9,18.0,125.6,27.7,11.6,6.18,true,15,469,,
bhindi_rava_fry,Bhindi Rava Fry,2,192.2,9.0,35.2,13.6,12.8,3.45,true,9,319,,
pasta_chilli_manchurian,Pasta Chilli Manchurian,2,530.3,19.2,105.0,15.3,7.3,2.77,true,18,374,,
momo_manchurian,Momo Manchurian,2,365.8,13.2,70.8,8.2,12.1,4.14,true,18,447,,
masala_noodles,Masala Noodles,2,246.7,13.2,41.9,3.8,15.6,3.61,true,20,425,,
chapati_noodles,Chapati Noodles,2,356.8,13.5,54.5,14.7,4.4,1.62,true,13,300,,
noodles_frankie,Noodles Frankie,2,675.3,20.4,124.0,16.8,2.6,0.93,true,11,485,,chapathi
aate_ka_nasta,Aate Ka Nasta,2,585.9,19.8,118.8,4.0,11.7,8.29,true,9,348,,
panchamrit,Panchamrit,1,95.5,3.3,7.5,31.4,0.0,0.14,true,5,180,,
chilli_garlic_pasta,Chilli Garlic Pasta,2,575.3,23.4,108.0,17.2,14.2,3.05,true,12,338,,
cooker_pasta,Cooker Pasta,2,591.0,24.3,113.1,16.4,8.6,3.51,true,19,468,,
macaroni_and_cheese,Macaroni And Cheese,2,434.0,16.1,79.3,9.5,3.5,1.54,true,15,402,,
whole_wheat_pizza,Whole Wheat Pizza,1,768.4,22.1,154.5,5.6,6.7,3.88,true,10,448,,
pink_sauce_pasta,Pink Sauce Pasta,3,468.5,17.0,79.4,8.8,3.1,1.54,true,15,375,,
butter_garlic_noodles,Butter Garlic Noodles,2,477.9,16.8,93.3,3.9,0.6,0.11,true,9,219,,
mini_pizzas,Mini Pizzas,1,877.6,25.9,163.1,12.3,6.7,4.04,true,11,558,,
no_cheese_pizza,No Cheese Pizza,3,461.6,12.4,62.7,17.5,2.2,1.51,true,13,362,,
singapore_noodles,Singapore Noodles,1,243.7,9.7,45.5,1.6,11.7,6.39,true,18,396,,
lollipop,Lollipop,1,0.0,0.0,0.0,0.0,0.0,0.0,true,3,167,,
spaghetti,Spaghetti,2,142.5,5.3,25.4,7.5,7.3,2.22,true,17,401,,
tortilla_chips,Tortilla Chips,1,530.8,14.7,105.7,12.9,14.3,4.13,true,6,194,,
peanut_butter_cookies,Peanut Butter Cookies,1,586.0,19.0,114.9,4.3,7.6,6.92,true,9,382,,
bread_pockets,Bread Pockets,2,176.2,2.8,11.3,14.0,4.3,1.29,true,12,351,,
donut,Donut,1,899.9,31.1,178.5,12.6,5.6,3.77,true,10,432,,
cheese_burst_pizza,Cheese Burst Pizza,4,427.9,9.4,52.4,21.1,6.0,2.36,true,14,394,,
,अमेरिकन चॉप स्युइ रेसिपी,3,219.6,10.3,37.8,16.0,11.5,5.48,true,16,405,,
guliappa,Guliappa,3,886.8,27.7,181.1,3.3,15.1,12.32,true,6,332,,
bombay_sandwich_masala,Bombay Sandwich Masala,1,58.3,2.5,8.6,1.4,2.2,2.06,true,6,25,,
batani_gasi,Batani Gasi,1,657.9,19.9,41.9,57.8,29.1,8.93,true,12,348,,
kumbalakai_palya,Kumbalakai Palya,1,195.0,8.1,23.8,19.7,8.6,3.61,true,12,152,,sized kumbalakai; / desiccated
khara_avalakki,Khara Avalakki,2,475.8,10.7,100.2,8.6,6.5,7.1,true,12,203,,
soya_chunks_fry,Soya Chunks Fry,2,549.5,49.3,24.4,32.9,34.6,14.49,true,14,372,,
chow_chow_bhath,Chow Chow Bhath,4,793.1,26.5,51.0,59.5,13.5,9.45,true,25,339,,
bajil_upkari,Bajil Upkari,3,669.4,13.1,86.5,32.3,14.4,7.97,true,11,209,,
ellu_podi,Ellu Podi,2,577.7,25.0,54.5,31.9,30.2,10.8,true,13,264,,
kitchen_king_masala,Kitchen King Masala,2,544.1,21.2,58.7,23.2,37.2,20.41,true,25,241,,
maggi_masala_powder,Maggi Masala Powder,1,754.6,26.7,117.8,16.6,75.5,32.45,true,20,410,,
chana_masala_powder,Chana Masala Powder,2,454.5,18.4,55.3,16.3,34.4,19.71,true,13,210,,
bisi_bele_bath_masala_powder,Bisi Bele Bath Masala Powder,7,507.6,32.0,58.8,12.9,75.1,24.55,true,15,383,,
paruppu_podi,Paruppu Podi,2,451.4,27.7,69.1,7.7,24.2,9.3,true,12,258,,
chutney_powder,Chutney Powder,2,479.5,24.3,54.5,21.0,34.3,8.83,true,10,193,,
vegetable_puree_for_babies,Vegetable Puree For Babies,1,0.0,0.0,0.0,0.0,0.0,0.0,true,6,0,,
6_month_baby_food,6 Month Baby Food,1,235.6,10.9,43.6,2.0,13.8,3.79,true,11,308,,
tutti_frutti_cookies,Tutti Frutti Cookies,1,797.9,17.0,151.0,14.4,5.6,3.51,true,12,462,,
vegetable_mani_kozhukattai,Vegetable Mani Kozhukattai,1,61.2,1.8,11.8,0.5,2.1,0.67,true,1,360,,
poongar_vegetable_kozhukattai,Poongar Vegetable Kozhukattai,2,416.8,13.4,81.9,6.7,9.4,7.2,true,11,441,,
whole_wheat_momos,Whole Wheat Momos,2,362.1,16.1,61.8,10.4,26.5,7.55,true,18,359,,
vegetable_rice_sevai,Vegetable Rice Sevai,2,428.1,12.8,86.6,1.9,6.6,5.57,true,10,405,,
brown_rice_appam_kerala_appam_made_with_brown_rice,"Brown Rice Appam, Kerala Appam Made With Brown Rice",2,554.0,17.2,74.5,20.0,12.3,10.12,true,5,171,,
vegetable_kozhukattai_veg_kaara_kozhukattai,"Vegetable Kozhukattai, Veg Kaara Kozhukattai",2,421.0,18.0,70.4,10.2,12.5,9.84,true,12,451,,
brown_rice_kara_kozhukattai,Brown Rice Kara Kozhukattai,1,669.2,28.6,110.7,18.8,24.6,19.5,true,11,452,,
kerala_appam,Kerala Appam,2,755.6,14.0,123.2,22.0,10.5,8.01,true,5,238,,
chola_idiyappam,Chola Idiyappam,1,0.0,0.0,0.0,0.0,0.0,0.0,true,1,0,,
ammini_kozhukattai,Ammini Kozhukattai,1,519.5,14.8,92.9,12.9,13.8,7.54,true,12,199,,
steamed_cabbage_roll_with_spicy_peanut_sauce,Steamed Cabbage Roll With Spicy Peanut Sauce,2,266.9,19.7,32.2,4.7,27.1,10.48,true,10,380,,
kung_fu_panda_dumplings,Kung Fu Panda Dumplings,1,681.4,28.1,124.7,6.4,10.1,5.2,false,10,581,,
mothagam,Mothagam,3,715.4,17.2,58.2,49.0,7.2,7.09,true,10,169,,
godhumai_upma,Godhumai Upma,2,302.4,14.9,54.5,6.0,12.3,12.79,true,10,376,,
kozhi_soup_and_muttai_kari,Kozhi Soup And Muttai Kari,1,0.0,0.0,0.0,0.0,0.0,0.0,true,1,0,,
uppu_saaru,Uppu Saaru,3,547.2,23.4,84.7,13.2,14.3,11.68,true,26,342,,
hurali_saaru_horsegram_rasam,"Hurali Saaru , Horsegram Rasam",1,642.6,23.5,46.3,43.4,22.1,8.19,false,19,534,,byadagi
kalani_rasam,Kalani Rasam,1,310.4,12.8,42.0,9.0,13.4,4.9,true,14,490,,kalani
beetroot_tomato_rasam,Beetroot Tomato Rasam,1,160.2,9.0,23.2,15.1,15.7,5.06,true,13,476,,
pudina_rasam_mint_rasam,"Pudina Rasam, Mint Rasam",1,155.2,10.2,24.5,5.5,6.9,4.73,true,10,83,,
udupi_rasam_powder_saaru_podi,"Udupi Rasam Powder, Saaru Podi",1,521.9,24.5,63.7,29.7,37.6,23.03,true,18,488,,
kongunad_style_tomato_rasam,Kongunad Style Tomato Rasam,2,397.8,49.5,19.5,10.1,59.3,17.03,false,16,354,,
mutton_nombu_kanji,Mutton Nombu Kanji,1,10.5,1.4,0.0,0.6,0.0,0.1,false,1,8,,
chicken_bone_broth,Chicken Bone Broth,3,105.5,7.3,14.5,1.5,10.9,4.09,true,14,441,,
winter_minestrone,Winter Minestrone,4,211.6,9.8,30.8,4.8,4.3,2.47,false,16,414,,of rosemary; swiss chard; pancetta
chicken_soup_with_cracker_dumplings,Chicken Soup With Cracker Dumplings,3,207.7,15.1,17.0,19.8,7.1,2.84,false,16,447,,cracker meal
curry_laksa,Curry Laksa,8,820.2,24.6,35.4,67.4,19.4,12.62,true,29,339,,
vegetables_with_turmeric_and_coconut_milk_sauce,Vegetables With Turmeric And Coconut Milk Sauce,3,656.2,18.3,35.8,53.7,24.3,8.47,true,20,407,,
murungai_keerai_soup,Murungai Keerai Soup,1,296.9,11.2,53.0,16.0,25.2,9.94,true,14,294,,
hearty_pasta_and_veggies_soup,Hearty Pasta And Veggies Soup,2,270.9,12.6,49.7,1.5,8.8,3.15,true,16,347,,
thai_clear_soup_thai_tofu_veggie_soup,"Thai Clear Soup, Thai Tofu Veggie Soup",3,116.4,7.2,15.6,2.7,6.6,1.17,true,9,362,,
tom_kha_veggie_soup_thai_coconut_soup_with_veggies,"Tom Kha Veggie Soup, Thai Coconut Soup With Veggies",4,303.6,9.3,15.9,21.7,22.1,9.0,true,12,423,,
carrot_orange_ginger_soup_carrot_soup,"Carrot Orange Ginger Soup, Carrot Soup",1,55.9,3.5,7.5,0.7,7.8,3.75,true,7,234,,
turkish_red_lentil_soup,Turkish Red Lentil Soup,2,812.5,28.2,54.3,49.8,11.7,10.3,true,16,450,,
roasted_red_bell_pepper_soup,Roasted Red Bell Pepper Soup,3,632.3,12.3,43.9,46.2,32.7,10.03,true,14,245,,
fever_cold_and_flu_fighting_soup,"Fever, Cold And Flu Fighting Soup",2,105.8,4.0,18.9,1.1,4.5,2.55,true,9,400,,
appa_s_tomato_mint_soup,Appa'S Tomato Mint Soup,2,133.9,15.5,9.1,2.8,20.3,28.07,true,7,416,,
tawa_fried_cheese_veggie_roll,Tawa Fried Cheese Veggie Roll,1,37.0,2.5,4.6,4.8,5.6,2.49,true,13,372,,
air_fryer_chicken_65,Air Fryer Chicken 65,2,115.4,6.4,19.2,10.6,7.7,2.51,true,17,344,,
sri_lankan_fish_cutlets,Sri Lankan Fish Cutlets,1,0.0,0.0,0.0,0.0,0.0,0.0,true,1,0,,
churmuri,Churmuri,2,897.3,19.4,190.3,6.5,10.3,12.58,true,16,449,,
khara_bun,Khara Bun,1,6.8,0.2,0.5,0.4,0.0,0.01,true,1,8,,
gunpowder_corn_ribs,Gunpowder Corn Ribs,1,364.9,9.3,32.2,32.1,8.3,1.89,true,9,310,,
godumai_bonda,Godumai Bonda,1,657.6,42.0,72.4,20.8,21.9,13.98,false,14,476,,
ragi_murukku,Ragi Murukku,1,838.8,22.3,171.3,4.8,29.4,12.18,true,6,328,,
chicken_kaima_pepper_fry,Chicken Kaima Pepper Fry,3,172.1,11.6,19.4,4.4,17.3,6.32,false,17,349,,
village_style_vegetable_cutlets,Village Style Vegetable Cutlets,2,242.8,16.3,33.4,3.7,18.8,7.8,true,17,302,,
chicken_and_broccoli_stir_fry,Chicken And Broccoli Stir Fry,1,97.2,0.1,23.2,0.0,0.0,0.0,true,2,30,,
air_fried_vazhakkai_nuggets,Air Fried Vazhakkai Nuggets,3,250.5,6.3,36.7,7.8,9.8,4.4,false,20,348,,
baked_onion_samosa,Baked Onion Samosa,1,544.6,18.5,108.3,10.7,17.8,11.54,true,10,475,,
fish_fingers,Fish Fingers,2,309.8,56.2,11.0,4.2,3.0,3.39,false,12,432,,
masala_poori,Masala Poori,4,247.2,17.7,35.2,2.6,20.0,18.22,true,19,406,,
chilli_and_onion_crackers,Chilli And Onion Crackers,2,575.9,18.3,118.7,5.8,8.9,5.18,true,9,319,,
onion_samosa_vengaya_samsa,"Onion Samosa, Vengaya Samsa",1,544.6,18.5,108.3,6.4,17.8,11.54,true,7,470,,
soya_kola_urundai,Soya Kola Urundai,2,432.2,15.4,54.3,16.1,14.0,6.4,true,16,345,,meal maker
boiled_peanut_chaat,Boiled Peanut Chaat,2,165.4,5.5,26.5,3.5,6.2,2.36,true,17,422,,bhujia
eral_fry_spicy_prawn_fry,"Eral Fry, Spicy Prawn Fry",1,413.9,40.0,50.9,2.8,1.3,3.0,false,9,404,,
pachai_payaru_vadai,Pachai Payaru Vadai,1,101.6,5.0,7.5,5.1,10.1,6.66,true,12,411,,oil for the dough
baby_corn_salt_and_pepper_fry,Baby Corn Salt And Pepper Fry,1,312.5,13.5,52.6,3.6,22.4,8.2,true,12,520,,
gobi_kempu_bezule_cauliflower_bezule,"Gobi Kempu Bezule, Cauliflower Bezule",2,194.2,9.7,34.2,5.6,8.3,5.79,true,14,306,,
easy_vanilla_nut_muffins_beginners,"Easy Vanilla Nut Muffins, Beginners",2,451.5,16.3,50.3,47.9,2.6,3.31,false,10,255,,
vazhaipoo_vadai_banana_blossom_fritters,"Vazhaipoo Vadai, Banana Blossom Fritters",1,547.2,28.0,87.7,6.9,33.7,14.06,true,13,544,,
apple_fritters_apple_bajji,"Apple Fritters, Apple Bajji",1,451.2,17.0,81.8,9.6,4.2,2.86,false,8,261,,
ikea_style_veggie_balls,Ikea Style Veggie Balls,3,280.8,16.8,33.1,8.9,12.7,7.12,true,21,387,,
keerai_vadai,Keerai Vadai,1,736.7,39.1,119.6,9.0,23.9,19.05,true,8,360,,
homemade_cheese_sauce_and_salsa_for_nachos,Homemade Cheese Sauce And Salsa For Nachos,1,156.7,6.3,16.2,7.2,3.9,2.02,true,12,458,,
paruppu_killu_vadai,Paruppu Killu Vadai,2,444.0,29.7,61.4,7.2,26.1,13.01,true,10,312,,
mushroom_croquettes,Mushroom Croquettes,3,145.6,12.6,11.9,147.0,2.0,2.5,false,12,394,,
leftover_rice_pakora,Leftover Rice Pakora,2,616.4,15.8,128.6,2.8,10.4,9.58,true,8,267,,
senai_kizhangu_roast,Senai Kizhangu Roast,1,242.3,7.4,13.0,29.9,16.1,8.04,true,9,426,,
masala_pori_masala_puffed_rice,"Masala Pori, Masala Puffed Rice",2,495.8,10.9,103.7,2.6,6.5,7.1,true,10,285,,
green_onion_pancakes_scallion_pancakes,"Green Onion Pancakes, Scallion Pancakes",3,205.3,10.0,35.6,18.1,16.1,9.49,true,12,450,,
rava_fish_fry_mangalorean_style_rava_coated_fish_fry,"Rava Fish Fry, Mangalorean Style Rava Coated Fish Fry",1,122.6,15.1,10.8,39.5,6.6,3.48,false,10,256,,
garlic_kara_pori,Garlic Kara Pori,3,634.7,13.8,135.2,7.1,5.8,8.46,true,8,240,,
instant_bread_vadai,Instant Bread Vadai,2,227.1,13.1,38.1,1.3,7.6,3.73,true,12,388,,
cheppankizhangu_cutlet_arbi_cutlet,"Cheppankizhangu Cutlet, Arbi Cutlet",4,708.6,31.5,17.3,56.8,19.7,11.77,true,10,276,,
seeralam_lentil_idli_fry,"Seeralam, Lentil Idli Fry",1,680.9,28.4,82.2,25.0,27.6,12.08,true,15,382,,
chicken_65,Chicken 65,2,164.3,9.4,22.4,3.4,3.2,1.96,false,11,375,,
baby_corn_pepper_fry_baby_corn_milagu_varuval,"Baby Corn Pepper Fry, Baby Corn Milagu Varuval",5,470.6,16.1,90.3,3.3,18.7,7.57,true,9,430,,
garlic_bread_easy_pan_fried_garlic_bread,"Garlic Bread, Easy Pan Fried Garlic Bread",1,5.3,0.3,0.9,0.0,0.2,0.04,true,6,444,,
spicy_chettinad_prawn_masala_chettinad_eral_masala,Spicy Chettinad Prawn Masala / Chettinad Eral Masala,2,261.6,27.6,27.9,2.4,17.5,8.96,false,14,396,,
fish_cutlet,Fish Cutlet,3,893.4,39.1,16.7,77.4,18.6,11.4,false,11,341,,
jacques_pepin_eggs_my_version,Jacques Pepin Eggs (My Version),1,535.9,35.9,3.9,42.4,1.3,6.56,false,10,368,,
kori_kempu_bezule_mangalore_chicken_bezule,Kori Kempu Bezule / Mangalore Chicken Bezule,3,199.3,10.6,29.5,6.3,9.2,3.07,false,13,335,,
neeraja_s_ultimate_vengaya_pakkavada_onion_pakkavada,Neeraja'S Ultimate Vengaya Pakkavada / Onion Pakkavada,6,760.6,27.2,50.5,49.5,10.8,9.66,true,13,226,,
kalakala_sweet,Kalakala Sweet,2,521.6,15.7,106.2,6.7,17.5,7.12,true,7,238,,
baked_potato_wedges_potato_wedges_indian_style,Baked Potato Wedges / Potato Wedges Indian Style,2,172.5,4.8,35.2,19.9,5.8,1.88,true,9,304,,
easy_ulundu_murukku_urad_dal_murukku,"Easy Ulundu Murukku, Urad Dal Murukku",6,228.2,7.3,46.1,107.2,4.2,2.91,true,8,394,,
paneer_stuffed_curry_bun,Paneer Stuffed Curry Bun,4,512.7,25.1,81.1,9.0,4.8,4.72,false,19,379,,
chettinadu_thenkuzhal_murukku,Chettinadu Thenkuzhal Murukku,1,826.2,58.8,130.0,55.3,30.4,11.91,true,3,360,,
nei_appam,Nei Appam,2,638.1,14.0,133.4,3.7,27.8,13.57,true,7,344,,
bread_besan_toast,Bread Besan Toast,1,409.9,26.8,57.8,6.4,23.9,11.75,true,10,394,,
hulk_nuggets,Hulk Nuggets,2,107.4,9.2,15.5,3.0,0.4,0.56,false,5,405,,
chettinad_beetroot_kola_urundai,Chettinad Beetroot Kola Urundai,3,386.0,14.1,29.7,164.5,17.5,6.0,true,14,352,,
cauliflower_vadai_cauliflower_fritters,Cauliflower Vadai / Cauliflower Fritters,4,739.6,29.2,39.9,50.9,13.5,12.23,true,15,334,,
nendram_pazham_bajji,Nendram Pazham Bajji,2,93.2,3.2,17.7,213.3,2.8,1.52,true,11,421,,
italian_spring_onion_frittelle,Italian Spring Onion Frittelle,1,176.5,13.7,2.5,12.6,2.7,3.28,false,7,238,,
mangalore_bonda,Mangalore Bonda,1,672.3,20.7,138.8,2.2,9.5,6.97,true,11,310,,
baked_samosas,Baked Samosas,1,404.4,12.9,80.6,15.1,7.3,5.29,true,13,295,,
homemade_iced_coffee,Homemade Iced Coffee,1,196.1,6.7,15.7,11.9,0.0,0.29,true,5,215,,instant coffee granule
marmalade_springs_citrus_mocktail,Marmalade Springs Citrus Mocktail,2,216.3,6.8,40.8,2.1,17.2,5.82,true,7,408,,
pomegranate_apple_juice,Pomegranate Apple Juice,1,122.8,1.9,25.9,0.7,5.8,0.62,true,2,250,,
donne_biryani,Donne Biryani,5,341.2,11.6,66.4,17.6,12.2,4.35,false,28,426,,kapok bud
pollachi_mess_style_kozhi_biryani,Pollachi Mess Style Kozhi Biryani,6,474.9,12.7,75.8,18.7,16.6,5.82,true,22,384,,kal paasi
eral_biryani,Eral Biryani,1,2.0,0.2,0.1,0.0,0.3,0.34,true,1,8,,
kongunadu_kozhi_vellai_biryani,Kongunadu Kozhi Vellai Biryani,5,446.4,11.9,65.6,19.5,15.1,4.69,true,21,378,,of kalpasi
chennai_buhari_hotel_style_chicken_biryani,Chennai Buhari Hotel Style Chicken Biryani,1,835.0,17.5,181.0,2.7,8.2,10.52,true,1,278,,
chettinadu_chicken_biryani,Chettinadu Chicken Biryani,5,354.7,11.3,69.1,10.3,14.5,7.47,true,28,385,,
vegetable_biryani_with_coconut_milk_pressure_cooker_method,Vegetable Biryani With Coconut Milk (Pressure Cooker Method),1,155.9,8.7,24.6,1.2,10.0,5.91,true,2,502,,
easy_chicken_biryani,Easy Chicken Biryani,4,415.1,13.0,82.3,15.3,16.7,10.49,true,24,438,,
hyderabadi_chicken_dum_biryani,Hyderabadi Chicken Dum Biryani,5,333.8,11.3,63.1,12.8,14.2,9.6,true,21,392,,
mushroom_dum_biryani,Mushroom Dum Biryani,5,367.4,13.2,60.0,21.7,11.5,7.83,true,20,409,,
prawn_biryani_eral_biryani,Prawn Biryani Eral Biryani,2,436.2,30.4,68.8,27.6,9.6,8.75,false,16,494,,
chicken_keema_biryani_kozhi_kaima_biryani,"Chicken Keema Biryani, Kozhi Kaima Biryani",5,470.9,28.0,67.4,8.8,12.4,6.08,false,20,370,,
seeraga_samba_mutton_biriyani,Seeraga Samba Mutton Biriyani,5,575.4,29.4,82.8,20.5,14.4,9.13,false,18,396,,
kongunad_vella_mutton_biryani,Kongunad Vella Mutton Biryani,5,482.7,29.3,67.9,14.2,16.8,8.83,false,19,422,,
radha_akka_s_mutton_biryani,Radha Akka'S Mutton Biryani,6,314.9,25.2,31.5,13.2,10.5,6.18,false,24,428,,
restaurant_style_vegetable_biryani,Restaurant Style Vegetable Biryani,3,775.2,25.9,87.1,47.2,18.7,12.02,true,21,449,,
pressure_cooker_mutton_biryani_easy_mutton_biryani,"Pressure Cooker Mutton Biryani, Easy Mutton Biryani",4,345.8,22.6,46.7,6.5,15.1,14.88,false,17,366,,
chicken_biryani_using_shan_masala_with_readymade_biryani_masala,"Chicken Biryani Using Shan Masala, With Readymade Biryani Masala",5,281.4,9.5,55.9,1.4,8.9,5.44,true,11,396,,
thala_ajith_biryani,Thala Ajith Biryani,5,327.9,10.7,65.0,6.9,12.2,6.73,true,19,403,,
soya_kheema_biryani,Soya Kheema Biryani,3,446.9,38.4,28.3,22.7,28.3,11.89,true,18,438,,
ambur_mutton_biryani_briyani,Ambur Mutton Biryani (Briyani),6,497.2,28.5,73.4,25.6,17.4,10.18,false,16,399,,
thahira_s_tamilnadu_style_chicken_biriyani,Thahira'S Tamilnadu Style Chicken Biriyani,5,313.3,9.8,62.5,1.7,11.5,6.18,true,15,389,,
whole_wheat_parotta,Whole Wheat Parotta,1,183.7,10.5,10.6,36.6,0.0,1.01,false,7,240,,
parotta_kerala_parotta,"Parotta, Kerala Parotta",1,359.0,10.6,75.8,7.2,2.8,1.81,true,6,130,,
veg_kothu_parotta,Veg Kothu Parotta,2,359.8,14.8,67.4,4.2,13.6,9.17,true,13,425,,
rainbow_veggie_masala_rotti,Rainbow Veggie Masala Rotti,1,639.4,22.4,126.4,7.3,16.2,9.5,true,19,514,,
kaikari_rotti_vegetable_rotti,"Kaikari Rotti, Vegetable Rotti",2,490.6,13.5,81.9,24.0,8.9,4.2,true,17,259,,
pol_roti_srilankan_coconut_rotti,"Pol Roti , Srilankan Coconut Rotti",1,623.2,9.2,10.5,99.0,20.8,6.21,true,5,266,,
akki_roti_rice_rotti_arisi_rotti,"Akki Roti , Rice Rotti, Arisi Rotti",1,584.2,14.9,86.9,18.5,16.1,10.74,true,14,354,,
spring_onion_paratha_with_cheese,Spring Onion Paratha With Cheese,3,201.1,9.6,35.2,18.1,16.0,9.59,true,8,444,,
chapati_kothu_parotta_with_leftover_chapati,Chapati Kothu Parotta With Leftover Chapati,1,798.9,28.4,122.7,19.6,6.3,3.7,true,8,493,,
beetroot_chapati_beet_roti,"Beetroot Chapati, Beet Roti",1,687.3,23.1,137.2,7.6,24.6,8.82,true,7,305,,
soft_chapati,Soft Chapati,1,348.8,11.4,70.0,1.7,12.2,4.27,true,3,240,,
mushroom_chapati_sandwich,Mushroom Chapati Sandwich,2,448.1,18.4,67.9,16.6,7.3,3.04,true,11,399,,
palak_chapati,Palak Chapati,1,88.9,6.8,10.1,1.8,8.1,8.81,true,10,346,,
methi_thepla,Methi Thepla,1,16.3,0.7,2.3,64.2,1.6,1.4,true,8,106,,
everyday_tomato_rasam_and_potato_roast,Everyday Tomato Rasam And Potato Roast,2,267.0,9.5,49.4,6.9,10.4,5.57,true,21,469,,
thotakura_pappu,Thotakura Pappu,2,822.0,58.9,130.9,5.5,30.4,12.2,true,15,426,,
mysore_paruppu_muttai_aanam,Mysore Paruppu Muttai Aanam,2,306.4,25.6,26.6,10.1,11.1,9.03,false,16,369,,
pachai_payaru_kadayal,Pachai Payaru Kadayal,3,192.6,14.0,25.0,2.6,22.4,12.52,true,15,441,,
peerkangai_paruppu_masiyal,Peerkangai Paruppu Masiyal,2,201.6,12.3,32.6,1.6,9.7,3.88,true,19,422,,
restaurant_style_dal_fry_with_garlic,Restaurant Style Dal Fry With Garlic,1,0.0,0.0,0.0,0.0,0.0,0.0,true,1,0,,
chow_chow_tomato_pappu,Chow Chow Tomato Pappu,2,233.1,14.1,36.4,5.6,14.0,5.51,true,22,316,,
andhra_style_tomato_pappu,Andhra Style Tomato Pappu,1,388.7,24.2,61.0,16.5,20.2,8.37,true,19,390,,
mamidikaya_koyagura_pappu,Mamidikaya Koyagura Pappu,2,725.8,50.4,116.8,7.2,26.4,11.07,true,18,398,,
garlic_dal,Garlic Dal,2,266.5,16.8,40.0,4.9,15.9,16.11,true,17,410,,
kollu_paruppu_chutney_horsegram_chutney,"Kollu Paruppu Chutney, Horsegram Chutney",1,309.1,4.8,10.8,31.8,8.7,2.25,true,10,188,,
pepper_dal,Pepper Dal,1,98.8,5.4,13.7,1.8,8.6,5.29,true,11,336,,
kadalai_paruppu_chutney,Kadalai Paruppu Chutney,1,272.5,6.2,12.4,109.0,14.1,3.39,true,11,187,,
tomato_pappu_with_garlic,Tomato Pappu With Garlic,1,390.6,24.4,62.9,2.8,18.9,9.24,true,15,448,,
palak_pappu,Palak Pappu,2,127.8,8.1,16.0,4.7,14.1,12.47,true,18,458,,
pudalangai_paal_kootu,Pudalangai Paal Kootu,1,587.3,24.0,56.2,33.3,13.8,5.01,true,8,279,,
paruppu_thogayal,Paruppu Thogayal,1,590.0,29.5,51.5,28.5,15.0,4.77,false,7,268,,
thinai_sambar_sadam_foxtail_millet_sambar_rice,"Thinai Sambar Sadam, Foxtail Millet Sambar Rice",1,850.3,76.1,78.3,23.6,119.1,30.07,true,14,574,,
paruppu_payasam_moong_dal_payasam_lentil_payasam,"Paruppu Payasam, Moong Dal Payasam, Lentil Payasam",6,817.3,23.1,47.6,60.8,11.7,9.12,true,9,199,,
dalcha_dalcha,"Dalcha, Dalcha",3,325.9,21.8,24.0,23.4,13.5,4.65,false,21,343,,
kumbakonam,Kumbakonam,3,347.6,8.9,42.3,15.0,17.6,6.53,true,15,421,,
paruppu_usili,Paruppu Usili,1,398.7,29.9,50.3,31.9,41.7,12.18,true,11,505,,
appala_kootu_tamil_appalam_kootu,Appala Kootu / Tamil Appalam Kootu,1,120.4,4.8,21.3,5.2,8.9,4.71,true,11,387,,
keerai_mandi,Keerai Mandi,3,470.9,11.5,80.1,10.6,8.6,5.66,true,12,400,,
thanjavur_thalicha_paruppu,Thanjavur Thalicha Paruppu,2,170.1,6.6,31.0,5.7,7.6,3.04,true,15,379,,
10_minute_chow_chow_kootu_without_coconut,10 Minute Chow Chow Kootu Without Coconut,1,42.5,1.8,6.9,4.9,3.8,1.58,true,8,290,,
chettinad_cabbage_kootu,Chettinad Cabbage Kootu,2,204.9,7.9,14.7,12.2,13.7,5.0,true,17,437,,
keerai_molagootal_keerai_kootu,Keerai Molagootal / Keerai Kootu,1,825.4,34.2,68.6,53.3,28.6,15.58,true,12,519,,
chow_chow_kootu_with_moong_dal,Chow Chow Kootu With Moong Dal,1,632.2,11.8,19.1,56.7,22.6,5.78,true,11,289,,
tomato_dal_tomato_pappu,Tomato Dal / Tomato Pappu,1,378.7,25.9,59.5,2.6,21.6,12.65,true,14,502,,
chicken_potato_kurma,Chicken Potato Kurma,9,840.3,25.4,17.5,74.4,22.2,7.67,true,22,324,,
mixed_fried_rice,Mixed Fried Rice,3,361.0,27.2,47.0,5.7,6.8,4.96,false,22,382,,
chicken_roast,Chicken Roast,1,0.0,0.0,0.0,0.0,0.0,0.0,true,2,30,,
chicken_salna_rottu_kadai_style,Chicken Salna Rottu Kadai Style,1,8.0,0.5,1.1,0.1,0.9,0.23,true,1,22,,
kung_pao_chicken,Kung Pao Chicken,1,3.4,0.5,0.3,0.0,0.0,0.0,true,1,8,,
chicken_555,Chicken 555,2,172.2,11.8,21.5,22.7,10.4,5.51,false,22,435,,
baked_popcorn_chicken,Baked Popcorn Chicken,2,168.8,9.7,25.1,3.0,5.6,1.75,false,15,404,,
karnataka_style_koli_saaru_kozhi_saaru_chicken_curry,"Karnataka Style Koli Saaru / Kozhi Saaru, Chicken Curry",3,236.0,8.5,15.7,15.0,13.6,4.95,true,19,371,,
chicken_salna_madurai_style,Chicken Salna Madurai Style,4,257.1,9.2,38.0,6.9,14.0,5.41,true,19,361,,
honey_chicken,Honey Chicken,2,83.5,7.2,10.5,1.0,9.7,3.51,true,11,432,,
sri_lankan_chicken_curry,Sri Lankan Chicken Curry,3,139.9,9.2,18.5,6.6,17.7,8.1,true,24,345,,
red_wine_chicken_with_a_south_indian_touch,Red Wine Chicken With A South Indian Touch,2,183.3,5.4,12.3,1.8,7.1,3.76,true,9,434,,
chettinad_chicken,Chettinad Chicken,2,168.8,9.3,27.1,2.0,10.1,4.0,true,13,428,,
pondicherry_style_roast_chicken_with_vegetables,Pondicherry Style Roast Chicken With Vegetables,2,106.7,8.2,14.1,1.4,11.5,2.84,true,7,466,,
chicken_leg_pepper_fry,Chicken Leg Pepper Fry,4,107.1,7.7,13.6,3.5,16.6,8.65,true,15,392,,
pepper_chicken_dry,Pepper Chicken Dry,1,95.1,7.6,12.4,9.7,10.9,4.38,true,6,423,,
orange_chicken_panda_express_style_orange_chicken,"Orange Chicken, Panda Express Style Orange Chicken",4,109.6,8.4,14.8,107.6,8.2,4.16,false,16,434,,
pepper_chicken_masala,Pepper Chicken Masala,2,293.0,10.3,19.7,18.8,17.5,6.39,true,13,426,,
cajun_chicken_alfredo,Cajun Chicken Alfredo,2,583.0,20.7,98.4,11.4,6.7,9.86,true,10,405,,
kori_gassi,Kori Gassi,7,213.3,8.7,27.6,8.3,6.6,2.44,true,19,404,,
madras_chicken_curry,Madras Chicken Curry,3,301.5,10.7,34.1,12.8,20.5,7.19,true,17,396,,
chettinad_kari,Chettinad Kari,5,743.3,37.4,73.6,32.2,19.0,9.08,true,15,422,,
muttai_beanskai,Muttai Beanskai,1,312.4,28.3,16.1,23.0,16.5,7.87,false,12,490,,
creamy_greens_and_tofu_power_bowl,Creamy Greens And Tofu Power Bowl,5,560.3,21.2,94.3,10.6,24.4,11.54,false,17,369,,
takeaway_style_prawn_fried_rice,Takeaway Style Prawn Fried Rice,3,704.6,30.8,125.7,19.5,8.5,9.27,false,18,386,,
boiled_egg_bhurji,Boiled Egg Bhurji,2,213.5,19.4,7.1,11.5,7.1,7.32,false,13,371,,
mangalore_style_egg_curry,Mangalore Style Egg Curry,2,676.4,23.6,18.2,60.9,24.8,8.27,false,18,298,,
egg_white_frittata,Egg White Frittata,1,185.3,11.8,25.3,3.1,23.4,10.9,true,20,459,,
egg_cubes_masala,Egg Cubes Masala,1,402.8,36.4,11.9,48.2,8.9,9.38,false,14,592,,
varutharacha_mutta_curry,Varutharacha Mutta Curry,3,349.0,15.4,25.2,21.7,10.3,4.95,false,22,388,,
andhra_egg_curry,Andhra Egg Curry,3,203.6,17.1,10.0,14.3,9.6,6.35,false,20,361,,
muttai_thokku_egg_thokku,"Muttai Thokku, Egg Thokku",2,219.9,18.2,13.1,9.7,10.5,7.43,false,16,456,,
nanjil_egg_curry_nanjil_naatu_egg_kari,"Nanjil Egg Curry , Nanjil Naatu Egg Kari",3,698.4,30.3,32.5,49.3,14.3,10.48,false,21,337,,
udaitha_muttai_kuzhambu,Udaitha Muttai Kuzhambu,5,670.4,29.6,28.2,48.4,12.3,15.03,false,14,379,,
kerala_style_spicy_naadan_egg_roast,Kerala Style Spicy Naadan Egg Roast,3,195.6,16.0,10.4,18.0,6.6,4.94,false,14,352,,
eggs_kejriwal,Eggs Kejriwal,1,149.1,13.9,3.0,13.1,3.3,3.32,false,11,416,,
egg_masala_tamilnadu_style_spicy_muttai_roast,Egg Masala / Tamilnadu Style Spicy Muttai Roast,2,180.6,25.7,10.8,28.5,13.3,7.92,false,10,473,,
paragon_style_fish_mango_curry_with_coconut_milk,Paragon Style Fish Mango Curry With Coconut Milk,1,0.0,0.0,0.0,0.0,0.0,0.0,true,1,8,,
eral_muttai_masala,Eral Muttai Masala,2,240.1,32.7,6.6,7.8,4.9,5.27,false,16,387,,
prawns_tawa_fry,Prawns Tawa Fry,2,223.5,42.8,3.8,1.7,3.8,4.18,false,16,353,,
eral_kaima_bajji,Eral Kaima Bajji,1,444.4,49.5,36.4,8.5,17.5,8.23,false,13,459,,
mangai_meen_kuzhambu,Mangai Meen Kuzhambu,1,5.9,0.7,0.4,0.1,0.9,1.01,true,3,30,,
tomato_fish_curry,Tomato Fish Curry,4,412.4,28.8,9.1,35.3,10.8,3.86,false,18,354,,
fish_mince_patties,Fish Mince Patties,2,261.7,14.2,25.9,12.7,6.3,5.4,false,12,346,,sea bass filet
spicy_prawn_thokku,Spicy Prawn Thokku,3,196.4,18.0,7.6,9.3,9.2,4.92,false,18,340,,
spicy_green_masala_fish_fry,Spicy Green Masala Fish Fry,3,290.7,37.0,29.1,19.1,4.5,3.14,false,15,415,,
air_fried_mackerel_fish_fry,Air Fried Mackerel Fish Fry,1,23.0,1.5,2.8,38.7,3.5,2.13,true,8,90,,
,விரால் மீன் குழம்பு,2,322.7,8.7,37.1,14.8,10.9,3.86,true,17,467,,
tandoori_fish,Tandoori Fish,2,218.7,47.0,0.9,2.6,0.5,1.65,false,11,320,,
meen_nirvana,Meen Nirvana,3,793.5,20.1,26.1,72.0,19.4,5.09,false,12,315,,
air_fryer_fish_fry,Air Fryer Fish Fry,1,84.3,4.0,14.4,32.5,4.9,3.5,true,13,155,,
jaffna_eral_masala_jaffna_style_prawn_curry,"Jaffna Eral Masala, Jaffna Style Prawn Curry",4,324.0,15.7,24.5,23.7,9.5,3.95,false,20,353,,
thengai_paal_meen_kuzhambu_tamil_style_fish_curry_in_coconut_milk,"Thengai Paal Meen Kuzhambu, Tamil Style Fish Curry In Coconut Milk",3,897.3,43.8,28.2,77.5,28.0,8.95,false,22,466,,
varutharacha_meen_curry_fish_curry_in_coconut_sauce,"Varutharacha Meen Curry , Fish Curry In Coconut Sauce",3,285.3,23.9,22.6,14.9,5.5,2.67,false,16,337,,
sura_puttu_fish_puttu,"Sura Puttu, Fish Puttu",1,317.0,55.9,13.5,3.0,11.1,8.3,false,12,490,,
goan_fish_curry,Goan Fish Curry,3,384.3,36.4,19.6,26.3,6.0,2.86,false,11,396,,kodampuli
prawn_pepper_fry_with_curry_leaves_karuveppilai_iral_milagu_varuval,"Prawn Pepper Fry With Curry Leaves, Karuveppilai Iral Milagu Varuval",1,262.5,44.3,11.2,31.6,3.4,4.27,false,10,338,,
coconut_fish_fry,Coconut Fish Fry,3,350.1,37.1,25.9,10.4,6.2,3.13,false,12,390,,
kerala_fish_curry,Kerala Fish Curry,5,398.4,16.7,13.2,38.1,19.6,8.33,false,15,360,,
nethili_meen_fry_anchovy_fry,"Nethili Meen Fry, Anchovy Fry",1,414.2,49.3,46.1,2.5,4.6,4.77,false,11,366,,
easy_salmon_fish_curry,Easy Salmon Fish Curry,2,730.7,50.7,10.5,60.6,12.2,5.79,false,13,478,,
mangalorean_fish_curry_mangalore_style_meen_gassi,Mangalorean Fish Curry / Mangalore Style Meen Gassi,2,764.9,54.6,9.9,60.7,17.0,5.28,false,10,459,,
prawn_ghee_roast,Prawn Ghee Roast,2,184.1,25.2,13.5,10.0,7.9,5.67,false,13,356,,
fisherman_s_fish_curry,Fisherman'S Fish Curry,3,487.4,39.3,14.0,30.1,16.8,5.18,false,15,336,,
meen_pollichathu,Meen Pollichathu,6,207.3,8.5,34.2,4.1,4.8,2.24,false,12,386,,
meen_manga_curry_fish_curry_in_raw_mango_coconut_sauce,"Meen Manga Curry, Fish Curry In Raw Mango Coconut Sauce",2,455.4,51.4,9.3,27.5,10.5,5.23,false,15,440,,
fish_curry_in_ginger_and_coconut_milk_sauce,Fish Curry In Ginger And Coconut Milk Sauce,3,596.5,38.1,9.8,49.3,15.6,5.67,false,10,369,,
kerala_prawn_pickle,Kerala Prawn Pickle,2,229.4,26.8,21.6,27.8,8.1,4.77,false,9,340,,
pomfret_fish_fry_or_vavval_meen_varuval,Pomfret Fish Fry Or Vavval Meen Varuval,2,743.9,48.2,125.4,2.9,26.9,12.26,true,9,372,,
alleppey_fish_curry,Alleppey Fish Curry,8,889.3,22.4,18.1,83.1,22.0,5.1,false,15,298,,
kerala_fish_molly,Kerala Fish Molly,4,802.4,33.2,13.4,81.5,20.9,6.1,false,13,378,,
spicy_vanjaram_fish_fry,Spicy Vanjaram Fish Fry,2,397.1,48.2,41.9,3.0,3.4,1.78,false,6,312,,
spicy_nellore_chepala_pulusu,Spicy Nellore Chepala Pulusu,3,117.8,5.2,18.5,18.9,9.4,3.12,true,18,422,,
chinese_style_sweet_and_sour_fish,Chinese Style Sweet And Sour Fish,2,481.4,32.5,75.0,4.0,18.8,8.39,false,15,294,,
shallow_fried_fish_croquettes_fish_cutlets,Shallow Fried Fish Croquettes / Fish Cutlets,2,696.6,40.4,63.1,30.9,13.0,7.5,false,14,488,,oil for shallow frying
alamelu_s_chettinad_meen_kozhambu_fish_curry,Alamelu'S Chettinad Meen Kozhambu/ Fish Curry,4,309.7,29.0,19.5,12.4,7.2,3.47,false,19,410,,
easy_pressure_cooker_mutton_kuzhambu,Easy Pressure Cooker Mutton Kuzhambu,1,0.0,0.0,0.0,0.0,0.0,0.0,true,1,0,,
mutton_pepper_curry,Mutton Pepper Curry,1,68.1,2.8,11.5,1.1,1.3,1.78,true,2,45,,
mutton_uppu_kari,Mutton Uppu Kari,3,279.6,32.5,8.1,12.8,2.8,3.73,false,12,370,,
railway_mutton_curry,Railway Mutton Curry,6,573.3,37.6,25.5,41.7,15.7,7.58,false,19,396,,
suvarotti_varuval,Suvarotti Varuval,1,458.6,50.8,39.7,9.4,17.7,116.76,false,15,551,,
mutton_liver_kuzhambu_eeral_kuzhambu,"Mutton Liver Kuzhambu, Eeral Kuzhambu",2,426.5,11.2,19.3,33.5,18.6,6.92,false,15,324,,
mutton_saaru,Mutton Saaru,3,497.2,36.0,9.8,34.7,11.3,6.03,false,16,382,,
attukal_paya,Attukal Paya,4,878.1,34.3,48.6,61.4,15.1,15.64,false,25,360,,
nalli_elumbu_masala_mutton_nalli,"Nalli Elumbu Masala, Mutton Nalli",6,264.8,22.2,13.7,13.9,16.0,9.54,false,16,392,,
mutton_sukka_sukka_fry,"Mutton Sukka, Sukka Fry",2,312.3,27.5,27.1,9.9,3.9,3.96,false,11,413,,
arcot_mutton_chops,Arcot Mutton Chops,2,363.5,46.4,2.6,24.9,0.8,3.54,false,9,332,,
pori_arisi_murungai_poriyal,Pori Arisi Murungai Poriyal,1,401.0,28.3,54.0,9.6,33.0,14.76,true,9,464,,
kovakkai_verkadalai_poriyal,Kovakkai Verkadalai Poriyal,2,113.4,6.2,15.8,14.8,15.9,4.64,true,20,373,,
sri_lankan_green_bean_curry,Sri Lankan Green Bean Curry,2,558.0,29.6,66.7,24.5,16.6,6.25,true,15,283,,
thotakura_vepudu,Thotakura Vepudu,2,473.9,32.4,69.4,5.8,20.7,9.6,true,14,302,,
mushroom_ghee_roast,Mushroom Ghee Roast,3,587.9,23.8,31.3,48.8,14.1,9.61,true,21,392,,
vazhakkai_varuval,Vazhakkai Varuval,1,521.9,13.1,103.1,42.8,18.7,5.7,true,11,518,,
mulai_keerai_poriyal,Mulai Keerai Poriyal,1,347.3,8.2,12.6,28.9,19.2,6.69,true,7,232,,
pavakkai_poriyal,Pavakkai Poriyal,1,448.7,18.3,37.5,23.6,31.8,11.69,true,14,578,,
sutta_vazhakkai_podi,Sutta Vazhakkai Podi,1,628.2,19.0,78.7,29.2,27.5,9.59,true,14,412,,
yard_long_beans_thel_dala,Yard Long Beans Thel Dala,1,96.2,6.3,12.0,1.8,12.3,4.63,true,14,443,,
capsicum_pepper_fry_kudaimilagai_milagu_kari,"Capsicum Pepper Fry, Kudaimilagai Milagu Kari",2,87.1,5.4,11.9,14.0,9.5,4.82,true,8,311,,
cauliflower_milagu_pirattal_cauliflower_pepper_fry,"Cauliflower Milagu Pirattal, Cauliflower Pepper Fry",2,219.5,15.8,22.9,5.9,17.1,9.79,true,15,460,,
parangikai_ellu_kari,Parangikai Ellu Kari,2,216.3,8.3,17.2,12.0,12.2,3.96,true,11,305,,
arasanikai_poriyal_yellow_pumpkin_poriyal,"Arasanikai Poriyal, Yellow Pumpkin Poriyal",2,167.1,5.5,9.0,11.5,10.7,4.78,true,10,330,,
madurai_potato_masala_kizhangu_pottlam,"Madurai Potato Masala, Kizhangu Pottlam",2,235.4,9.3,42.8,21.0,11.9,6.14,true,16,412,,
air_fryer_potato_roast,Air Fryer Potato Roast,1,360.5,10.2,74.0,5.5,11.1,4.44,true,10,570,,
potato_pepper_fry_urulai_milagu_varuval,Potato Pepper Fry / Urulai Milagu Varuval,1,345.7,9.3,70.2,1.8,10.3,4.03,true,8,563,,
thai_style_stir_fry_vegetables,Thai Style Stir Fry Vegetables,2,170.9,8.6,28.0,1.8,7.0,1.19,true,9,340,,
murungai_keerai_muttai_poriyal,Murungai Keerai Muttai Poriyal,2,219.3,20.2,9.3,10.6,11.7,8.57,false,8,317,,
ennai_kathirikkai_masala_stuffed_brinjals_masala,"Ennai Kathirikkai Masala, Stuffed Brinjals Masala",2,228.1,10.2,21.6,10.3,20.5,4.49,true,11,411,,
potato_kara_kari_urulai_kizhangu_kara_curry,"Potato Kara Kari, Urulai Kizhangu Kara Curry",1,391.2,12.8,75.2,3.0,13.0,6.57,true,8,559,,
baby_potato_masala,Baby Potato Masala,5,252.2,10.2,36.8,5.9,19.2,6.89,true,20,409,,
chinna_vengayam_poriyal_home_remedy_for_haemorrhoids_piles,"Chinna Vengayam Poriyal, Home Remedy For Haemorrhoids / Piles",1,68.8,5.3,7.5,9.6,12.4,7.4,true,7,276,,
karamani_poriyal_yard_long_beans_poriyal_how_to_make_long_beans_stir,Karamani Poriyal / Yard Long Beans Poriyal / How To Make Long Beans Stir,1,742.8,44.6,117.2,16.8,27.2,13.54,true,7,284,,
5_minutes_poriyal_thoran,5 Minutes Poriyal / Thoran,1,345.9,9.9,17.1,25.4,26.1,6.23,true,7,453,,
carrot_pattani_poriyal,Carrot Pattani Poriyal,1,754.1,50.0,118.1,6.3,50.0,18.07,true,11,441,,
cauliflower_sukka,Cauliflower Sukka,2,132.5,12.1,13.8,8.7,15.9,8.57,true,10,364,,
nei_urundai,Nei Urundai,2,701.2,18.2,142.4,47.0,33.1,15.36,true,5,425,,
vella_ellurundai_white_sesame_seed_laddu,"Vella Ellurundai, White Sesame Seed Laddu",1,859.3,29.5,176.8,1.7,14.9,12.33,true,3,450,,
moonu_raja_pongal,Moonu Raja Pongal,5,838.1,19.7,94.8,46.6,7.9,11.11,true,8,245,,
chocolate_biscuit_cake,Chocolate Biscuit Cake,9,851.0,9.8,91.9,48.2,3.3,1.01,true,7,197,,mcvities digestive biscuit
custard_powder_ice_cream,Custard Powder Ice Cream,3,313.7,10.6,25.9,18.7,0.5,0.5,true,3,383,,
tender_coconut_pudding,Tender Coconut Pudding,3,648.5,12.7,26.1,55.3,11.8,2.66,true,7,320,,
coffee_popsicles,Coffee Popsicles,2,283.8,9.6,24.4,16.5,0.0,0.37,true,3,308,,strong coffee
kavuni_arisi_chettinad_kavuni_arisi_sweet,"Kavuni Arisi, Chettinad Kavuni Arisi Sweet",1,602.0,11.7,44.7,53.9,20.3,3.08,true,6,241,,
pori_urundai_how_to_make_pori_urundai,"Pori Urundai, How To Make Pori Urundai",4,682.9,12.4,149.4,2.6,4.1,8.66,true,5,223,,
coconut_poli,Coconut Poli,2,661.3,10.2,84.8,43.6,9.2,4.7,true,8,234,,
paruppu_poli,Paruppu Poli,2,678.1,24.0,131.3,17.5,13.6,8.72,true,8,289,,
malai_ladoo,Malai Ladoo,2,457.4,26.3,27.7,29.0,0.1,1.27,true,4,328,,
obbattu,Obbattu,2,530.8,19.6,100.1,30.0,13.6,8.35,true,9,238,,
thirattupal,Thirattupal,3,378.4,10.8,41.8,18.7,0.0,1.44,true,2,358,,
easy_french_apple_tart_rustic_apple_tart,Easy French Apple Tart / Rustic Apple Tart,2,489.1,11.8,104.3,1.6,6.1,2.67,true,9,419,,
pal_payasam_milk_payasam,Pal Payasam / Milk Payasam,3,456.7,14.8,53.9,22.7,10.3,4.56,true,6,427,,
easy_coconut_burfi_or_thenga_burfi_soft_and_fudgy_burfi,"Easy Coconut Burfi Or Thenga Burfi, Soft And Fudgy Burfi",5,652.0,11.6,19.8,71.9,12.1,2.66,true,5,372,,
palada_pradhaman_payasam,Palada Pradhaman / Payasam,4,584.9,19.0,101.8,16.3,22.7,8.46,true,8,404,,ada
worlds_best_badam_halwa,Worlds Best Badam Halwa,3,454.2,14.2,10.3,124.9,7.4,2.76,true,6,420,,
key_lime_pie_popsicles,Key Lime Pie Popsicles,1,293.6,9.9,26.4,16.4,2.3,0.52,true,5,420,,
eggless_chocolate_pudding,Eggless Chocolate Pudding,3,702.0,16.4,77.6,40.1,1.1,0.49,true,8,447,,
indian_style_pineapple_pudding,Indian Style Pineapple Pudding,3,272.9,9.2,22.3,16.4,0.5,0.44,true,6,335,,
khasi_halwa,Khasi Halwa,3,258.9,16.2,29.7,16.1,13.3,18.8,true,7,456,,
orange_flan,Orange Flan,2,589.2,28.2,99.0,7.8,17.2,8.48,false,5,281,,
brown_butter_nutella_crepes,Brown Butter Nutella Crepes,1,557.9,17.5,68.2,23.2,1.4,1.92,false,7,326,,
cracked_wheat_samba_godhumai_payasam,Cracked Wheat / Samba Godhumai Payasam,3,687.7,9.6,56.5,55.6,12.2,4.88,true,8,173,,
cocoa_brownies_with_walnuts,Cocoa Brownies With Walnuts,2,376.4,19.9,20.5,31.0,1.7,2.3,false,8,355,,
fudge_brownies,Fudge Brownies,2,699.0,23.6,102.0,28.7,1.4,2.18,false,8,475,,
healthy_low_fat_fudge_brownie,Healthy Low Fat Fudge Brownie,1,721.4,36.1,106.9,25.9,2.1,5.31,false,10,480,,
dominique_ansel_banana_bread,Dominique Ansel Banana Bread,4,254.2,10.9,42.4,4.1,2.9,1.78,false,9,355,,
kerala_christmas_cake_xmas_plum_cake,"Kerala Christmas Cake, Xmas Plum Cake",3,404.9,18.7,62.2,8.3,13.6,4.72,false,14,371,,brandy
whole_wheat_plum_cake_christmas_plum_cake_made_with_atta,"Whole Wheat Plum Cake, Christmas Plum Cake Made With Atta",2,721.9,20.3,138.9,8.2,19.3,9.04,false,11,412,,
steamed_eggless_chocolate_cake,Steamed Eggless Chocolate Cake,2,782.6,14.4,100.4,39.4,0.7,0.57,true,9,331,,
baked_vanilla_yogurt_with_orange_glaze_sauce_5_ingredient,Baked Vanilla Yogurt With Orange Glaze Sauce / 5 Ingredient,1,114.2,4.0,9.3,6.8,0.6,0.28,true,4,270,,
rich_plum_cake_indian_fruit_cake,Rich Plum Cake / Indian Fruit Cake,6,853.4,31.6,155.4,9.6,23.5,15.16,false,20,374,,
indian_cardamom_mawa_cakes,Indian Cardamom Mawa Cakes,3,396.2,16.1,60.1,26.6,2.2,2.07,false,12,389,,mava
julia_child_s_classic_french_madeleines,Julia Child'S Classic French Madeleines,1,486.1,23.0,75.8,9.3,2.8,3.51,false,8,472,,
no_bake_blueberry_cheesecake,No Bake Blueberry Cheesecake,1,429.3,4.5,58.2,18.9,0.0,0.01,true,9,328,,biscuit
carlos_bakery,Carlos Bakery,3,881.7,29.5,163.9,9.6,9.0,4.7,false,12,399,,leftover cake crumbs/scrap
american_bakery_style_banana_nut_bread,American Bakery Style Banana Nut Bread,3,447.4,24.1,41.0,55.2,11.8,6.22,false,13,391,,
eggless_1_minute_microwave_chocolate_mug_cake,Eggless 1 Minute Microwave Chocolate Mug Cake,1,202.5,9.5,38.0,32.5,0.7,0.53,true,8,180,,
simple_eggless_vanilla_sponge_cake,Simple Eggless Vanilla Sponge Cake,3,479.7,15.3,70.7,14.7,2.0,1.6,true,8,390,,
